日期,等权净值,当日在持仓位数
2021-08-17,1.000000,
2021-08-18,1.042897,
2021-08-19,1.024160,
2021-08-20,1.028106,
2021-08-23,1.045689,
2021-08-24,1.046080,
2021-08-25,1.055495,
2021-08-26,1.056503,
2021-08-27,1.058618,
2021-08-30,1.064418,
2021-08-31,1.072875,
2021-09-01,1.064543,
2021-09-02,1.082825,
2021-09-03,1.078161,
2021-09-06,1.086233,
2021-09-07,1.100155,
2021-09-08,1.111458,
2021-09-09,1.118432,
2021-09-10,1.106636,
2021-09-13,1.122275,
2021-09-14,1.101574,
2021-09-15,1.113770,
2021-09-16,1.100252,
2021-09-17,1.097400,
2021-09-22,1.110288,
2021-09-23,1.113177,
2021-09-24,1.086227,
2021-09-27,1.056135,
2021-09-28,1.060693,
2021-09-29,1.026050,
2021-09-30,1.042173,
2021-10-08,1.045557,
2021-10-11,1.033508,
2021-10-12,1.021742,
2021-10-13,1.012316,
2021-10-14,1.007539,
2021-10-15,0.993926,
2021-10-18,0.991578,
2021-10-19,0.995347,
2021-10-20,0.993075,
2021-10-21,0.991642,
2021-10-22,0.980988,
2021-10-25,0.988860,
2021-10-26,0.981781,
2021-10-27,0.973862,
2021-10-28,0.963804,
2021-10-29,0.976483,
2021-11-01,0.993318,
2021-11-02,0.990436,
2021-11-03,0.992862,
2021-11-04,1.016425,
2021-11-05,1.010692,
2021-11-08,1.014289,
2021-11-09,1.025751,
2021-11-10,1.035252,
2021-11-11,1.043386,
2021-11-12,1.060995,
2021-11-15,1.067949,
2021-11-16,1.058919,
2021-11-17,1.074689,
2021-11-18,1.061753,
2021-11-19,1.073322,
2021-11-22,1.084709,
2021-11-23,1.090546,
2021-11-24,1.095887,
2021-11-25,1.092835,
2021-11-26,1.090547,
2021-11-29,1.093527,
2021-11-30,1.101026,
2021-12-01,1.109258,
2021-12-02,1.093192,
2021-12-03,1.094662,
2021-12-06,1.076348,
2021-12-07,1.068102,
2021-12-08,1.076586,
2021-12-09,1.078578,
2021-12-10,1.078579,
2021-12-13,1.080441,
2021-12-14,1.082713,
2021-12-15,1.084479,
2021-12-16,1.096508,
2021-12-17,1.092400,
2021-12-20,1.086878,
2021-12-21,1.104108,
2021-12-22,1.102563,
2021-12-23,1.092737,
2021-12-24,1.080178,
2021-12-27,1.086223,
2021-12-28,1.081282,
2021-12-29,1.078960,
2021-12-30,1.091518,
2021-12-31,1.100712,
2022-01-04,1.122551,
2022-01-05,1.110057,
2022-01-06,1.120233,
2022-01-07,1.104728,
2022-01-10,1.115990,
2022-01-11,1.115038,
2022-01-12,1.125173,
2022-01-13,1.120061,
2022-01-14,1.114110,
2022-01-17,1.124781,
2022-01-18,1.100334,
2022-01-19,1.106131,
2022-01-20,1.085071,
2022-01-21,1.071377,
2022-01-24,1.064614,
2022-01-25,1.023928,
2022-01-26,1.019205,
2022-01-27,0.970654,
2022-01-28,0.966393,
2022-02-07,0.987829,
2022-02-08,1.002265,
2022-02-09,1.013113,
2022-02-10,1.028963,
2022-02-11,1.021252,
2022-02-14,1.011895,
2022-02-15,0.997646,
2022-02-16,1.007119,
2022-02-17,0.993275,
2022-02-18,1.002108,
2022-02-21,1.014048,
2022-02-22,1.012732,
2022-02-23,1.020173,
2022-02-24,0.996825,
2022-02-25,0.998021,
2022-02-28,0.994179,
2022-03-01,1.000108,
2022-03-02,1.007156,
2022-03-03,1.010743,
2022-03-04,0.993244,
2022-03-07,0.984363,
2022-03-08,0.953970,
2022-03-09,0.951558,
2022-03-10,0.961020,
2022-03-11,0.958428,
2022-03-14,0.931400,
2022-03-15,0.901979,
2022-03-16,0.918448,
2022-03-17,0.928844,
2022-03-18,0.933030,
2022-03-21,0.957114,
2022-03-22,0.939318,
2022-03-23,0.928239,
2022-03-24,0.923127,
2022-03-25,0.916304,
2022-03-28,0.912720,
2022-03-29,0.908436,
2022-03-30,0.920685,
2022-03-31,0.923146,
2022-04-01,0.920111,
2022-04-06,0.934979,
2022-04-07,0.910583,
2022-04-08,0.911609,
2022-04-11,0.895587,
2022-04-12,0.904639,
2022-04-13,0.886157,
2022-04-14,0.893415,
2022-04-15,0.874627,
2022-04-18,0.871133,
2022-04-19,0.873442,
2022-04-20,0.865479,
2022-04-21,0.837375,
2022-04-22,0.826575,
2022-04-25,0.776454,
2022-04-26,0.760022,
2022-04-27,0.741197,
2022-04-28,0.733326,
2022-04-29,0.745700,
2022-05-05,0.765147,
2022-05-06,0.761328,
2022-05-09,0.771221,
2022-05-10,0.788902,
2022-05-11,0.785039,
2022-05-12,0.784395,
2022-05-13,0.777220,
2022-05-16,0.775493,
2022-05-17,0.768659,
2022-05-18,0.768924,
2022-05-19,0.774267,
2022-05-20,0.778913,
2022-05-23,0.779508,
2022-05-24,0.747689,
2022-05-25,0.759116,
2022-05-26,0.756349,
2022-05-27,0.754834,
2022-05-30,0.759944,
2022-05-31,0.767906,
2022-06-01,0.771764,
2022-06-02,0.783001,
2022-06-06,0.795796,
2022-06-07,0.788222,
2022-06-08,0.786772,
2022-06-09,0.769423,
2022-06-10,0.783136,
2022-06-13,0.787045,
2022-06-14,0.789554,
2022-06-15,0.784592,
2022-06-16,0.788006,
2022-06-17,0.794424,
2022-06-20,0.800986,
2022-06-21,0.794374,
2022-06-22,0.785437,
2022-06-23,0.800526,
2022-06-24,0.809422,
2022-06-27,0.816557,
2022-06-28,0.828707,
2022-06-29,0.804766,
2022-06-30,0.811966,
2022-07-01,0.808463,
2022-07-04,0.812168,
2022-07-05,0.804162,
2022-07-06,0.799137,
2022-07-07,0.802703,
2022-07-08,0.800868,
2022-07-11,0.795503,
2022-07-12,0.782303,
2022-07-13,0.790036,
2022-07-14,0.792928,
2022-07-15,0.781532,
2022-07-18,0.795515,
2022-07-19,0.797710,
2022-07-20,0.803041,
2022-07-21,0.798720,
2022-07-22,0.798760,
2022-07-25,0.787087,
2022-07-26,0.793045,
2022-07-27,0.803461,
2022-07-28,0.810393,
2022-07-29,0.807915,
2022-08-01,0.813475,
2022-08-02,0.786244,
2022-08-03,0.781875,
2022-08-04,0.786007,
2022-08-05,0.790185,
2022-08-08,0.803033,
2022-08-09,0.809243,
2022-08-10,0.816253,
2022-08-11,0.821738,
2022-08-12,0.810462,
2022-08-15,0.815251,
2022-08-16,0.820605,
2022-08-17,0.820910,
2022-08-18,0.828467,
2022-08-19,0.812957,
2022-08-22,0.813377,
2022-08-23,0.819489,
2022-08-24,0.794584,
2022-08-25,0.792054,
2022-08-26,0.784072,
2022-08-29,0.787752,
2022-08-30,0.781006,
2022-08-31,0.761040,
2022-09-01,0.759058,
2022-09-02,0.761369,
2022-09-05,0.764890,
2022-09-06,0.770031,
2022-09-07,0.766531,
2022-09-08,0.761869,
2022-09-09,0.761039,
2022-09-13,0.760783,
2022-09-14,0.757624,
2022-09-15,0.751793,
2022-09-16,0.732520,
2022-09-19,0.726195,
2022-09-20,0.727294,
2022-09-21,0.724229,
2022-09-22,0.719909,
2022-09-23,0.707558,
2022-09-26,0.697610,
2022-09-27,0.704922,
2022-09-28,0.691455,
2022-09-29,0.685379,
2022-09-30,0.673239,
2022-10-10,0.664793,
2022-10-11,0.667224,
2022-10-12,0.678846,
2022-10-13,0.689674,
2022-10-14,0.702349,
2022-10-17,0.716343,
2022-10-18,0.722360,
2022-10-19,0.715781,
2022-10-20,0.711590,
2022-10-21,0.716534,
2022-10-24,0.706282,
2022-10-25,0.697183,
2022-10-26,0.715272,
2022-10-27,0.709964,
2022-10-28,0.689280,
2022-10-31,0.700112,
2022-11-01,0.710786,
2022-11-02,0.715923,
2022-11-03,0.716858,
2022-11-04,0.725684,
2022-11-07,0.727589,
2022-11-08,0.726890,
2022-11-09,0.729760,
2022-11-10,0.728697,
2022-11-11,0.726940,
2022-11-14,0.726987,
2022-11-15,0.738006,
2022-11-16,0.734518,
2022-11-17,0.742078,
2022-11-18,0.736847,
2022-11-21,0.737297,
2022-11-22,0.727373,
2022-11-23,0.719241,
2022-11-24,0.719386,
2022-11-25,0.716795,
2022-11-28,0.715176,
2022-11-29,0.726901,
2022-11-30,0.725344,
2022-12-01,0.725633,
2022-12-02,0.728005,
2022-12-05,0.738500,
2022-12-06,0.733645,
2022-12-07,0.733941,
2022-12-08,0.733395,
2022-12-09,0.732421,
2022-12-12,0.726679,
2022-12-13,0.730708,
2022-12-14,0.728245,
2022-12-15,0.723766,
2022-12-16,0.723218,
2022-12-19,0.706345,
2022-12-20,0.697167,
2022-12-21,0.699915,
2022-12-22,0.695627,
2022-12-23,0.686635,
2022-12-26,0.689192,
2022-12-27,0.691625,
2022-12-28,0.685706,
2022-12-29,0.678733,
2022-12-30,0.686119,
2023-01-03,0.689153,
2023-01-04,0.690354,
2023-01-05,0.689495,
2023-01-06,0.682157,
2023-01-09,0.685192,
2023-01-10,0.686352,
2023-01-11,0.678523,
2023-01-12,0.677995,
2023-01-13,0.679303,
2023-01-16,0.684398,
2023-01-17,0.684091,
2023-01-18,0.684445,
2023-01-19,0.689171,
2023-01-20,0.691242,
2023-01-30,0.697801,
2023-01-31,0.700607,
2023-02-01,0.713572,
2023-02-02,0.714347,
2023-02-03,0.715000,
2023-02-06,0.713987,
2023-02-07,0.720266,
2023-02-08,0.716127,
2023-02-09,0.726530,
2023-02-10,0.724983,
2023-02-13,0.731921,
2023-02-14,0.731982,
2023-02-15,0.735917,
2023-02-16,0.716937,
2023-02-17,0.712942,
2023-02-20,0.720910,
2023-02-21,0.722997,
2023-02-22,0.724377,
2023-02-23,0.720475,
2023-02-24,0.719807,
2023-02-27,0.713948,
2023-02-28,0.719040,
2023-03-01,0.723758,
2023-03-02,0.722661,
2023-03-03,0.721672,
2023-03-06,0.721622,
2023-03-07,0.708857,
2023-03-08,0.713157,
2023-03-09,0.713463,
2023-03-10,0.703233,
2023-03-13,0.708722,
2023-03-14,0.703479,
2023-03-15,0.707104,
2023-03-16,0.701220,
2023-03-17,0.711321,
2023-03-20,0.707134,
2023-03-21,0.711371,
2023-03-22,0.716187,
2023-03-23,0.719426,
2023-03-24,0.720027,
2023-03-27,0.721890,
2023-03-28,0.709974,
2023-03-29,0.709564,
2023-03-30,0.701524,
2023-03-31,0.710812,
2023-04-03,0.727209,
2023-04-04,0.727143,
2023-04-06,0.729548,
2023-04-07,0.735074,
2023-04-10,0.720390,
2023-04-11,0.726059,
2023-04-12,0.736545,
2023-04-13,0.728757,
2023-04-14,0.732727,
2023-04-17,0.726725,
2023-04-18,0.724103,
2023-04-19,0.726136,
2023-04-20,0.729723,
2023-04-21,0.711617,
2023-04-24,0.711423,
2023-04-25,0.703951,
2023-04-26,0.704218,
2023-04-27,0.699541,
2023-04-28,0.711962,
2023-05-04,0.727234,
2023-05-05,0.721086,
2023-05-08,0.725376,
2023-05-09,0.712674,
2023-05-10,0.710800,
2023-05-11,0.712251,
2023-05-12,0.705877,
2023-05-15,0.710465,
2023-05-16,0.701751,
2023-05-17,0.704851,
2023-05-18,0.703277,
2023-05-19,0.698689,
2023-05-22,0.702955,
2023-05-23,0.695018,
2023-05-24,0.696454,
2023-05-25,0.699102,
2023-05-26,0.698962,
2023-05-29,0.695213,
2023-05-30,0.696588,
2023-05-31,0.693044,
2023-06-01,0.691121,
2023-06-02,0.688231,
2023-06-05,0.693829,
2023-06-06,0.678407,
2023-06-07,0.684057,
2023-06-08,0.679385,
2023-06-09,0.683867,
2023-06-12,0.687507,
2023-06-13,0.691308,
2023-06-14,0.691766,
2023-06-15,0.688853,
2023-06-16,0.693177,
2023-06-19,0.698828,
2023-06-20,0.696363,
2023-06-21,0.684856,
2023-06-26,0.670258,
2023-06-27,0.674418,
2023-06-28,0.672208,
2023-06-29,0.679120,
2023-06-30,0.685102,
2023-07-03,0.683674,
2023-07-04,0.689870,
2023-07-05,0.685378,
2023-07-06,0.685510,
2023-07-07,0.681626,
2023-07-10,0.680142,
2023-07-11,0.686172,
2023-07-12,0.681596,
2023-07-13,0.682810,
2023-07-14,0.679120,
2023-07-17,0.676759,
2023-07-18,0.678283,
2023-07-19,0.676665,
2023-07-20,0.669414,
2023-07-21,0.666324,
2023-07-24,0.662581,
2023-07-25,0.671074,
2023-07-26,0.675392,
2023-07-27,0.670452,
2023-07-28,0.678148,
2023-07-31,0.686958,
2023-08-01,0.683766,
2023-08-02,0.681994,
2023-08-03,0.683656,
2023-08-04,0.681368,
2023-08-07,0.675546,
2023-08-08,0.673240,
2023-08-09,0.669854,
2023-08-10,0.671337,
2023-08-11,0.660029,
2023-08-14,0.657386,
2023-08-15,0.656344,
2023-08-16,0.654770,
2023-08-17,0.654598,
2023-08-18,0.640079,
2023-08-21,0.635568,
2023-08-22,0.635564,
2023-08-23,0.629924,
2023-08-24,0.622681,
2023-08-25,0.610538,
2023-08-28,0.619124,
2023-08-29,0.627298,
2023-08-30,0.620226,
2023-08-31,0.613693,
2023-09-01,0.609241,
2023-09-04,0.614386,
2023-09-05,0.610479,
2023-09-06,0.615031,
2023-09-07,0.603708,
2023-09-08,0.608960,
2023-09-11,0.608189,
2023-09-12,0.605879,
2023-09-13,0.599668,
2023-09-14,0.597685,
2023-09-15,0.597692,
2023-09-18,0.596328,
2023-09-19,0.591163,
2023-09-20,0.585955,
2023-09-21,0.583195,
2023-09-22,0.584700,
2023-09-25,0.588426,
2023-09-26,0.585168,
2023-09-27,0.587913,
2023-09-28,0.590654,
2023-10-09,0.592843,
2023-10-10,0.590417,
2023-10-11,0.591722,
2023-10-12,0.594279,
2023-10-13,0.599715,
2023-10-16,0.597103,
2023-10-17,0.592824,
2023-10-18,0.585891,
2023-10-19,0.574932,
2023-10-20,0.566839,
2023-10-23,0.562184,
2023-10-24,0.568650,
2023-10-25,0.579059,
2023-10-26,0.582674,
2023-10-27,0.585493,
2023-10-30,0.590955,
2023-10-31,0.586858,
2023-11-01,0.587830,
2023-11-02,0.580272,
2023-11-03,0.584251,
2023-11-06,0.596905,
2023-11-07,0.603376,
2023-11-08,0.605677,
2023-11-09,0.596207,
2023-11-10,0.595619,
2023-11-13,0.600512,
2023-11-14,0.604802,
2023-11-15,0.606964,
2023-11-16,0.603212,
2023-11-17,0.607866,
2023-11-20,0.613784,
2023-11-21,0.609081,
2023-11-22,0.603305,
2023-11-23,0.606177,
2023-11-24,0.599324,
2023-11-27,0.597033,
2023-11-28,0.600670,
2023-11-29,0.596908,
2023-11-30,0.594752,
2023-12-01,0.595512,
2023-12-04,0.596663,
2023-12-05,0.589525,
2023-12-06,0.591030,
2023-12-07,0.588275,
2023-12-08,0.580234,
2023-12-11,0.584872,
2023-12-12,0.588194,
2023-12-13,0.584745,
2023-12-14,0.582760,
2023-12-15,0.580356,
2023-12-18,0.573529,
2023-12-19,0.572187,
2023-12-20,0.565528,
2023-12-21,0.567862,
2023-12-22,0.556129,
2023-12-25,0.554545,
2023-12-26,0.550911,
2023-12-27,0.549794,
2023-12-28,0.553211,
2023-12-29,0.559516,
2024-01-02,0.558541,
2024-01-03,0.555271,
2024-01-04,0.553279,
2024-01-05,0.542981,
2024-01-08,0.535658,
2024-01-09,0.537945,
2024-01-10,0.533115,
2024-01-11,0.537133,
2024-01-12,0.533044,
2024-01-15,0.534738,
2024-01-16,0.535417,
2024-01-17,0.523710,
2024-01-18,0.521937,
2024-01-19,0.512702,
2024-01-22,0.494055,
2024-01-23,0.492698,
2024-01-24,0.498855,
2024-01-25,0.505674,
2024-01-26,0.503304,
2024-01-29,0.490799,
2024-01-30,0.475350,
2024-01-31,0.464969,
2024-02-01,0.451625,
2024-02-02,0.444650,
2024-02-05,0.437636,
2024-02-06,0.439054,
2024-02-07,0.442770,
2024-02-08,0.438364,
2024-02-19,0.439392,
2024-02-20,0.443425,
2024-02-21,0.443616,
2024-02-22,0.448102,
2024-02-23,0.450246,
2024-02-26,0.445843,
2024-02-27,0.453690,
2024-02-28,0.434960,
2024-02-29,0.447550,
2024-03-01,0.448206,
2024-03-04,0.450592,
2024-03-05,0.447551,
2024-03-06,0.450504,
2024-03-07,0.444817,
2024-03-08,0.450842,
2024-03-11,0.455845,
2024-03-12,0.453484,
2024-03-13,0.453926,
2024-03-14,0.449139,
2024-03-15,0.454186,
2024-03-18,0.463072,
2024-03-19,0.459888,
2024-03-20,0.465110,
2024-03-21,0.465636,
2024-03-22,0.460027,
2024-03-25,0.447830,
2024-03-26,0.447351,
2024-03-27,0.433954,
2024-03-28,0.440581,
2024-03-29,0.444398,
2024-04-01,0.452003,
2024-04-02,0.452061,
2024-04-03,0.449830,
2024-04-08,0.441420,
2024-04-09,0.444486,
2024-04-10,0.439054,
2024-04-11,0.439166,
2024-04-12,0.437686,
2024-04-15,0.426013,
2024-04-16,0.410140,
2024-04-17,0.419213,
2024-04-18,0.418311,
2024-04-19,0.422286,
2024-04-22,0.416022,
2024-04-23,0.408685,
2024-04-24,0.411117,
2024-04-25,0.410352,
2024-04-26,0.410512,
2024-04-29,0.413830,
2024-04-30,0.412743,
2024-05-06,0.422119,
2024-05-07,0.424041,
2024-05-08,0.421109,
2024-05-09,0.425116,
2024-05-10,0.422969,
2024-05-13,0.421345,
2024-05-14,0.422195,
2024-05-15,0.417432,
2024-05-16,0.416268,
2024-05-17,0.420613,
2024-05-20,0.421485,
2024-05-21,0.418593,
2024-05-22,0.419703,
2024-05-23,0.411251,
2024-05-24,0.407304,
2024-05-27,0.407002,
2024-05-28,0.403969,
2024-05-29,0.403869,
2024-05-30,0.397302,
2024-05-31,0.396328,
2024-06-03,0.391776,
2024-06-04,0.388773,
2024-06-05,0.381119,
2024-06-06,0.374056,
2024-06-07,0.373625,
2024-06-11,0.377778,
2024-06-12,0.379935,
2024-06-13,0.380678,
2024-06-14,0.377450,
2024-06-17,0.382876,
2024-06-18,0.386170,
2024-06-19,0.383072,
2024-06-20,0.379566,
2024-06-21,0.376688,
2024-06-24,0.366262,
2024-06-25,0.361217,
2024-06-26,0.365661,
2024-06-27,0.357378,
2024-06-28,0.357980,
2024-07-01,0.359666,
2024-07-02,0.359029,
2024-07-03,0.351009,
2024-07-04,0.344899,
2024-07-05,0.345496,
2024-07-08,0.342134,
2024-07-09,0.346351,
2024-07-10,0.343931,
2024-07-11,0.350653,
2024-07-12,0.346572,
2024-07-15,0.342168,
2024-07-16,0.343381,
2024-07-17,0.336709,
2024-07-18,0.336366,
2024-07-19,0.335658,
2024-07-22,0.335250,
2024-07-23,0.331167,
2024-07-24,0.327467,
2024-07-25,0.328381,
2024-07-26,0.329403,
2024-07-29,0.330772,
2024-07-30,0.331568,
2024-07-31,0.337256,
2024-08-01,0.338977,
2024-08-02,0.335138,
2024-08-05,0.328063,
2024-08-06,0.333580,
2024-08-07,0.331863,
2024-08-08,0.331172,
2024-08-09,0.326981,
2024-08-12,0.324382,
2024-08-13,0.325140,
2024-08-14,0.324255,
2024-08-15,0.326512,
2024-08-16,0.325181,
2024-08-19,0.322851,
2024-08-20,0.318636,
2024-08-21,0.316686,
2024-08-22,0.311131,
2024-08-23,0.309893,
2024-08-26,0.310876,
2024-08-27,0.305077,
2024-08-28,0.304177,
2024-08-29,0.305889,
2024-08-30,0.310910,
2024-09-02,0.308261,
2024-09-03,0.311476,
2024-09-04,0.308743,
2024-09-05,0.309534,
2024-09-06,0.303437,
2024-09-09,0.302004,
2024-09-10,0.302164,
2024-09-11,0.300584,
2024-09-12,0.300087,
2024-09-13,0.296840,
2024-09-18,0.295459,
2024-09-19,0.299659,
2024-09-20,0.300452,
2024-09-23,0.300867,
2024-09-24,0.308513,
2024-09-25,0.310939,
2024-09-26,0.322089,
2024-09-27,0.336438,
2024-09-30,0.368936,
2024-10-08,0.380853,
2024-10-09,0.345810,
2024-10-10,0.346384,
2024-10-11,0.333077,
2024-10-14,0.343135,
2024-10-15,0.337930,
2024-10-16,0.339835,
2024-10-17,0.337708,
2024-10-18,0.348175,
2024-10-21,0.354510,
2024-10-22,0.358466,
2024-10-23,0.359730,
2024-10-24,0.358624,
2024-10-25,0.367182,
2024-10-28,0.377524,
2024-10-29,0.370026,
2024-10-30,0.371276,
2024-10-31,0.377499,
2024-11-01,0.364167,
2024-11-04,0.367192,
2024-11-05,0.378276,
2024-11-06,0.381673,
2024-11-07,0.389797,
2024-11-08,0.389487,
2024-11-11,0.396362,
2024-11-12,0.391253,
2024-11-13,0.390505,
2024-11-14,0.379469,
2024-11-15,0.373250,
2024-11-18,0.366669,
2024-11-19,0.370405,
2024-11-20,0.380200,
2024-11-21,0.380376,
2024-11-22,0.368670,
2024-11-25,0.373001,
2024-11-26,0.363880,
2024-11-27,0.367590,
2024-11-28,0.368732,
2024-11-29,0.372931,
2024-12-02,0.379842,
2024-12-03,0.379138,
2024-12-04,0.373319,
2024-12-05,0.377561,
2024-12-06,0.378747,
2024-12-09,0.378669,
2024-12-10,0.381558,
2024-12-11,0.387716,
2024-12-12,0.391352,
2024-12-13,0.386305,
2024-12-16,0.384470,
2024-12-17,0.367831,
2024-12-18,0.369273,
2024-12-19,0.366655,
2024-12-20,0.368707,
2024-12-23,0.354415,
2024-12-24,0.357022,
2024-12-25,0.351349,
2024-12-26,0.358882,
2024-12-27,0.355538,
2024-12-30,0.353661,
2024-12-31,0.343332,
2025-01-02,0.337776,
2025-01-03,0.330695,
2025-01-06,0.327124,
2025-01-07,0.332082,
2025-01-08,0.332999,
2025-01-09,0.329462,
2025-01-10,0.317119,
2025-01-13,0.309209,
2025-01-14,0.319639,
2025-01-15,0.315302,
2025-01-16,0.316197,
2025-01-17,0.315386,
2025-01-20,0.317444,
2025-01-21,0.319947,
2025-01-22,0.316532,
2025-01-23,0.312436,
2025-01-24,0.316613,
2025-01-27,0.311093,
2025-02-05,0.311537,
2025-02-06,0.319213,
2025-02-07,0.322841,
2025-02-10,0.329400,
2025-02-11,0.328145,
2025-02-12,0.332709,
2025-02-13,0.328923,
2025-02-14,0.332333,
2025-02-17,0.335922,
2025-02-18,0.326739,
2025-02-19,0.334742,
2025-02-20,0.337618,
2025-02-21,0.342554,
2025-02-24,0.342541,
2025-02-25,0.341937,
2025-02-26,0.347112,
2025-02-27,0.345645,
2025-02-28,0.332615,
2025-03-03,0.333652,
2025-03-04,0.336532,
2025-03-05,0.338272,
2025-03-06,0.344011,
2025-03-07,0.342990,
2025-03-10,0.344325,
2025-03-11,0.346314,
2025-03-12,0.347301,
2025-03-13,0.343535,
2025-03-14,0.346339,
2025-03-17,0.347499,
2025-03-18,0.349036,
2025-03-19,0.347974,
2025-03-20,0.348134,
2025-03-21,0.343862,
2025-03-24,0.339480,
2025-03-25,0.338691,
2025-03-26,0.340573,
2025-03-27,0.337026,
2025-03-28,0.331931,
2025-03-31,0.327990,
2025-04-01,0.332135,
2025-04-02,0.331548,
2025-04-03,0.330863,
2025-04-07,0.302128,
2025-04-08,0.305587,
2025-04-09,0.304836,
2025-04-10,0.311169,
2025-04-11,0.304441,
2025-04-14,0.309618,
2025-04-15,0.307196,
2025-04-16,0.305016,
2025-04-17,0.305809,
2025-04-18,0.298979,
2025-04-21,0.302660,
2025-04-22,0.305515,
2025-04-23,0.299309,
2025-04-24,0.300785,
2025-04-25,0.298005,
2025-04-28,0.292615,
2025-04-29,0.292392,
2025-04-30,0.290475,
2025-05-06,0.296834,
2025-05-07,0.298788,
2025-05-08,0.301636,
2025-05-09,0.298510,
2025-05-12,0.303687,
2025-05-13,0.302287,
2025-05-14,0.302421,
2025-05-15,0.299174,
2025-05-16,0.300939,
2025-05-19,0.303253,
2025-05-20,0.305384,
2025-05-21,0.303861,
2025-05-22,0.300600,
2025-05-23,0.297892,
2025-05-26,0.299898,
2025-05-27,0.302018,
2025-05-28,0.301381,
2025-05-29,0.304579,
2025-05-30,0.300254,
2025-06-03,0.303151,
2025-06-04,0.305847,
2025-06-05,0.304557,
2025-06-06,0.304398,
2025-06-09,0.309132,
2025-06-10,0.307805,
2025-06-11,0.308862,
2025-06-12,0.310837,
2025-06-13,0.305158,
2025-06-16,0.307604,
2025-06-17,0.306588,
2025-06-18,0.305120,
2025-06-19,0.300529,
2025-06-20,0.298126,
2025-06-23,0.302675,
2025-06-24,0.304599,
2025-06-25,0.307117,
2025-06-26,0.307307,
2025-06-27,0.308266,
2025-06-30,0.312856,
2025-07-01,0.312980,
2025-07-02,0.310013,
2025-07-03,0.311943,
2025-07-04,0.308935,
2025-07-07,0.310459,
2025-07-08,0.314642,
2025-07-09,0.314238,
2025-07-10,0.314472,
2025-07-11,0.314927,
2025-07-14,0.316149,
2025-07-15,0.313906,
2025-07-16,0.314191,
2025-07-17,0.317064,
2025-07-18,0.317923,
2025-07-21,0.321860,
2025-07-22,0.323378,
2025-07-23,0.320841,
2025-07-24,0.324828,
2025-07-25,0.324930,
2025-07-28,0.326058,
2025-07-29,0.327484,
2025-07-30,0.325908,
2025-07-31,0.322774,
2025-08-01,0.323604,
2025-08-04,0.327565,
2025-08-05,0.329551,
2025-08-06,0.332032,
2025-08-07,0.332135,
2025-08-08,0.331848,
2025-08-11,0.336918,
2025-08-12,0.336838,
2025-08-13,0.339279,
2025-08-14,0.332668,
2025-08-15,0.339127,
2025-08-18,0.344912,
2025-08-19,0.346048,
2025-08-20,0.348501,
2025-08-21,0.346038,
2025-08-22,0.349277,
2025-08-25,0.353035,
2025-08-26,0.353676,
2025-08-27,0.346056,
2025-08-28,0.349423,
2025-08-29,0.348223,
2025-09-01,0.351724,
2025-09-02,0.343866,
2025-09-03,0.339687,
2025-09-04,0.334363,
2025-09-05,0.342683,
2025-09-08,0.346316,
2025-09-09,0.344496,
2025-09-10,0.344381,
2025-09-11,0.348008,
2025-09-12,0.347967,
2025-09-15,0.348538,
2025-09-16,0.351082,
2025-09-17,0.351908,
2025-09-18,0.347168,
2025-09-19,0.344358,
2025-09-22,0.346327,
2025-09-23,0.344601,
2025-09-24,0.348579,
2025-09-25,0.346753,
2025-09-26,0.342872,
2025-09-29,0.346696,
2025-09-30,0.348770,
2025-10-09,0.352540,
2025-10-10,0.349420,
2025-10-13,0.350258,
2025-10-14,0.345513,
2025-10-15,0.348245,
2025-10-16,0.344988,
2025-10-17,0.336727,
2025-10-20,0.340385,
2025-10-21,0.344661,
2025-10-22,0.342177,
2025-10-23,0.342562,
2025-10-24,0.342051,
2025-10-27,0.344594,
2025-10-28,0.345183,
2025-10-29,0.345990,
2025-10-30,0.343185,
2025-10-31,0.344213,
2025-11-03,0.347988,
2025-11-04,0.347147,
2025-11-05,0.350502,
2025-11-06,0.350906,
2025-11-07,0.351588,
2025-11-10,0.354443,
2025-11-11,0.356111,
2025-11-12,0.355173,
2025-11-13,0.359771,
2025-11-14,0.358906,
2025-11-17,0.360211,
2025-11-18,0.354712,
2025-11-19,0.351170,
2025-11-20,0.348665,
2025-11-21,0.336872,
2025-11-24,0.340020,
2025-11-25,0.344192,
2025-11-26,0.341088,
2025-11-27,0.339575,
2025-11-28,0.341753,
2025-12-01,0.342837,
2025-12-02,0.343210,
2025-12-03,0.339285,
2025-12-04,0.335735,
2025-12-05,0.339220,
2025-12-08,0.344503,
2025-12-09,0.342521,
2025-12-10,0.344009,
2025-12-11,0.337617,
2025-12-12,0.339440,
2025-12-15,0.337598,
2025-12-16,0.331382,
2025-12-17,0.332540,
2025-12-18,0.332447,
2025-12-19,0.336169,
2025-12-22,0.338201,
2025-12-23,0.335780,
2025-12-24,0.340430,
2025-12-25,0.344270,
2025-12-26,0.345092,
2025-12-29,0.344928,
2025-12-30,0.343935,
2025-12-31,0.345108,
2026-01-05,0.349290,
2026-01-06,0.354028,
2026-01-07,0.355335,
2026-01-08,0.359135,
2026-01-09,0.365058,
2026-01-12,0.374856,
2026-01-13,0.368454,
2026-01-14,0.371881,
2026-01-15,0.368798,
2026-01-16,0.367837,
2026-01-19,0.370294,
2026-01-20,0.368558,
2026-01-21,0.371561,
2026-01-22,0.373946,
2026-01-23,0.379514,
2026-01-26,0.375756,
2026-01-27,0.375736,
2026-01-28,0.374655,
2026-01-29,0.371910,
2026-01-30,0.370035,
2026-02-02,0.359330,
2026-02-03,0.366673,
2026-02-04,0.368165,
2026-02-05,0.363647,
2026-02-06,0.364205,
2026-02-09,0.370358,
2026-02-10,0.369806,
2026-02-11,0.369125,
2026-02-12,0.368290,
2026-02-13,0.363949,
2026-02-24,0.368940,
2026-02-25,0.371901,
2026-02-26,0.376145,
2026-02-27,0.379416,
2026-03-02,0.376386,
2026-03-03,0.366388,
2026-03-04,0.364445,
2026-03-05,0.366290,
2026-03-06,0.369430,
2026-03-09,0.369285,
2026-03-10,0.372749,
2026-03-11,0.375544,
2026-03-12,0.375061,
2026-03-13,0.370212,
2026-03-16,0.368508,
2026-03-17,0.361274,
2026-03-18,0.363178,
2026-03-19,0.358692,
2026-03-20,0.354596,
2026-03-23,0.345341,
2026-03-24,0.353713,
2026-03-25,0.359410,
2026-03-26,0.355875,
2026-03-27,0.357429,
2026-03-30,0.353983,
2026-03-31,0.346310,
2026-04-01,0.348938,
2026-04-02,0.346121,
2026-04-03,0.339845,
2026-04-07,0.341153,
2026-04-08,0.347097,
2026-04-09,0.347384,
2026-04-10,0.347068,
2026-04-13,0.349059,
2026-04-14,0.352700,
2026-04-15,0.352457,
2026-04-16,0.358174,
2026-04-17,0.361459,
2026-04-20,0.363539,
2026-04-21,0.363401,
2026-04-22,0.367134,
2026-04-23,0.362433,
2026-04-24,0.360701,
2026-04-27,0.363729,
2026-04-28,0.360796,
2026-04-29,0.363921,
2026-04-30,0.366187,
2026-05-06,0.372584,
2026-05-07,0.378042,
2026-05-08,0.381527,
2026-05-11,0.387203,
2026-05-12,0.384361,
2026-05-13,0.389304,
2026-05-14,0.384094,
2026-05-15,0.383316,
2026-05-18,0.384760,
2026-05-19,0.389014,
2026-05-20,0.388925,
2026-05-21,0.377526,
2026-05-22,0.385886,
2026-05-25,0.389802,
2026-05-26,0.385030,
2026-05-27,0.378744,
2026-05-28,0.381936,
2026-05-29,0.368309,
2026-06-01,0.365158,
2026-06-02,0.367790,
2026-06-03,0.369500,
2026-06-04,0.369533,
2026-06-05,0.365307,
2026-06-08,0.354614,
2026-06-09,0.361115,
2026-06-10,0.356342,
2026-06-11,0.351505,
2026-06-12,0.348938,
2026-06-15,0.357715,
2026-06-16,0.364336,
2026-06-17,0.367627,
2026-06-18,0.370739,
2026-06-22,0.377184,
2026-06-23,0.370633,
2026-06-24,0.374062,
2026-06-25,0.376452,
2026-06-26,0.369455,
2026-06-29,0.368310,
2026-06-30,0.376918,
2026-07-01,0.383251,
2026-07-02,0.374296,
2026-07-03,0.371544,
2026-07-06,0.366790,
2026-07-07,0.357387,
2026-07-08,0.350864,
2026-07-09,0.354012,
2026-07-10,0.353539,
2026-07-13,0.341053,
2026-07-14,0.341402,
2026-07-15,0.343734,
2026-07-16,0.343160,
2026-07-17,0.327787,
2026-07-20,0.328688,
2026-07-21,0.324588,
2026-07-22,0.326688,
2026-07-23,0.326829,
2026-07-24,0.315819,
2026-07-27,0.320994,
2026-07-28,0.319755,
2026-07-29,0.322560,
2026-07-30,0.322437,
2026-07-31,0.326004,
2026-08-03,0.327503,
2026-08-04,0.328279,
2026-08-05,0.329358,
2026-08-06,0.327632,
2026-08-07,0.326842,
2026-08-10,0.332183,
2026-08-11,0.330301,
2026-08-12,0.333152,
2026-08-13,0.329410,
2026-08-14,0.327643,
2026-08-17,0.330759,
