序号,代码,名称,买入日,买入价,卖出日,卖出价,股数,净收益率,盈亏(元),持有交易日,卖出原因
1,002882,金龙羽,2021-08-18,11.606,2021-08-20,12.334,43000,6.1668%,30790.59,2,信号
2,600361,创新新材,2021-08-18,6.411,2021-08-20,5.555,77900,-13.4380%,-67147.17,2,信号
3,002599,盛通股份,2021-08-19,7.294,2021-08-25,8.026,68500,9.9308%,49640.59,4,信号
4,002941,新疆交建,2021-08-19,13.187,2021-08-23,11.584,37900,-12.2394%,-61199.80,2,信号
5,002986,宇新股份,2021-08-19,21.351,2021-08-23,23.481,23400,9.8691%,49331.12,2,信号
6,003039,顺控发展,2021-08-19,39.168,2021-08-23,33.101,12700,-15.5721%,-77498.80,2,信号
7,002300,太阳电缆,2021-08-20,6.136,2021-08-24,6.003,81400,-2.2664%,-11325.92,2,信号
8,605399,晨光新材,2021-08-20,20.331,2021-08-24,20.784,24500,2.1232%,10581.19,2,信号
9,002939,长城证券,2021-08-23,12.725,2021-08-25,11.363,39200,-10.7926%,-53864.26,2,信号
10,600773,西藏城投,2021-08-23,28.36,2021-08-25,28.972,17600,2.0535%,10254.96,2,信号
11,002369,卓翼科技,2021-08-24,9.575,2021-08-26,7.306,52200,-23.7681%,-118853.17,2,信号
12,300809,华辰装备,2021-08-25,26.642,2021-08-27,29.42,18700,10.3165%,51423.82,2,信号
13,601882,海天精工,2021-08-25,30.139,2021-08-27,29.959,16500,-0.6967%,-3466.62,2,信号
14,002248,华东数控,2021-08-26,10.225,2021-08-30,11.294,48800,10.3466%,51653.84,2,信号
15,002897,意华股份,2021-08-26,36.568,2021-08-31,43.238,13600,18.1219%,90170.61,3,信号
16,003038,鑫铂股份,2021-08-26,32.021,2021-08-30,33.061,15600,3.1461%,15723.51,2,信号
17,600641,先导基电,2021-08-26,27.667,2021-08-30,25.99,18000,-6.1547%,-30665.82,2,信号
18,600961,株冶集团,2021-08-26,12.616,2021-08-30,14.103,39600,11.6718%,58341.90,2,信号
19,002256,兆新股份,2021-08-31,6.383,2021-09-02,6.097,78300,-4.5797%,-22901.19,2,信号
20,002599,盛通股份,2021-08-31,10.845,2021-09-02,9.075,46100,-16.4035%,-82054.33,2,信号
21,600243,ST海华,2021-08-31,6.003,2021-09-03,7.096,83200,18.0969%,90430.10,3,信号
22,603505,金石资源,2021-08-31,15.342,2021-09-02,15.678,32500,2.0912%,10431.85,2,信号
23,000815,美利云,2021-09-01,7.944,2021-09-03,8.006,62900,0.6801%,3399.75,2,信号
24,002895,川恒股份,2021-09-01,30.836,2021-09-03,31.685,16200,2.6497%,13243.15,2,信号
25,600096,云天化,2021-09-01,19.555,2021-09-06,19.655,25500,0.4129%,2060.15,3,信号
26,000540,ST中天,2021-09-03,3.272,2021-09-07,3.178,152800,-2.9466%,-14737.56,2,信号
27,002350,北京科锐,2021-09-03,9.595,2021-09-07,8.256,52100,-14.0407%,-70223.00,2,信号
28,002774,快意电梯,2021-09-03,10.975,2021-09-07,7.856,45500,-28.4932%,-142361.80,2,信号
29,000791,甘肃能源,2021-09-07,5.233,2021-09-09,5.407,95500,3.2350%,16173.88,2,信号
30,600163,中闽能源,2021-09-07,7.801,2021-09-10,8.113,64000,3.8961%,19461.51,3,信号
31,600863,华能蒙电,2021-09-07,2.412,2021-09-10,2.6,207200,7.6650%,38329.52,3,信号
32,603507,振江股份,2021-09-07,21.655,2021-09-09,18.659,23000,-13.9221%,-69375.19,2,信号
33,600688,上海石化,2021-09-08,4.442,2021-09-10,4.418,112500,-0.6494%,-3246.75,2,信号
34,000681,视觉中国,2021-09-09,16.204,2021-09-13,14.919,30800,-8.0256%,-40074.57,2,信号
35,000852,石化机械,2021-09-09,7.704,2021-09-13,7.296,64900,-5.3842%,-26933.51,2,信号
36,600618,氯碱化工,2021-09-09,14.517,2021-09-14,16.582,34400,14.1065%,70482.18,3,信号
37,600725,云维股份,2021-09-09,4.932,2021-09-13,4.628,101300,-6.2728%,-31358.44,2,信号
38,603897,长城科技,2021-09-09,42.841,2021-09-13,43.338,11600,1.0588%,5264.31,2,信号
39,600367,红星发展,2021-09-10,21.951,2021-09-14,21.989,22700,0.0731%,364.56,2,信号
40,600683,京投发展,2021-09-10,6.963,2021-09-14,6.857,71800,-1.6337%,-8172.28,2,信号
41,600740,山西焦化,2021-09-10,10.84,2021-09-14,10.75,46100,-0.9367%,-4683.30,2,信号
42,000816,智慧农业,2021-09-13,4.422,2021-09-15,4.278,113000,-3.3609%,-16803.10,2,信号
43,002748,世龙实业,2021-09-13,12.081,2021-09-15,11.769,41300,-2.6793%,-13375.01,2,信号
44,603351,威尔药业,2021-09-13,25.273,2021-09-15,25.157,19700,-0.5554%,-2766.47,2,信号
45,000937,冀中能源,2021-09-15,5.085,2021-09-22,5.188,98300,1.9407%,9704.87,3,信号
46,002529,海源复材,2021-09-15,22.621,2021-09-17,19.79,22100,-12.6031%,-63038.28,2,信号
47,002667,ST威领,2021-09-15,36.028,2021-09-17,33.973,13800,-5.7981%,-28842.01,2,信号
48,001896,豫能控股,2021-09-16,10.215,2021-09-23,10.415,48900,1.8529%,9260.20,3,信号
49,002487,大金重工,2021-09-16,18.524,2021-09-23,21.904,26900,18.1270%,90372.46,3,信号
50,002539,云图控股,2021-09-16,21.373,2021-09-22,21.041,23300,-1.6481%,-8211.25,2,信号
51,300437,清水源,2021-09-16,24.412,2021-09-30,19.07,20400,-21.9595%,-109415.02,3,信号
52,000537,绿发电力,2021-09-17,11.261,2021-09-28,13.658,44400,21.1701%,105897.58,5,信号
53,600470,六国化工,2021-09-22,10.605,2021-09-24,9.815,47100,-7.5436%,-37699.79,2,信号
54,603948,建业股份,2021-09-22,28.344,2021-09-24,29.045,17600,2.3718%,11837.94,2,信号
55,603985,恒润股份,2021-09-22,27.529,2021-09-24,30.57,18100,10.9355%,54515.40,2,信号
56,000731,四川美丰,2021-09-23,13.177,2021-09-27,11.374,37900,-13.7641%,-68771.46,2,信号
57,000912,泸天化,2021-09-23,8.654,2021-09-27,7.396,57700,-14.6218%,-73051.10,2,信号
58,002165,红宝丽,2021-09-23,9.735,2021-09-27,8.696,51300,-10.7645%,-53784.47,2,信号
59,300402,宝色股份,2021-09-23,33.977,2021-09-27,35.822,14700,5.3251%,26609.95,2,信号
60,002153,石基信息,2021-09-24,12.905,2021-09-28,14.853,38700,14.9726%,74816.45,2,信号
61,600021,上海电力,2021-09-24,11.861,2021-09-28,11.109,42100,-6.4294%,-32121.04,2,信号
62,600163,中闽能源,2021-09-24,9.922,2021-09-28,8.523,50300,-14.1881%,-70844.75,2,信号
63,600821,金开新能,2021-09-24,8.835,2021-09-28,8.227,56500,-6.9805%,-34864.01,2,信号
64,600863,华能蒙电,2021-09-24,3.643,2021-09-28,2.84,137200,-22.1279%,-110649.36,2,信号
65,600032,浙江新能,2021-09-27,19.391,2021-09-29,15.973,25700,-17.7077%,-88288.83,2,信号
66,600170,上海建工,2021-09-27,3.732,2021-09-30,3.648,133900,-2.3403%,-11700.18,3,信号
67,600548,深高速,2021-09-27,9.535,2021-09-30,9.185,52400,-3.7604%,-18796.93,3,信号
68,000880,潍柴重机,2021-09-29,6.799,2021-10-08,6.479,73500,-4.8109%,-24054.94,2,信号
69,000993,闽东电力,2021-09-29,14.627,2021-10-11,18.011,34100,23.0095%,114827.00,3,信号
70,600268,国电南自,2021-10-11,7.652,2021-10-13,5.874,65300,-23.3099%,-116529.51,2,信号
71,000695,滨海能源,2021-10-12,13.027,2021-10-14,10.775,38300,-17.3697%,-86703.56,2,信号
72,000586,汇源通信,2021-10-13,9.405,2021-10-15,9.925,53100,5.4272%,27116.58,2,信号
73,002612,朗姿股份,2021-10-13,33.897,2021-10-15,34.743,14700,2.3924%,11927.00,2,信号
74,603619,中曼石油,2021-10-13,14.334,2021-10-15,13.22,34800,-7.8623%,-39238.89,2,信号
75,605162,新中港,2021-10-13,16.998,2021-10-15,12.734,29400,-25.1645%,-125824.09,2,信号
76,600661,昂立教育,2021-10-18,13.267,2021-10-20,12.834,37600,-3.3609%,-16773.36,2,信号
77,600071,凤凰光学,2021-10-20,39.95,2021-10-25,42.779,12500,6.9734%,34840.88,3,信号
78,600382,广东明珠,2021-10-20,2.507,2021-10-22,2.725,199400,8.5616%,42824.75,2,信号
79,002922,伊戈尔,2021-10-21,23.511,2021-10-25,24.227,21200,2.9430%,14675.96,2,信号
80,600277,ST亿利,2021-10-21,4.589,2021-10-25,4.935,108900,7.4152%,37077.85,2,信号
81,603045,福达合金,2021-10-25,23.218,2021-10-27,18.677,21500,-19.6386%,-98080.70,2,信号
82,000416,ST民控,2021-10-26,4.972,2021-10-28,4.168,100500,-16.2642%,-81318.59,2,信号
83,603922,ST金鸿顺,2021-10-27,24.212,2021-10-29,21.503,20600,-11.2768%,-56273.32,2,信号
84,605286,同力天启,2021-10-27,25.823,2021-10-29,27.506,19300,6.4123%,31973.74,2,信号
85,600995,南网储能,2021-10-29,20.252,2021-11-02,17.933,24600,-11.5396%,-57519.34,2,信号
86,603683,晶华新材,2021-10-29,12.428,2021-11-02,12.449,40200,0.0653%,326.54,2,信号
87,002487,大金重工,2021-11-01,38.534,2021-11-03,39.905,12900,3.4538%,17177.13,2,信号
88,002805,丰元股份,2021-11-02,30.636,2021-11-04,27.486,16300,-10.3718%,-51819.69,2,信号
89,002815,崇达技术,2021-11-02,14.857,2021-11-04,14.813,33600,-0.4014%,-2004.91,2,信号
90,600556,天下秀,2021-11-02,11.827,2021-11-08,13.044,42200,10.1846%,50856.41,4,信号
91,601218,吉鑫科技,2021-11-03,6.506,2021-11-08,7.629,76800,17.1421%,85698.38,3,信号
92,003043,华亚智能,2021-11-04,48.924,2021-11-08,53.83,10200,9.9170%,49513.29,2,信号
93,002870,香山股份,2021-11-05,39.045,2021-11-09,42.304,12800,8.2394%,41198.73,2,信号
94,002751,易尚退,2021-11-08,24.012,2021-11-10,23.448,20800,-2.4453%,-12219.17,2,信号
95,300264,佳创视讯,2021-11-08,9.505,2021-11-10,10.225,52600,7.4691%,37360.21,2,信号
96,002045,国光电器,2021-11-09,14.582,2021-11-11,14.198,34200,-2.7333%,-13638.28,2,信号
97,002879,长缆科技,2021-11-09,21.486,2021-11-11,19.935,23200,-7.3101%,-36456.95,2,信号
98,002885,京泉华,2021-11-09,14.929,2021-11-11,14.322,33400,-4.1659%,-20783.19,2,信号
99,688533,上声电子,2021-11-09,31.706,2021-11-11,32.574,15700,2.6345%,13120.81,2,信号
100,603386,骏亚科技,2021-11-10,17.066,2021-11-12,17.884,29200,4.6916%,23390.67,2,信号
101,605333,沪光股份,2021-11-10,16.228,2021-11-17,22.499,30800,38.5020%,192539.16,5,信号
102,000546,金圆股份,2021-11-11,12.816,2021-11-15,14.073,39000,9.6945%,48481.30,2,信号
103,603088,宁波精达,2021-11-11,9.828,2021-11-15,9.461,50800,-3.8269%,-19115.49,2,信号
104,603192,汇得科技,2021-11-11,29.572,2021-11-15,32.571,16900,10.0311%,50156.78,2,信号
105,002096,易普力,2021-11-12,19.259,2021-11-16,15.591,25900,-19.1239%,-95437.59,2,信号
106,002395,双象股份,2021-11-12,12.116,2021-11-16,11.194,41200,-7.6992%,-38452.38,2,信号
107,002047,宝鹰股份,2021-11-16,3.802,2021-11-18,3.858,131500,1.3760%,6882.71,2,信号
108,002309,中利集团,2021-11-16,8.704,2021-11-19,7.736,57400,-11.2122%,-56047.67,3,信号
109,603286,日盈电子,2021-11-17,20.51,2021-11-19,20.73,24300,0.9686%,4829.87,2,信号
110,605133,嵘泰股份,2021-11-17,20.417,2021-11-19,20.535,24400,0.4751%,2367.97,2,信号
111,002011,盾安环境,2021-11-18,10.265,2021-11-22,9.545,48700,-7.1061%,-35541.76,2,信号
112,002432,九安医疗,2021-11-18,4.945,2021-11-29,11.377,101100,129.8251%,649433.60,7,信号
113,002728,特一药业,2021-11-18,7.199,2021-11-22,5.973,69400,-17.1083%,-85512.69,2,信号
114,002943,宇晶股份,2021-11-18,15.127,2021-11-22,16.639,33000,9.8865%,49375.73,2,信号
115,002418,康盛股份,2021-11-23,4.782,2021-11-25,4.498,104500,-6.0458%,-30229.77,2,信号
116,600860,京城股份,2021-11-24,8.564,2021-11-26,8.716,58300,1.6656%,8320.58,2,信号
117,603895,天永智能,2021-11-24,27.624,2021-11-26,22.969,18100,-16.9356%,-84718.70,2,信号
118,000795,英洛华,2021-11-26,7.724,2021-12-01,9.385,64700,21.3891%,106942.01,3,信号
119,000812,陕西金叶,2021-11-26,4.554,2021-12-01,5.439,109700,19.3130%,96536.68,3,信号
120,000838,ST发展,2021-11-29,4.802,2021-12-02,4.698,104100,-2.2790%,-11398.95,3,信号
121,600318,新力金融,2021-11-30,13.377,2021-12-02,13.013,37300,-2.8124%,-14039.35,2,信号
122,600351,亚宝药业,2021-11-30,7.003,2021-12-02,6.807,71300,-2.9087%,-14531.66,2,信号
123,605116,奥锐特,2021-11-30,20.073,2021-12-02,17.354,24900,-13.6305%,-68161.92,2,信号
124,002243,力合科创,2021-12-02,13.927,2021-12-06,12.044,35900,-13.6069%,-68065.34,2,信号
125,002432,九安医疗,2021-12-02,16.691,2021-12-06,14.956,29900,-10.4891%,-52374.23,2,信号
126,300165,天瑞仪器,2021-12-02,8.054,2021-12-06,6.767,62000,-16.0687%,-80278.86,2,信号
127,002374,中锐股份,2021-12-03,4.752,2021-12-07,4.148,105200,-12.8061%,-64056.30,2,信号
128,002584,西陇科学,2021-12-03,8.901,2021-12-07,7.773,56100,-12.7632%,-63767.43,2,信号
129,002803,吉宏股份,2021-12-03,23.391,2021-12-07,17.88,21300,-23.6355%,-117816.04,2,信号
130,600421,退市华嵘,2021-12-03,11.586,2021-12-07,9.715,43100,-16.2299%,-81084.05,2,信号
131,600847,万里股份,2021-12-03,15.808,2021-12-08,16.502,31600,4.2849%,21415.01,3,信号
132,600860,京城股份,2021-12-06,12.906,2021-12-13,17.161,38700,32.8348%,164085.33,5,信号
133,600807,济高发展,2021-12-07,4.702,2021-12-09,4.218,106300,-10.3922%,-51972.21,2,信号
134,002725,跃岭股份,2021-12-09,9.732,2021-12-16,12.781,51300,31.1962%,155823.07,5,信号
135,600698,湖南天雁,2021-12-10,5.023,2021-12-16,5.777,99500,14.9094%,74545.42,4,信号
136,603335,迪生力,2021-12-10,7.46,2021-12-14,7.622,67000,2.0757%,10379.51,2,信号
137,002101,广东鸿图,2021-12-13,11.401,2021-12-15,9.65,43800,-15.4391%,-77134.01,2,信号
138,002699,ST美盛,2021-12-13,5.903,2021-12-16,6.617,84700,11.9792%,59923.57,3,信号
139,002945,华林证券,2021-12-13,15.561,2021-12-15,13.206,32100,-15.2151%,-76037.41,2,信号
140,000892,欢瑞世纪,2021-12-14,4.502,2021-12-16,4.268,111000,-5.3007%,-26503.48,2,信号
141,002232,启明信息,2021-12-14,28.57,2021-12-16,27.052,17500,-5.4072%,-27048.39,2,信号
142,300860,锋尚文化,2021-12-14,63.69,2021-12-16,59.863,7800,-6.1024%,-30330.71,2,信号
143,601798,蓝科高新,2021-12-14,8.554,2021-12-22,11.574,58400,35.1680%,175776.45,6,信号
144,000838,ST发展,2021-12-15,6.293,2021-12-17,6.977,79400,10.7481%,53732.38,2,信号
145,002374,中锐股份,2021-12-15,6.353,2021-12-22,7.496,78700,17.8743%,89415.03,5,信号
146,002590,万安科技,2021-12-15,10.695,2021-12-17,9.775,46700,-8.6954%,-43452.96,2,信号
147,002691,ST冀凯,2021-12-15,5.888,2021-12-17,5.392,84900,-8.5094%,-42558.68,2,信号
148,601068,中铝国际,2021-12-15,5.753,2021-12-22,6.997,86900,21.4959%,107517.05,5,信号
149,605289,罗曼股份,2021-12-15,20.601,2021-12-17,19.673,24200,-4.6007%,-22948.24,2,信号
150,000812,陕西金叶,2021-12-16,10.207,2021-12-22,10.947,48900,7.1370%,35640.58,4,信号
151,002432,九安医疗,2021-12-16,22.594,2021-12-24,29.468,22100,30.2931%,151339.38,6,信号
152,002682,龙洲股份,2021-12-16,5.513,2021-12-24,8.276,90600,49.9720%,249712.69,6,信号
153,300612,宣亚国际,2021-12-16,24.612,2021-12-20,29.585,20300,20.0848%,100399.77,2,信号
154,601700,风范股份,2021-12-16,6.504,2021-12-22,7.457,76800,14.5377%,72655.74,4,信号
155,605050,福然德,2021-12-16,15.26,2021-12-21,15.274,32700,-0.0035%,-17.46,3,信号
156,605151,西上海,2021-12-16,26.363,2021-12-20,21.809,18900,-17.3571%,-86527.43,2,信号
157,000533,顺钠股份,2021-12-17,5.413,2021-12-21,5.357,92300,-1.1222%,-5609.07,2,信号
158,002357,富临运业,2021-12-17,7.774,2021-12-22,6.977,64300,-10.3468%,-51745.44,3,信号
159,600234,科新发展,2021-12-17,12.336,2021-12-21,11.594,40500,-6.1085%,-30534.17,2,信号
160,600396,华电辽能,2021-12-17,4.182,2021-12-23,4.098,119500,-2.1099%,-10549.46,4,信号
161,000514,渝开发,2021-12-20,4.27,2021-12-23,4.566,117000,6.8152%,34066.20,3,信号
162,000665,湖北广电,2021-12-20,6.393,2021-12-23,6.287,78200,-1.7616%,-8811.58,3,信号
163,600159,大龙地产,2021-12-20,3.392,2021-12-24,3.698,147400,8.9265%,44648.95,4,信号
164,600192,长城电工,2021-12-20,7.003,2021-12-23,7.396,71300,5.5031%,27493.29,3,信号
165,600466,ST蓝光,2021-12-20,2.271,2021-12-23,2.489,220100,9.4725%,47374.34,3,信号
166,600860,京城股份,2021-12-20,26.183,2021-12-22,25.087,19000,-4.2803%,-21304.14,2,信号
167,000753,漳州发展,2021-12-21,3.897,2021-12-23,3.813,128300,-2.2496%,-11253.20,2,信号
168,002253,川大智胜,2021-12-21,21.731,2021-12-23,19.29,15600,-11.3193%,-38391.92,2,信号
169,002671,龙泉股份,2021-12-21,6.263,2021-12-23,5.117,79800,-18.3743%,-91880.15,2,信号
170,603586,金麒麟,2021-12-21,14.857,2021-12-23,13.093,33600,-11.9608%,-59739.13,2,信号
171,000838,ST发展,2021-12-22,9.975,2021-12-24,7.866,50100,-21.2209%,-106103.81,2,信号
172,000918,ST嘉凯,2021-12-22,3.472,2021-12-24,3.128,117700,-9.9785%,-40794.83,2,信号
173,001202,炬申股份,2021-12-22,21.454,2021-12-24,15.06,23300,-29.8704%,-149388.24,2,信号
174,002047,宝鹰股份,2021-12-22,5.303,2021-12-24,4.588,94200,-13.5693%,-67813.65,2,信号
175,002178,延华智能,2021-12-22,5.693,2021-12-28,6.297,87800,10.4993%,52505.29,4,信号
176,003008,开普检测,2021-12-22,25.705,2021-12-24,22.312,19400,-13.2866%,-66290.11,2,信号
177,600405,动力源,2021-12-22,10.965,2021-12-24,8.346,45500,-23.9661%,-119633.63,2,信号
178,600605,汇通能源,2021-12-22,11.458,2021-12-24,8.988,43600,-21.6378%,-108147.39,2,信号
179,000008,神州高铁,2021-12-23,2.901,2021-12-27,2.879,172300,-0.8881%,-4441.89,2,信号
180,002082,ST万邦,2021-12-23,14.599,2021-12-28,13.515,34200,-7.5179%,-37555.51,3,信号
181,002173,创新医疗,2021-12-23,8.474,2021-12-27,7.336,59000,-13.5143%,-67602.81,2,信号
182,002247,聚力文化,2021-12-23,3.502,2021-12-27,3.008,142700,-14.1718%,-70851.99,2,信号
183,002265,建设工业,2021-12-23,30.439,2021-12-27,27.61,16400,-9.3847%,-46872.00,2,信号
184,002629,仁智股份,2021-12-23,4.862,2021-12-27,5.187,102800,6.5768%,32890.87,2,信号
185,300534,陇神戎发,2021-12-23,11.086,2021-12-28,12.494,45100,12.5905%,62978.56,3,信号
186,605577,龙版传媒,2021-12-23,17.729,2021-12-27,13.693,28200,-22.8407%,-114250.07,2,信号
187,000863,三湘印象,2021-12-24,4.336,2021-12-28,3.432,115300,-20.9243%,-104665.68,2,信号
188,002316,亚联发展,2021-12-24,5.333,2021-12-28,5.017,93700,-6.0043%,-30016.80,2,信号
189,605289,罗曼股份,2021-12-27,30.921,2021-12-29,21.009,16100,-32.1232%,-160000.65,2,信号
190,000862,银星能源,2021-12-28,9.865,2021-12-30,8.656,50600,-12.3459%,-61657.13,2,信号
191,002750,龙津退,2021-12-28,12.126,2022-01-07,17.611,41200,45.0891%,225374.77,7,信号
192,600880,博瑞传播,2021-12-28,5.916,2021-12-30,6.25,84500,5.5388%,27701.98,2,信号
193,002349,精华制药,2021-12-29,8.834,2022-01-07,10.825,56500,22.4050%,111889.24,6,信号
194,002480,新筑股份,2021-12-29,6.523,2022-01-04,6.907,76600,5.7698%,28845.27,3,信号
195,600444,国机通用,2021-12-30,19.16,2022-01-05,16.792,26000,-12.4468%,-62034.72,3,信号
196,600668,尖峰集团,2021-12-30,15.308,2022-01-04,15.934,32600,3.9879%,19910.72,2,信号
197,601107,四川成渝,2021-12-30,4.035,2022-01-04,4.111,123900,1.7799%,8902.71,2,信号
198,603011,合锻智能,2021-12-30,8.854,2022-01-04,8.036,56400,-9.3341%,-46636.61,2,信号
199,002374,中锐股份,2021-12-31,11.286,2022-01-06,10.315,44300,-8.6934%,-43484.89,3,信号
200,002584,西陇科学,2021-12-31,11.783,2022-01-06,9.472,42400,-19.6904%,-98421.19,3,信号
201,002746,仙坛股份,2021-12-31,8.824,2022-01-05,8.026,56600,-9.1388%,-45667.72,2,信号
202,300412,迦南科技,2021-12-31,15.149,2022-01-05,14.075,33000,-7.1801%,-35911.37,2,信号
203,600866,星湖科技,2021-12-31,5.513,2022-01-05,4.248,90600,-23.0216%,-115040.28,2,信号
204,603803,瑞斯康达,2021-12-31,9.169,2022-01-05,7.7,54500,-16.0999%,-80489.33,2,信号
205,605033,美邦股份,2021-12-31,23.441,2022-01-05,23.177,21300,-1.2221%,-6104.96,2,信号
206,002354,天娱数科,2022-01-04,5.833,2022-01-07,6.407,85700,9.7289%,48657.04,3,信号
207,002694,ST顾地,2022-01-04,4.932,2022-01-11,6.047,101300,22.4729%,112343.75,5,信号
208,002907,华森制药,2022-01-04,18.779,2022-01-06,16.672,26600,-11.3123%,-56536.98,2,信号
209,600986,浙文互联,2022-01-04,9.005,2022-01-06,7.936,55500,-11.9540%,-59770.18,2,信号
210,000530,冰山冷热,2022-01-05,6.713,2022-01-10,6.367,74400,-5.2567%,-26269.16,3,信号
211,002246,北化股份,2022-01-05,10.99,2022-01-07,9.09,45400,-17.3707%,-86717.65,2,信号
212,002951,金时科技,2022-01-05,12.558,2022-01-07,10.097,39800,-19.6796%,-98411.65,2,信号
213,600880,博瑞传播,2022-01-05,8.707,2022-01-07,7.539,57400,-13.5019%,-67516.54,2,信号
214,600981,苏豪汇鸿,2022-01-05,4.037,2022-01-07,3.213,123800,-20.4814%,-102413.58,2,信号
215,600272,开开实业,2022-01-06,9.94,2022-01-14,14.808,50300,48.8213%,244219.14,6,信号
216,600996,贵广网络,2022-01-06,7.414,2022-01-10,6.187,67400,-16.6311%,-83144.66,2,信号
217,000558,天府文旅,2022-01-07,5.643,2022-01-11,4.298,88600,-23.9112%,-119604.71,2,信号
218,603123,翠微股份,2022-01-07,11.891,2022-01-12,12.289,42000,3.2430%,16204.44,3,信号
219,605069,正和生态,2022-01-07,18.84,2022-01-11,18.245,26500,-3.2578%,-16273.26,2,信号
220,600077,ST宋都,2022-01-10,3.802,2022-01-12,3.458,131500,-9.1293%,-45664.70,2,信号
221,600530,ST交昂,2022-01-10,5.371,2022-01-12,4.856,93000,-9.6816%,-48381.03,2,信号
222,600860,京城股份,2022-01-10,25.313,2022-01-12,22.399,19700,-11.5999%,-57872.90,2,信号
223,000620,盈新发展,2022-01-11,3.012,2022-01-17,3.658,166000,21.3517%,106792.81,4,信号
224,603616,韩建河山,2022-01-11,9.654,2022-01-13,8.055,51700,-16.6453%,-83118.52,2,信号
225,000665,湖北广电,2022-01-12,8.604,2022-01-14,9.545,58100,10.8246%,54140.50,2,信号
226,002952,亚世光电,2022-01-12,18.156,2022-01-17,18.498,27500,1.7800%,8892.02,3,信号
227,603399,永杉锂业,2022-01-12,8.984,2022-01-14,9.695,55600,7.8020%,38993.40,2,信号
228,002370,亚太药业,2022-01-13,8.474,2022-01-18,9.315,59000,9.8156%,49100.40,3,信号
229,002898,赛隆退,2022-01-13,14.787,2022-01-19,16.572,33800,11.9545%,59780.05,4,信号
230,002432,九安医疗,2022-01-14,70.298,2022-01-19,62.032,7100,-11.8469%,-59159.53,3,信号
231,002550,千红制药,2022-01-14,6.044,2022-01-19,5.878,82700,-2.8431%,-14217.95,3,信号
232,600149,廊坊发展,2022-01-14,7.104,2022-01-18,6.207,70300,-12.7100%,-63502.71,2,信号
233,002702,海欣食品,2022-01-17,8.484,2022-01-19,7.196,58900,-15.2640%,-76315.57,2,信号
234,002951,金时科技,2022-01-17,12.968,2022-01-20,13.385,38500,3.1110%,15540.38,3,信号
235,300094,国联水产,2022-01-17,9.205,2022-01-19,8.806,54300,-4.4305%,-22154.95,2,信号
236,600807,济高发展,2022-01-17,6.303,2022-01-19,4.458,79300,-29.3478%,-146765.30,2,信号
237,600965,ST福成,2022-01-17,9.194,2022-01-19,8.535,54300,-7.2593%,-36257.64,2,信号
238,002336,人乐退,2022-01-18,7.754,2022-01-20,5.927,64400,-23.6368%,-118089.02,2,信号
239,002349,精华制药,2022-01-18,17.309,2022-01-24,17.591,28800,1.5308%,7634.88,4,信号
240,003042,中农联合,2022-01-18,25.328,2022-01-24,27.255,19700,7.5035%,37457.90,4,信号
241,601007,金陵饭店,2022-01-18,8.219,2022-01-20,6.552,60800,-20.3664%,-101826.04,2,信号
242,603598,引力传媒,2022-01-18,17.839,2022-01-26,13.243,28000,-25.8355%,-129110.27,6,信号
243,002330,得利斯,2022-01-19,10.985,2022-01-24,11.914,45500,8.3441%,41728.06,3,信号
244,002530,金财互联,2022-01-19,10.709,2022-01-25,13.967,46600,30.2885%,151232.04,4,信号
245,600756,浪潮软件,2022-01-20,18.074,2022-01-25,18.916,27600,4.5513%,22715.08,3,信号
246,601929,吉视传媒,2022-01-20,3.372,2022-01-24,3.608,148200,6.9076%,34533.57,2,信号
247,603123,翠微股份,2022-01-20,17.944,2022-01-24,18.136,27800,0.9688%,4834.98,2,信号
248,603138,海量数据,2022-01-20,27.578,2022-01-24,26.851,18100,-2.7343%,-13655.15,2,信号
249,002316,亚联发展,2022-01-21,9.165,2022-01-28,5.857,54500,-36.1540%,-180668.63,5,信号
250,002235,安妮股份,2022-01-24,7.404,2022-01-28,6.377,67500,-13.9560%,-69780.17,4,信号
251,002419,天虹股份,2022-01-24,8.205,2022-01-26,6.618,60900,-19.4272%,-97124.68,2,信号
252,002717,ST岭南,2022-01-24,4.992,2022-01-26,4.468,100100,-10.5998%,-52998.96,2,信号
253,603958,哈森股份,2022-01-24,8.344,2022-01-26,6.957,59900,-16.7135%,-83578.49,2,信号
254,000620,盈新发展,2022-01-25,4.002,2022-02-08,2.769,124900,-30.8884%,-154472.61,5,信号
255,000711,ST京蓝,2022-01-26,3.702,2022-01-28,3.968,135000,7.0829%,35414.56,2,信号
256,002197,证通电子,2022-01-26,13.447,2022-01-28,10.885,37100,-19.1351%,-95507.67,2,信号
257,600706,曲江文旅,2022-01-26,12.616,2022-01-28,9.065,39600,-28.2167%,-141042.56,2,信号
258,605398,XD新炬网,2022-01-26,20.178,2022-01-28,17.394,24700,-13.8822%,-69223.52,2,信号
259,002417,深南退,2022-02-07,7.034,2022-02-09,7.646,71000,8.6019%,42977.73,2,信号
260,000524,岭南控股,2022-02-09,10.024,2022-02-11,9.474,49800,-5.5788%,-27863.01,2,信号
261,603123,翠微股份,2022-02-09,26.058,2022-02-11,26.922,19100,3.2105%,15987.09,2,信号
262,000732,ST泰禾,2022-02-10,3.152,2022-02-15,2.909,158600,-7.8036%,-39025.13,3,信号
263,002116,中国海诚,2022-02-10,7.305,2022-02-14,6.915,68400,-5.4352%,-27169.79,2,信号
264,002761,浙江建投,2022-02-10,9.955,2022-02-16,14.343,50200,43.9330%,219660.20,4,信号
265,002828,贝肯能源,2022-02-10,10.447,2022-02-14,10.597,47800,1.3294%,6642.10,2,信号
266,003031,中瓷电子,2022-02-10,53.404,2022-02-14,50.581,9300,-5.3808%,-26737.35,2,信号
267,600715,文投控股,2022-02-10,3.671,2022-02-14,2.932,136200,-20.2197%,-101142.42,2,信号
268,600939,重庆建工,2022-02-10,5.885,2022-02-14,5.889,84900,-0.0301%,-150.61,2,信号
269,000620,盈新发展,2022-02-11,3.832,2022-02-15,3.328,130400,-13.2285%,-66133.68,2,信号
270,000856,冀东装备,2022-02-11,12.586,2022-02-16,12.164,39700,-3.4524%,-17259.58,3,信号
271,002037,保利联合,2022-02-11,16.965,2022-02-15,17.448,29400,2.7429%,13688.23,2,信号
272,002104,恒宝股份,2022-02-11,13.473,2022-02-15,12.95,37100,-3.9795%,-19901.26,2,信号
273,002530,金财互联,2022-02-11,14.371,2022-02-15,14.587,34700,1.3982%,6976.16,2,信号
274,002663,普邦股份,2022-02-11,2.671,2022-02-15,2.099,187100,-21.5055%,-107539.49,2,信号
275,603825,ST华扬,2022-02-11,29.175,2022-02-15,23.398,17100,-19.8792%,-99223.97,2,信号
276,000711,ST京蓝,2022-02-14,4.802,2022-02-16,4.348,104100,-9.5561%,-47797.53,2,信号
277,002177,御银股份,2022-02-14,6.002,2022-02-16,6.456,83300,7.4528%,37280.26,2,信号
278,002878,元隆雅图,2022-02-14,30.705,2022-02-16,27.076,16200,-11.9066%,-59256.05,2,信号
279,601999,出版传媒,2022-02-14,7.56,2022-02-16,6.973,66100,-7.8605%,-39298.57,2,信号
280,000796,凯撒旅业,2022-02-15,11.083,2022-02-17,9.685,45100,-12.6962%,-63490.31,2,信号
281,002400,省广集团,2022-02-15,6.286,2022-02-17,5.78,79500,-8.1419%,-40709.26,2,信号
282,002621,ST美吉,2022-02-15,6.343,2022-02-18,6.157,78800,-3.0332%,-15169.00,3,信号
283,600358,国旅联合,2022-02-15,6.903,2022-02-18,5.817,72400,-15.8207%,-79112.95,3,信号
284,600706,曲江文旅,2022-02-15,13.997,2022-02-17,13.093,35700,-6.5488%,-32740.12,2,信号
285,603843,ST正平,2022-02-16,6.829,2022-02-18,6.183,73200,-9.5570%,-47800.49,2,信号
286,000607,华媒控股,2022-02-17,6.974,2022-02-21,5.848,71600,-16.2343%,-81110.08,2,信号
287,002667,ST威领,2022-02-17,17.609,2022-02-23,22.429,28300,27.2453%,135838.90,4,信号
288,601599,浙文影业,2022-02-17,3.772,2022-02-21,3.498,132500,-7.3473%,-36738.28,2,信号
289,603029,天鹅股份,2022-02-17,14.415,2022-02-23,18.845,34600,30.5964%,152680.77,4,信号
290,002761,浙江建投,2022-02-21,20.32,2022-03-02,17.861,24600,-12.1896%,-60963.24,2,信号
291,600199,金种子酒,2022-02-21,20.41,2022-02-24,23.788,24400,16.4336%,81881.54,3,信号
292,603316,诚邦股份,2022-02-21,10.01,2022-02-24,9.5,49900,-5.1873%,-25923.56,3,信号
293,603388,ST元成,2022-02-21,10.715,2022-02-23,9.495,46600,-11.4751%,-57327.80,2,信号
294,002489,浙江永强,2022-02-22,4.387,2022-02-24,3.643,113900,-17.0418%,-85200.64,2,信号
295,603679,华体科技,2022-02-22,16.868,2022-02-24,15.232,29600,-9.7891%,-48902.17,2,信号
296,002178,延华智能,2022-02-23,6.743,2022-02-25,5.107,74100,-24.3355%,-121661.12,2,信号
297,002771,真视通,2022-02-23,13.431,2022-02-25,12.358,37200,-8.0803%,-40391.32,2,信号
298,300249,依米康,2022-02-23,14.297,2022-02-25,16.952,34900,18.4473%,92092.40,2,信号
299,300846,首都在线,2022-02-23,27.013,2022-02-25,22.099,18500,-18.2747%,-91373.56,2,信号
300,600510,黑牡丹,2022-02-23,10.028,2022-02-25,11.317,49800,12.7445%,63676.99,2,信号
301,600602,云赛智联,2022-02-23,8.396,2022-02-25,7.618,59500,-9.3569%,-46767.84,2,信号
302,600797,浙大网新,2022-02-23,8.404,2022-02-25,7.586,59400,-9.8234%,-49063.82,2,信号
303,603616,韩建河山,2022-02-23,10.554,2022-02-25,8.625,47300,-18.3642%,-91723.14,2,信号
304,002162,悦心健康,2022-02-24,6.153,2022-02-28,5.477,81200,-11.0723%,-55348.37,2,信号
305,002621,ST美吉,2022-02-24,7.304,2022-02-28,6.497,68400,-11.1368%,-55663.93,2,信号
306,002758,浙农股份,2022-02-24,17.121,2022-02-28,14.955,5800,-12.7390%,-12656.03,2,信号
307,002873,新天药业,2022-02-24,18.003,2022-02-28,16.043,27700,-10.9763%,-54764.16,2,信号
308,300584,海辰药业,2022-02-24,70.095,2022-02-28,70.965,7100,1.1392%,5672.48,2,信号
309,600936,北投科技,2022-02-24,4.402,2022-02-28,3.378,100,-25.2435%,-112.39,2,信号
310,000595,新能股份,2022-02-25,3.962,2022-03-01,3.398,126100,-14.3130%,-71544.11,2,信号
311,003007,直真科技,2022-02-25,32.009,2022-03-02,29.028,15600,-9.4021%,-46972.17,3,信号
312,600824,益民集团,2022-02-25,4.795,2022-03-01,4.141,104200,-13.7341%,-68661.15,2,信号
313,600996,贵广网络,2022-02-25,10.765,2022-03-01,9.175,46400,-14.8545%,-74237.23,2,信号
314,601789,宁波建工,2022-02-25,8.314,2022-03-01,6.877,60100,-17.3736%,-86855.94,2,信号
315,603912,佳力图,2022-02-25,12.06,2022-03-01,12.538,41400,3.8571%,19267.65,2,信号
316,000815,美利云,2022-02-28,12.156,2022-03-02,13.493,41100,10.8891%,54430.80,2,信号
317,002644,佛慈制药,2022-02-28,13.665,2022-03-02,13.091,36500,-4.2918%,-21416.60,2,信号
318,600575,淮河能源,2022-02-28,3.902,2022-03-02,2.869,128100,-26.5573%,-132810.27,2,信号
319,002207,ST准油,2022-03-01,8.694,2022-03-08,11.004,57500,26.4442%,132267.28,5,信号
320,002629,仁智股份,2022-03-01,4.402,2022-03-07,4.898,113500,11.1411%,55694.46,4,信号
321,600982,宁波能源,2022-03-01,5.658,2022-03-07,5.722,88300,1.0356%,5176.15,4,信号
322,002800,天顺股份,2022-03-02,14.812,2022-03-09,15.997,33700,7.8894%,39401.71,5,信号
323,600190,退市锦港,2022-03-02,3.962,2022-03-08,4.958,126100,25.0023%,124975.22,4,信号
324,002537,海联金汇,2022-03-03,10.895,2022-03-07,9.345,45800,-14.3130%,-71459.01,2,信号
325,002366,融发核电,2022-03-04,6.093,2022-03-08,5.817,82000,-4.6244%,-23116.63,2,信号
326,600077,ST宋都,2022-03-04,3.602,2022-03-09,3.288,138800,-8.7937%,-43984.34,3,信号
327,600768,宁波富邦,2022-03-04,13.447,2022-03-08,10.695,37100,-20.5460%,-102549.62,2,信号
328,603269,海鸥股份,2022-03-04,4.675,2022-03-08,3.421,106900,-26.8958%,-134490.50,2,信号
329,600272,开开实业,2022-03-07,13.852,2022-03-10,10.85,36000,-21.7529%,-108529.23,3,信号
330,600798,宁波海运,2022-03-07,5.523,2022-03-09,4.368,90500,-20.9915%,-104970.07,2,信号
331,603569,长久物流,2022-03-07,10.165,2022-03-09,7.736,49100,-23.9711%,-119700.92,2,信号
332,603963,ST大药,2022-03-07,10.265,2022-03-09,8.976,48700,-12.6505%,-63273.00,2,信号
333,000953,中哲精化,2022-03-08,10.095,2022-03-10,10.235,49500,1.2838%,6418.67,2,信号
334,002162,悦心健康,2022-03-08,9.345,2022-03-10,7.596,53500,-18.7921%,-93996.31,2,信号
335,600051,宁波联合,2022-03-08,11.166,2022-03-10,8.026,44700,-28.1904%,-140768.83,2,信号
336,600056,中国医药,2022-03-08,11.731,2022-03-16,18.23,42600,55.2457%,276220.00,6,信号
337,002435,ST长康,2022-03-09,6.993,2022-03-15,8.206,71400,17.2188%,86022.74,4,信号
338,002053,云南能投,2022-03-10,13.347,2022-03-14,13.513,37400,1.1468%,5727.44,2,信号
339,600551,时代出版,2022-03-10,6.979,2022-03-14,5.101,71600,-26.9810%,-134900.16,2,信号
340,600520,三佳科技,2022-03-11,12.496,2022-03-15,10.935,40000,-12.5849%,-62937.22,2,信号
341,600818,ST中路,2022-03-11,20.694,2022-03-15,19.214,24100,-7.2443%,-36147.79,2,信号
342,603887,城地香江,2022-03-11,11.246,2022-03-15,9.995,44400,-11.2098%,-55999.07,2,信号
343,600220,ST阳光,2022-03-14,3.592,2022-03-18,3.758,139200,4.5261%,22640.89,4,信号
344,603538,美诺华,2022-03-14,24.987,2022-03-17,28.745,20000,14.9211%,74605.34,3,信号
345,000788,北大医药,2022-03-15,11.679,2022-03-18,12.867,42800,10.0598%,50309.44,3,信号
346,002246,北化股份,2022-03-16,14.802,2022-03-21,13.868,33700,-6.4057%,-31970.19,3,信号
347,603056,德邦股份,2022-03-16,14.485,2022-03-21,17.769,34500,22.5479%,112737.20,3,信号
348,300306,远方信息,2022-03-17,18.737,2022-03-21,17.849,26600,-4.8360%,-24115.19,2,信号
349,600355,ST精伦,2022-03-17,4.232,2022-03-21,4.078,118100,-3.7388%,-18696.42,2,信号
350,000524,岭南控股,2022-03-18,11.965,2022-03-23,12.863,41700,7.3943%,36911.68,3,信号
351,002613,北玻股份,2022-03-18,5.748,2022-03-29,7.901,86900,37.3230%,186517.86,7,信号
352,002761,浙江建投,2022-03-18,34.667,2022-03-22,38.731,14400,11.6092%,57983.05,2,信号
353,600077,ST宋都,2022-03-18,5.703,2022-03-24,5.847,87600,2.4265%,12128.22,4,信号
354,603078,江化微,2022-03-18,20.668,2022-03-22,18.501,24100,-10.5769%,-52710.76,2,信号
355,603636,南威软件,2022-03-18,17.264,2022-03-22,18.446,28900,6.7408%,33647.99,2,信号
356,000620,盈新发展,2022-03-21,3.322,2022-03-23,3.358,150500,1.0026%,5014.66,2,信号
357,000965,天保基建,2022-03-21,4.202,2022-03-30,7.146,64900,69.8980%,190718.43,7,信号
358,002537,海联金汇,2022-03-21,11.856,2022-03-24,12.584,42100,6.0324%,30125.08,3,信号
359,600056,中国医药,2022-03-21,22.25,2022-03-23,24.013,22400,7.8151%,38970.10,2,信号
360,600381,ST春天,2022-03-21,16.378,2022-03-23,15.022,30500,-8.3692%,-41827.71,2,信号
361,000671,ST阳光城,2022-03-22,2.881,2022-03-28,3.898,173500,35.1461%,175793.71,4,信号
362,301010,晶雪节能,2022-03-22,32.416,2022-03-24,27.586,1100,-14.9850%,-5346.00,2,信号
363,600613,神奇制药,2022-03-22,7.044,2022-03-24,6.387,70900,-9.4143%,-47037.20,2,信号
364,600736,苏州高新,2022-03-22,7.764,2022-03-24,6.537,100,-16.9845%,-132.71,2,信号
365,601607,上海医药,2022-03-22,22.801,2022-03-24,21.409,21900,-6.1992%,-30971.21,2,信号
366,000517,荣安地产,2022-03-23,2.461,2022-03-25,2.739,203100,11.1596%,55811.89,2,信号
367,002349,精华制药,2022-03-23,21.491,2022-03-28,24.298,23200,12.9489%,64593.69,3,信号
368,002566,益盛药业,2022-03-23,10.815,2022-03-25,9.905,46200,-8.5088%,-42537.27,2,信号
369,600335,国机汽车,2022-03-23,9.613,2022-03-25,9.823,52000,2.0854%,10429.33,2,信号
370,600819,耀皮玻璃,2022-03-23,7.208,2022-03-25,6.431,5200,-10.8670%,-4074.92,2,信号
371,000639,ST西王,2022-03-24,5.643,2022-03-28,5.507,88600,-2.5002%,-12505.89,2,信号
372,002482,广田集团,2022-03-24,3.452,2022-03-28,3.378,144800,-2.2247%,-11124.99,2,信号
373,601789,宁波建工,2022-03-24,8.374,2022-03-28,6.807,59700,-18.8006%,-94038.27,2,信号
374,002060,广东建工,2022-03-25,8.511,2022-03-29,8.333,6000,-2.1942%,-1121.06,2,信号
375,600067,冠城新材,2022-03-25,4.937,2022-03-29,4.003,101200,-19.0071%,-95020.75,2,信号
376,600657,信达地产,2022-03-25,6.233,2022-03-30,7.186,80200,15.1787%,75915.74,3,信号
377,600860,京城股份,2022-03-25,23.011,2022-03-29,19.75,21700,-14.2586%,-71235.91,2,信号
378,600866,星湖科技,2022-03-25,8.114,2022-03-29,6.597,61600,-18.7816%,-93922.16,2,信号
379,002194,武汉凡谷,2022-03-28,11.286,2022-03-31,12.214,44300,8.1169%,40600.96,3,信号
380,002370,亚太药业,2022-03-28,8.404,2022-03-30,6.747,59400,-19.8034%,-98909.93,2,信号
381,002864,盘龙药业,2022-03-28,45.649,2022-03-30,48.21,10900,5.5048%,27404.13,2,信号
382,000505,京粮控股,2022-03-29,12.097,2022-03-31,11.875,41300,-1.9332%,-9663.05,2,信号
383,600156,华升股份,2022-03-29,6.543,2022-03-31,5.457,76400,-16.6806%,-83428.82,2,信号
384,000736,中交发展,2022-03-30,12.806,2022-04-08,17.911,39000,39.7203%,198481.97,5,信号
385,002424,ST百灵,2022-03-30,9.965,2022-04-01,9.455,50100,-5.2099%,-26022.95,2,信号
386,600082,ST海泰,2022-03-30,5.587,2022-04-06,5.531,89400,-1.0934%,-5463.95,3,信号
387,600313,农发种业,2022-03-30,7.395,2022-04-06,7.627,67600,3.0409%,15208.52,3,信号
388,000514,渝开发,2022-03-31,6.401,2022-04-06,6.735,78100,5.1037%,25528.09,2,信号
389,002173,创新医疗,2022-03-31,9.075,2022-04-06,7.776,55000,-14.3941%,-71876.77,2,信号
390,300988,津荣天宇,2022-03-31,22.734,2022-04-06,21.76,21900,-4.3810%,-21823.22,2,信号
391,600322,津投城开,2022-03-31,3.582,2022-04-06,2.998,139500,-16.3685%,-81827.93,2,信号
392,000545,金浦钛业,2022-04-01,5.463,2022-04-07,4.608,91500,-15.7365%,-78696.42,2,信号
393,002280,ST联络,2022-04-01,4.412,2022-04-07,4.248,113300,-3.8207%,-19109.18,2,信号
394,002657,中科金财,2022-04-01,21.591,2022-04-07,19.02,23100,-11.9927%,-59843.11,2,信号
395,000014,沙河股份,2022-04-06,11.712,2022-04-08,9.676,42600,-17.4641%,-87176.11,2,信号
396,002596,海南瑞泽,2022-04-06,5.043,2022-04-12,5.377,99100,6.5328%,32661.39,4,信号
397,003040,楚天龙,2022-04-06,25.581,2022-04-08,22.597,19500,-11.7536%,-58659.45,2,信号
398,000023,ST深天,2022-04-07,16.398,2022-04-11,13.983,30400,-14.8136%,-73883.57,2,信号
399,001205,盛航股份,2022-04-07,25.842,2022-04-11,22.611,19300,-12.5913%,-62830.22,2,信号
400,002205,国统股份,2022-04-07,13.797,2022-04-13,19.48,36200,41.0519%,205135.32,4,信号
401,002305,ST南置,2022-04-07,3.952,2022-04-12,3.848,126500,-2.7264%,-13636.70,3,信号
402,002589,瑞康医药,2022-04-07,6.698,2022-04-11,4.683,74600,-30.1622%,-150794.99,2,信号
403,600647,退市同达,2022-04-07,22.511,2022-04-11,17.991,22200,-20.1598%,-100799.12,2,信号
404,000797,中国武夷,2022-04-08,5.423,2022-04-12,4.588,92200,-15.4829%,-77448.94,2,信号
405,002314,南山控股,2022-04-08,5.966,2022-04-12,5.39,83800,-9.7396%,-48717.64,2,信号
406,000620,盈新发展,2022-04-11,4.142,2022-04-13,3.778,120700,-8.8781%,-44407.95,2,信号
407,002989,中天精装,2022-04-11,19.152,2022-04-13,16.875,26100,-11.9775%,-59900.17,2,信号
408,603963,ST大药,2022-04-11,12.246,2022-04-15,15.112,40800,23.2826%,116387.74,4,信号
409,000582,北部湾港,2022-04-12,9.645,2022-04-18,7.726,51800,-19.9735%,-99837.79,4,信号
410,002307,北新路桥,2022-04-12,8.284,2022-04-14,5.787,60300,-30.2122%,-150995.46,2,信号
411,600724,宁波富达,2022-04-12,5.093,2022-04-14,4.498,98100,-11.7680%,-58819.79,2,信号
412,600463,空港股份,2022-04-13,11.016,2022-04-15,10.525,45300,-4.5508%,-22719.77,2,信号
413,600833,第一医药,2022-04-13,12.918,2022-04-15,11.696,38700,-9.5522%,-47779.57,2,信号
414,000927,中国铁物,2022-04-14,4.362,2022-04-18,3.228,114600,-26.0654%,-130367.85,2,信号
415,001317,三羊马,2022-04-14,63.312,2022-04-18,54.793,7800,-13.5422%,-66909.20,2,信号
416,002210,飞马国际,2022-04-14,3.702,2022-04-18,3.048,135000,-17.7323%,-88661.27,2,信号
417,002251,步步高,2022-04-14,8.907,2022-04-19,8.429,16200,-5.4684%,-7894.85,3,信号
418,603569,长久物流,2022-04-14,10.935,2022-04-18,9.875,45700,-9.7872%,-48936.03,2,信号
419,603648,畅联股份,2022-04-14,10.985,2022-04-20,11.584,45500,5.3447%,26728.07,4,信号
420,000679,大连友谊,2022-04-15,5.713,2022-04-19,4.748,200,-17.6935%,-203.05,2,信号
421,002432,九安医疗,2022-04-15,91.018,2022-04-19,73.556,5400,-19.2662%,-94740.68,2,信号
422,002903,宇环数控,2022-04-15,15.888,2022-04-19,15.032,3300,-5.4789%,-2874.04,2,信号
423,600603,广汇物流,2022-04-15,5.883,2022-04-19,4.798,84900,-18.5304%,-92598.75,2,信号
424,600693,东百集团,2022-04-15,5.773,2022-04-19,4.588,86600,-20.6095%,-103085.20,2,信号
425,000514,渝开发,2022-04-18,7.892,2022-04-20,5.395,63300,-31.7037%,-158458.04,2,信号
426,600791,京能置业,2022-04-18,6.141,2022-04-20,5.225,81400,-14.9959%,-74999.21,2,信号
427,000968,蓝焰控股,2022-04-19,10.145,2022-04-21,10.445,49200,2.8513%,14238.98,2,信号
428,603266,天龙股份,2022-04-19,18.619,2022-04-22,16.502,26800,-11.4615%,-57221.23,3,信号
429,002806,华锋股份,2022-04-20,13.087,2022-04-22,11.064,38200,-15.5361%,-77704.55,2,信号
430,600858,银座股份,2022-04-20,6.445,2022-04-22,5.589,77500,-13.3681%,-66807.65,2,信号
431,603696,安记食品,2022-04-20,11.196,2022-04-26,10.355,44600,-7.6023%,-37979.14,4,信号
432,000715,中兴商业,2022-04-21,6.115,2022-04-26,6.886,41900,12.4875%,32011.57,3,信号
433,600313,农发种业,2022-04-21,11.207,2022-04-25,8.017,44600,-28.5334%,-142685.34,2,信号
434,600508,上海能源,2022-04-21,10.459,2022-04-26,8.514,47800,-18.6820%,-93447.68,3,信号
435,603006,联明股份,2022-04-21,9.285,2022-04-25,7.916,53800,-14.8257%,-74093.38,2,信号
436,002251,步步高,2022-04-22,13.13,2022-04-26,9.098,38000,-30.7718%,-153604.63,2,信号
437,600892,大晟文化,2022-04-22,4.352,2022-04-26,3.468,114800,-20.3893%,-101921.76,2,信号
438,000416,ST民控,2022-04-25,4.542,2022-04-27,4.498,110000,-1.0791%,-5394.40,2,信号
439,601086,国芳集团,2022-04-25,4.784,2022-04-27,3.68,104500,-23.1568%,-115834.52,2,信号
440,605138,盛泰集团,2022-04-25,14.957,2022-04-27,12.004,5400,-19.8261%,-16021.59,2,信号
441,001234,泰慕士,2022-04-26,29.385,2022-04-28,21.719,17000,-26.1608%,-130748.73,2,信号
442,000722,湖南发展,2022-04-27,12.246,2022-05-09,17.581,40800,43.4220%,217062.99,5,信号
443,600785,新华百货,2022-04-27,11.899,2022-04-29,9.674,42000,-18.7786%,-93894.05,2,信号
444,605598,上海港湾,2022-04-27,14.424,2022-05-06,13.838,34600,-4.1594%,-20769.07,4,信号
445,603595,ST东尼,2022-04-28,31.955,2022-05-05,33.122,15600,3.5499%,17704.79,2,信号
446,000839,国安股份,2022-04-29,3.452,2022-05-09,2.799,35700,-19.0027%,-23428.13,2,信号
447,002561,徐家汇,2022-04-29,9.415,2022-05-10,12.054,53100,27.9055%,139574.98,4,信号
448,002761,浙江建投,2022-04-29,29.655,2022-05-12,40.44,16800,36.2320%,180598.37,6,信号
449,002192,融捷股份,2022-05-05,102.375,2022-05-09,100.274,4800,-2.1505%,-10572.71,2,信号
450,603329,上海雅仕,2022-05-05,11.814,2022-05-09,11.687,2100,-1.1718%,-290.85,2,信号
451,000029,深深房Ａ,2022-05-06,9.581,2022-05-10,8.612,100,-11.1008%,-106.91,2,信号
452,002789,ST建艺,2022-05-06,16.748,2022-05-16,24.288,28500,44.8713%,214290.41,6,信号
453,002349,精华制药,2022-05-09,17.589,2022-05-12,17.511,28400,-0.5404%,-2700.84,3,信号
454,002365,永安药业,2022-05-09,15.532,2022-05-11,14.797,32100,-4.8285%,-24085.53,2,信号
455,301001,凯淳股份,2022-05-09,35.938,2022-05-11,42.749,9000,18.8323%,60941.81,2,信号
456,002685,华东重机,2022-05-10,4.302,2022-05-12,3.898,32700,-9.4835%,-13348.14,2,信号
457,600340,ST华幸,2022-05-10,3.982,2022-05-12,3.588,125500,-9.9792%,-49895.05,2,信号
458,000701,厦门信达,2022-05-11,8.254,2022-05-13,6.897,60500,-16.5307%,-82591.60,2,信号
459,002103,广博股份,2022-05-11,5.193,2022-05-13,4.538,69200,-12.6989%,-45653.33,2,信号
460,000722,湖南发展,2022-05-12,23.062,2022-05-16,23.278,21600,0.8393%,4183.06,2,信号
461,000756,新华制药,2022-05-12,20.985,2022-05-17,25.562,23800,21.6873%,108372.14,3,信号
462,002717,ST岭南,2022-05-12,3.702,2022-05-16,3.288,69200,-11.2587%,-28855.72,2,信号
463,601579,会稽山,2022-05-12,17.097,2022-05-16,16.6,29200,-3.0032%,-14999.93,2,信号
464,600200,退市苏吴,2022-05-13,8.594,2022-05-17,8.896,26900,3.4018%,7868.52,2,信号
465,600502,安徽建工,2022-05-13,6.803,2022-05-17,6.047,73400,-11.2072%,-55993.20,2,信号
466,000838,ST发展,2022-05-16,9.305,2022-05-18,7.606,53700,-18.3355%,-91661.09,2,信号
467,002431,ST棕榈,2022-05-16,4.592,2022-05-18,5.017,108800,9.1497%,45738.44,2,信号
468,002686,亿利达,2022-05-16,7.504,2022-05-18,5.447,66600,-27.4785%,-137392.50,2,信号
469,000042,中洲控股,2022-05-17,10.291,2022-05-19,8.702,100,-16.3376%,-168.95,2,信号
470,000632,ST三木,2022-05-17,6.403,2022-05-19,5.597,78000,-12.6748%,-63336.02,2,信号
471,002883,ST中设,2022-05-17,13.721,2022-05-19,12.592,36400,-8.3212%,-41580.17,2,信号
472,600698,湖南天雁,2022-05-17,5.103,2022-05-20,5.057,97900,-0.9825%,-4910.66,3,信号
473,600720,中交设计,2022-05-17,14.474,2022-05-20,13.42,13600,-7.3742%,-14523.36,3,信号
474,000548,湖南投资,2022-05-18,6.503,2022-05-20,5.287,76800,-18.7780%,-93833.50,2,信号
475,002141,贤丰控股,2022-05-18,5.163,2022-05-20,5.037,96800,-2.5207%,-12603.36,2,信号
476,002766,索菱股份,2022-05-18,6.583,2022-05-24,9.615,48100,45.9085%,145444.82,4,信号
477,000609,ST中迪,2022-05-19,6.003,2022-05-24,5.357,65800,-10.8452%,-42859.50,3,信号
478,002292,奥飞娱乐,2022-05-19,5.753,2022-05-25,5.547,86900,-3.6711%,-18361.97,4,信号
479,002811,郑中设计,2022-05-20,10.881,2022-05-24,8.082,45900,-25.8014%,-128931.39,2,信号
480,002887,绿茵生态,2022-05-20,10.847,2022-05-24,9.467,6600,-12.8106%,-9176.07,2,信号
481,603628,清源股份,2022-05-20,13.409,2022-05-24,12.306,37200,-8.3167%,-41504.57,2,信号
482,603767,中马传动,2022-05-20,10.005,2022-05-24,9.295,49900,-7.1858%,-35893.08,2,信号
483,002116,中国海诚,2022-05-23,8.488,2022-05-25,7.505,100,-12.6841%,-108.30,2,信号
484,000151,中成股份,2022-05-24,10.865,2022-05-27,13.983,46000,28.5640%,142836.94,3,信号
485,000909,ST数源,2022-05-24,11.236,2022-05-27,10.295,44500,-8.4646%,-42343.10,3,信号
486,000957,中通客车,2022-05-24,9.113,2022-06-13,14.781,54800,62.0384%,309954.58,8,信号
487,002309,中利集团,2022-05-24,6.193,2022-05-26,5.337,27400,-13.9042%,-23605.93,2,信号
488,002529,海源复材,2022-05-24,17.509,2022-05-26,16.092,28500,-8.1838%,-40857.61,2,信号
489,002578,闽发铝业,2022-05-25,4.842,2022-05-27,4.498,99600,-7.2106%,-34794.27,2,信号
490,002576,通达动力,2022-05-26,14.265,2022-05-30,11.792,35000,-17.4188%,-87011.98,2,信号
491,605577,龙版传媒,2022-05-26,12.496,2022-05-30,12.394,8400,-0.9189%,-965.08,2,信号
492,002121,科陆电子,2022-05-27,6.043,2022-06-01,6.797,8000,12.3578%,5977.28,3,信号
493,002137,实益达,2022-05-27,7.254,2022-05-31,5.057,68900,-30.3463%,-151739.20,2,信号
494,600283,钱江水利,2022-05-27,11.642,2022-06-06,10.559,42900,-9.3942%,-46941.19,5,信号
495,600817,宇通重工,2022-05-27,9.157,2022-05-31,8.348,54600,-8.9236%,-44635.73,2,信号
496,000404,长虹华意,2022-05-30,5.203,2022-06-01,3.758,100,-29.4041%,-154.45,2,信号
497,002660,茂硕电源,2022-05-30,9.135,2022-06-02,7.206,1800,-21.1874%,-3485.41,3,信号
498,600686,金龙汽车,2022-05-30,7.209,2022-06-01,6.112,69300,-15.2980%,-76460.09,2,信号
499,002761,浙江建投,2022-05-31,40.67,2022-06-02,29.435,12200,-27.6970%,-137495.25,2,信号
500,003009,中天火箭,2022-05-31,52.215,2022-06-02,46.586,5800,-10.8703%,-32937.04,2,信号
501,605366,宏柏新材,2022-05-31,14.761,2022-06-06,14.357,300,-2.9631%,-131.37,3,信号
502,000025,特力Ａ,2022-06-01,19.716,2022-06-07,19.016,24200,-3.6436%,-17393.32,3,信号
503,002181,粤传媒,2022-06-01,5.823,2022-06-08,4.578,100,-22.9052%,-134.52,4,信号
504,600652,退市游久,2022-06-01,1.211,2022-06-06,1.159,100,-11.9931%,-15.12,2,信号
505,000151,中成股份,2022-06-02,17.529,2022-06-07,18.521,28500,5.5535%,27757.58,2,信号
506,000523,红棉股份,2022-06-02,4.612,2022-06-07,4.248,100,-9.9614%,-46.44,2,信号
507,600268,国电南自,2022-06-02,6.185,2022-06-07,6.235,22900,0.7042%,997.98,2,信号
508,002066,瑞泰科技,2022-06-06,16.758,2022-06-08,13.783,27200,-17.8361%,-81342.71,2,信号
509,600960,渤海汽车,2022-06-06,5.253,2022-06-08,3.938,200,-25.8562%,-272.92,2,信号
510,000628,高新发展,2022-06-07,16.536,2022-06-09,16.53,30200,-0.1394%,-696.59,2,信号
511,000716,黑芝麻,2022-06-07,4.292,2022-06-09,3.538,116400,-17.6474%,-88211.43,2,信号
512,000868,安凯客车,2022-06-07,6.203,2022-06-09,5.697,200,-8.9265%,-111.19,2,信号
513,002265,建设工业,2022-06-07,19.084,2022-06-10,19.384,6800,1.4745%,1914.42,3,信号
514,000599,青岛双星,2022-06-08,5.193,2022-06-10,4.718,72400,-9.2376%,-34745.49,2,信号
515,600536,中国软件,2022-06-09,31.87,2022-06-13,29.998,15600,-5.9677%,-29684.73,2,信号
516,002380,科远智慧,2022-06-10,13.898,2022-06-15,15.953,27800,14.6722%,56716.13,3,信号
517,002478,常宝股份,2022-06-10,5.548,2022-06-14,4.523,90100,-18.5580%,-92809.33,2,信号
518,002630,ST华西,2022-06-10,4.002,2022-06-14,4.298,200,6.1050%,49.17,2,信号
519,600335,国机汽车,2022-06-13,10.333,2022-06-15,10.153,48300,-1.8425%,-9200.48,2,信号
520,601788,光大证券,2022-06-13,14.66,2022-06-17,16.965,34100,15.6015%,78033.57,4,信号
521,000584,工智退,2022-06-14,6.753,2022-06-16,5.617,27500,-16.9071%,-31415.18,2,信号
522,000613,东海A退,2022-06-14,0.67,2022-06-16,0.65,300,-7.8593%,-16.20,2,信号
523,600121,郑州煤电,2022-06-14,6.153,2022-06-17,6.797,81200,10.3482%,51728.47,3,信号
524,002101,广东鸿图,2022-06-15,16.253,2022-06-17,15.977,26700,-1.7971%,-7802.54,2,信号
525,002160,常铝股份,2022-06-15,6.463,2022-06-21,6.097,200,-6.4159%,-83.26,4,信号
526,603069,海汽集团,2022-06-15,34.807,2022-06-17,37.181,14300,6.7136%,33433.55,2,信号
527,000502,绿景退,2022-06-16,0.71,2022-06-20,0.69,700,-4.8761%,-24.49,2,信号
528,002703,浙江世宝,2022-06-16,7.03,2022-06-28,14.429,21900,105.0549%,161809.02,8,信号
529,002094,青岛金王,2022-06-17,4.902,2022-06-21,4.058,101900,-17.3084%,-86509.05,2,信号
530,000017,深中华A,2022-06-20,4.782,2022-06-22,4.488,104500,-6.2546%,-31273.72,2,信号
531,000611,天首退,2022-06-21,1.501,2022-06-23,1.529,3000,1.6741%,75.45,2,信号
532,002514,ST宝馨,2022-06-21,6.703,2022-06-23,5.757,74500,-14.2016%,-70958.29,2,信号
533,002909,集泰股份,2022-06-21,12.668,2022-06-28,17.953,39400,41.5741%,207613.47,5,信号
534,002927,泰永长征,2022-06-21,13.672,2022-06-24,13.168,36500,-3.7784%,-18864.66,3,信号
535,300660,江苏雷利,2022-06-22,13.737,2022-06-24,12.959,34100,-5.7604%,-26996.81,2,信号
536,002204,大连重工,2022-06-23,4.914,2022-06-27,4.45,88100,-9.5459%,-41350.98,2,信号
537,002031,巨轮智能,2022-06-24,2.75,2022-07-01,3.307,181700,20.1305%,100651.29,5,信号
538,002638,勤上股份,2022-06-24,3.072,2022-06-28,2.419,100,-24.1146%,-75.27,2,信号
539,603530,神马电力,2022-06-24,18.485,2022-06-29,18.167,22800,-1.8203%,-7675.67,3,信号
540,000821,ST京机,2022-06-27,21.032,2022-06-30,20.301,18600,-3.5706%,-13974.78,3,信号
541,000868,安凯客车,2022-06-27,7.024,2022-06-30,6.807,100,-4.4803%,-31.69,3,信号
542,002355,兴民智通,2022-06-28,7.304,2022-07-05,6.877,68400,-5.9417%,-29697.92,5,信号
543,002514,ST宝馨,2022-06-28,8.374,2022-06-30,8.756,100,3.3408%,28.14,2,信号
544,002902,铭普光磁,2022-06-28,15.875,2022-06-30,13.46,31400,-15.2953%,-76281.11,2,信号
545,603917,合力科技,2022-06-28,23.082,2022-06-30,20.64,1000,-10.6687%,-2463.72,2,信号
546,002786,银宝山新,2022-06-29,8.124,2022-07-01,6.827,100,-17.0965%,-139.75,2,信号
547,002838,道恩股份,2022-06-29,30.354,2022-07-01,23.937,13600,-21.2197%,-87642.34,2,信号
548,002454,松芝股份,2022-06-30,8.986,2022-07-04,7.205,55600,-19.8998%,-99479.04,2,信号
549,002623,亚玛顿,2022-06-30,40.468,2022-07-04,38.619,7900,-4.6657%,-14923.78,2,信号
550,002689,ST远智,2022-06-30,4.122,2022-07-04,4.818,700,16.4982%,476.87,2,信号
551,000428,华天酒店,2022-07-01,5.303,2022-07-05,4.448,80400,-16.2055%,-69123.92,2,信号
552,002866,传艺科技,2022-07-01,21.456,2022-07-05,22.924,23300,6.7343%,33682.95,2,信号
553,000899,赣能股份,2022-07-04,7.896,2022-07-20,13.945,63300,76.4334%,382215.37,7,信号
554,600187,ST国中,2022-07-04,3.402,2022-07-06,2.799,61300,-17.8116%,-37160.07,2,信号
555,002528,ST英飞,2022-07-05,4.842,2022-07-07,3.618,103200,-25.3560%,-126777.10,2,信号
556,000629,钒钛股份,2022-07-06,5.573,2022-07-11,5.397,89700,-3.2458%,-16233.01,3,信号
557,002204,大连重工,2022-07-06,5.845,2022-07-12,6.189,85500,5.7793%,28896.10,4,信号
558,002989,中天精装,2022-07-06,18.409,2022-07-08,17.191,1700,-6.7085%,-2100.52,2,信号
559,002219,新里程,2022-07-07,4.452,2022-07-11,4.568,84100,2.4914%,9333.42,2,信号
560,002090,金智科技,2022-07-08,14.137,2022-07-14,14.763,2000,4.3205%,1222.20,4,信号
561,002348,高乐股份,2022-07-08,3.032,2022-07-12,2.529,300,-17.5880%,-160.83,2,信号
562,000550,江铃汽车,2022-07-11,20.122,2022-07-13,15.624,18200,-22.4306%,-82186.56,2,信号
563,002589,瑞康医药,2022-07-11,5.668,2022-07-14,5.212,88200,-8.1274%,-40649.63,3,信号
564,000600,建投能源,2022-07-12,6.243,2022-07-14,5.237,100,-17.5706%,-110.57,2,信号
565,002514,ST宝馨,2022-07-12,11.005,2022-07-15,14.323,45400,30.0124%,150032.06,3,信号
566,002992,宝明科技,2022-07-12,23.222,2022-07-14,22.469,1300,-3.3387%,-1008.40,2,信号
567,000404,长虹华意,2022-07-13,6.533,2022-07-15,5.977,43500,-8.6056%,-24469.19,2,信号
568,002333,罗普斯金,2022-07-14,7.769,2022-07-18,6.452,2400,-17.0367%,-3178.13,2,信号
569,600192,长城电工,2022-07-14,6.863,2022-07-18,5.877,72800,-14.4570%,-72271.49,2,信号
570,000755,山西高速,2022-07-15,6.778,2022-07-27,7.331,60500,8.0494%,33026.35,3,信号
571,002374,中锐股份,2022-07-15,4.812,2022-07-19,4.998,103800,3.7424%,18703.73,2,信号
572,002134,天津普林,2022-07-18,11.876,2022-07-20,11.624,37300,-2.2177%,-9828.55,2,信号
573,000544,中原环保,2022-07-19,7.834,2022-07-21,6.897,100,-13.1580%,-103.74,2,信号
574,002796,世嘉科技,2022-07-19,13.887,2022-07-21,12.464,36000,-10.3380%,-51708.61,2,信号
575,002965,祥鑫科技,2022-07-19,43.598,2022-07-21,41.648,400,-4.5673%,-796.90,2,信号
576,002591,恒大高新,2022-07-20,10.805,2022-07-25,10.525,46200,-2.6948%,-13459.45,3,信号
577,002866,传艺科技,2022-07-20,29.8,2022-07-22,29.17,16700,-2.2102%,-11004.80,2,信号
578,605333,沪光股份,2022-07-20,32.326,2022-07-22,31.614,9800,-2.3002%,-7290.61,2,信号
579,000537,绿发电力,2022-07-21,14.572,2022-07-25,13.148,32000,-9.8612%,-46007.05,2,信号
580,002523,天桥起重,2022-07-21,4.337,2022-07-25,3.843,100,-13.5415%,-59.41,2,信号
581,000619,海螺新材,2022-07-22,9.065,2022-07-26,8.296,32700,-8.5716%,-25419.68,2,信号
582,002173,创新医疗,2022-07-22,7.514,2022-07-26,6.867,66500,-8.7047%,-43516.28,2,信号
583,000782,恒申新材,2022-07-25,6.493,2022-07-27,5.417,62700,-16.6538%,-67835.77,2,信号
584,002204,大连重工,2022-07-25,9.797,2022-07-27,8.728,51000,-11.0033%,-55004.74,2,信号
585,002077,大港股份,2022-07-26,10.005,2022-07-28,8.556,49900,-14.5710%,-72782.16,2,信号
586,002911,佛燃能源,2022-07-26,7.82,2022-08-01,11.249,29100,43.7118%,99519.96,4,信号
587,000056,ST皇庭,2022-07-27,6.483,2022-07-29,5.867,77100,-9.5946%,-47983.20,2,信号
588,000826,ST启环,2022-07-27,4.422,2022-07-29,4.098,113000,-7.4252%,-37122.77,2,信号
589,002150,正泰电源,2022-07-27,11.326,2022-08-01,12.604,20100,11.1732%,25448.01,3,信号
590,002369,卓翼科技,2022-07-29,7.154,2022-08-02,6.257,69800,-12.6225%,-63058.03,2,信号
591,601700,风范股份,2022-07-29,7.075,2022-08-02,5.768,48400,-18.5480%,-63541.57,2,信号
592,605133,嵘泰股份,2022-07-29,27.905,2022-08-02,23.687,17900,-15.1997%,-75960.28,2,信号
593,000678,襄阳轴承,2022-08-01,9.685,2022-08-03,10.145,51600,4.6459%,23228.78,2,信号
594,600603,广汇物流,2022-08-01,10.675,2022-08-03,10.945,7500,2.4191%,1937.85,2,信号
595,000837,秦川机床,2022-08-02,12.346,2022-08-04,12.234,40400,-1.0086%,-5033.03,2,信号
596,002514,ST宝馨,2022-08-02,18.369,2022-08-04,14.493,27200,-21.1818%,-105885.82,2,信号
597,002666,德联集团,2022-08-02,7.448,2022-08-04,7.24,300,-3.2243%,-72.20,2,信号
598,603728,鸣志电器,2022-08-02,36.399,2022-08-04,39.121,3800,7.3714%,10201.02,2,信号
599,002337,赛象科技,2022-08-03,7.134,2022-08-05,5.617,14700,-21.3356%,-22384.43,2,信号
600,600586,金晶科技,2022-08-03,9.611,2022-08-08,9.321,52000,-3.1088%,-15544.47,3,信号
601,000599,青岛双星,2022-08-04,5.903,2022-08-08,4.298,6900,-27.2643%,-11110.38,2,信号
602,002564,天沃科技,2022-08-04,6.783,2022-08-08,5.877,73700,-13.4476%,-67263.06,2,信号
603,603286,日盈电子,2022-08-04,27.954,2022-08-08,27.746,17800,-0.8428%,-4195.46,2,信号
604,002077,大港股份,2022-08-05,13.407,2022-08-15,19.04,6100,41.8801%,34267.06,6,信号
605,603528,多伦科技,2022-08-08,8.164,2022-08-11,8.386,61200,2.6132%,13063.14,3,信号
606,002512,ST达华,2022-08-09,5.163,2022-08-12,4.948,85600,-4.2614%,-18841.42,3,信号
607,002553,南方精工,2022-08-09,14.687,2022-08-12,16.312,34000,10.9495%,54706.01,3,信号
608,002231,ST奥维,2022-08-11,10.405,2022-08-15,8.706,48000,-16.4173%,-82037.30,2,信号
609,002871,伟隆股份,2022-08-11,10.991,2022-08-15,10.374,1200,-5.7140%,-754.04,2,信号
610,000040,ST旭蓝,2022-08-12,5.283,2022-08-16,4.988,100,-7.4097%,-39.51,2,信号
611,600520,三佳科技,2022-08-12,17.319,2022-08-17,15.622,27800,-9.8858%,-47619.74,3,信号
612,603051,鹿山新材,2022-08-12,65.176,2022-08-16,68.545,7600,5.0642%,25097.32,2,信号
613,000595,新能股份,2022-08-15,7.714,2022-08-19,9.705,64800,25.6887%,128471.22,4,信号
614,002337,赛象科技,2022-08-15,7.984,2022-08-17,6.577,5700,-17.7086%,-8062.99,2,信号
615,002579,中京电子,2022-08-16,14.497,2022-08-18,12.514,34400,-13.7682%,-68697.16,2,信号
616,002903,宇环数控,2022-08-16,28.534,2022-08-18,22.659,800,-20.6707%,-4720.95,2,信号
617,002272,川润股份,2022-08-17,10.155,2022-08-22,10.345,100,0.8795%,8.98,3,信号
618,002868,绿康生化,2022-08-17,21.071,2022-08-19,23.888,22300,13.2585%,62329.41,2,信号
619,600644,乐山电力,2022-08-18,8.809,2022-08-23,9.01,50900,2.1804%,9781.96,3,信号
620,002553,南方精工,2022-08-19,21.711,2022-08-23,16.592,23000,-23.6551%,-118180.93,2,信号
621,002689,ST远智,2022-08-19,5.973,2022-08-24,6.697,27100,12.0036%,19439.65,3,信号
622,600537,ST亿晶,2022-08-19,8.464,2022-08-23,7.316,59000,-13.6481%,-68191.04,2,信号
623,002445,中南文化,2022-08-22,3.222,2022-08-24,3.148,100,-5.2936%,-17.32,2,信号
624,002469,三维化学,2022-08-22,7.124,2022-08-25,7.706,100,6.7273%,48.26,3,信号
625,000820,神雾节能,2022-08-23,5.693,2022-08-26,5.857,47700,2.7819%,7558.07,3,信号
626,002045,国光电器,2022-08-23,18.654,2022-08-25,15.777,26800,-15.5084%,-77570.74,2,信号
627,002962,五方光电,2022-08-23,14.51,2022-08-25,15.025,34400,3.4473%,17215.97,2,信号
628,000045,深纺织Ａ,2022-08-24,12.762,2022-08-26,9.451,14200,-26.0183%,-47175.42,2,信号
629,002888,惠威科技,2022-08-25,17.603,2022-08-29,13.297,25000,-24.5344%,-108022.48,2,信号
630,603721,中广天择,2022-08-25,16.278,2022-08-29,15.682,30700,-3.7575%,-18787.18,2,信号
631,600617,国新能源,2022-08-26,4.663,2022-08-30,4.437,88600,-4.9532%,-20475.46,2,信号
632,000557,西部创业,2022-08-29,6.193,2022-08-31,5.227,100,-17.0702%,-106.57,2,信号
633,000593,德龙汇能,2022-08-29,12.356,2022-08-31,9.705,25300,-21.5336%,-67350.13,2,信号
634,000716,黑芝麻,2022-08-29,4.282,2022-08-31,3.958,116700,-7.6615%,-38305.62,2,信号
635,002543,万和电气,2022-08-30,11.443,2022-09-01,9.802,34300,-14.4233%,-56637.68,2,信号
636,000037,深南电A,2022-08-31,10.083,2022-09-02,8.784,49500,-12.9744%,-64788.88,2,信号
637,002554,惠博普,2022-08-31,4.982,2022-09-02,4.148,41800,-16.8332%,-35075.64,2,信号
638,002148,北纬科技,2022-09-01,8.743,2022-09-06,7.205,38400,-17.6725%,-59364.42,3,信号
639,002037,保利联合,2022-09-02,14.507,2022-09-06,13.993,34400,-3.6412%,-18180.40,2,信号
640,002820,桂发祥,2022-09-05,9.819,2022-09-07,8.62,11100,-12.3011%,-13413.67,2,信号
641,000409,云鼎科技,2022-09-07,8.604,2022-09-09,7.386,41000,-14.2415%,-50265.60,2,信号
642,002115,三维通信,2022-09-07,6.733,2022-09-09,5.517,74200,-18.1431%,-90690.97,2,信号
643,000573,粤宏远Ａ,2022-09-08,4.862,2022-09-13,4.408,100,-11.2904%,-55.46,2,信号
644,002800,天顺股份,2022-09-09,22.074,2022-09-14,17.975,22600,-18.6508%,-93090.49,2,信号
645,603056,德邦股份,2022-09-09,18.287,2022-09-14,17.209,11600,-5.9875%,-12707.76,2,信号
646,000755,山西高速,2022-09-14,6.608,2022-09-16,6.202,75600,-6.2437%,-31208.44,2,信号
647,000759,中百集团,2022-09-14,7.003,2022-09-16,6.287,15200,-10.3224%,-10994.01,2,信号
648,002871,伟隆股份,2022-09-16,12.3,2022-09-20,8.875,40600,-27.9221%,-139508.66,2,信号
649,002703,浙江世宝,2022-09-20,11.662,2022-09-22,10.481,36400,-10.2175%,-43393.98,2,信号
650,002188,中天服务,2022-09-23,6.413,2022-09-27,6.237,59400,-2.8466%,-10849.41,2,信号
651,002693,双成药业,2022-09-29,5.663,2022-10-11,5.527,100,-4.1240%,-23.56,3,信号
652,603366,日出东方,2022-09-29,11.309,2022-10-10,8.809,32700,-22.1853%,-82080.81,2,信号
653,002084,海鸥住工,2022-10-10,6.043,2022-10-12,5.417,47600,-10.4442%,-30057.50,2,信号
654,002380,科远智慧,2022-10-13,17.369,2022-10-17,17.751,14800,2.0997%,5400.23,2,信号
655,000851,ST高鸿,2022-10-14,5.433,2022-10-18,5.277,200,-3.7627%,-41.07,2,信号
656,603083,剑桥科技,2022-10-17,12.998,2022-10-19,13.185,20200,1.3365%,3511.08,2,信号
657,002172,澳洋健康,2022-10-18,4.432,2022-10-20,4.268,200,-4.8091%,-42.87,2,信号
658,000948,南天信息,2022-10-19,29.025,2022-10-21,21.359,9100,-26.4829%,-69982.48,2,信号
659,002528,ST英飞,2022-10-19,5.183,2022-10-24,5.817,400,11.7322%,243.80,3,信号
660,002796,世嘉科技,2022-10-21,11.005,2022-10-25,10.435,17700,-5.2805%,-10291.49,2,信号
661,000813,德展健康,2022-10-24,4.832,2022-10-26,3.388,500,-30.2351%,-732.05,2,信号
662,002077,大港股份,2022-10-25,16.808,2022-10-28,15.732,10900,-6.4967%,-11908.69,3,信号
663,002598,ST章鼓,2022-10-26,14.607,2022-10-28,13.233,200,-9.7313%,-284.78,2,信号
664,003006,百亚股份,2022-10-28,9.125,2022-11-01,8.466,19000,-7.3128%,-12684.21,2,信号
665,002279,久其软件,2022-10-31,6.803,2022-11-02,6.997,100,1.3584%,9.31,2,信号
666,002845,同兴达,2022-11-01,18.15,2022-11-03,18.732,8800,3.1010%,4955.44,2,信号
667,600613,神奇制药,2022-11-02,6.883,2022-11-04,6.437,200,-7.1892%,-99.33,2,信号
668,003042,中农联合,2022-11-03,25.763,2022-11-08,29.025,6400,12.5514%,20705.35,3,信号
669,002322,理工能科,2022-11-04,10.286,2022-11-08,7.977,100,-23.3078%,-240.91,2,信号
670,000721,西安饮食,2022-11-08,7.204,2022-11-14,10.175,25900,41.1064%,76731.88,4,信号
671,000610,ST西旅,2022-11-14,12.496,2022-11-16,12.004,21000,-4.0352%,-10594.50,2,信号
672,002836,新宏泽,2022-11-14,8.986,2022-11-16,7.978,100,-12.2667%,-110.85,2,信号
673,600095,湘财股份,2022-11-16,9.301,2022-11-21,9.091,27100,-2.3470%,-5918.42,3,信号
674,600393,ST粤泰,2022-11-16,2.001,2022-11-18,1.639,100,-22.5168%,-46.18,2,信号
675,600665,天地源,2022-11-16,4.033,2022-11-18,3.879,100,-6.2198%,-25.40,2,信号
676,600080,ST金花,2022-11-21,10.237,2022-11-23,9.377,24100,-8.4905%,-20957.70,2,信号
677,600222,太龙药业,2022-11-23,8.783,2022-11-25,8.215,25700,-6.5659%,-14828.85,2,信号
678,002846,英联股份,2022-11-25,12.457,2022-11-29,10.856,16900,-12.9443%,-27264.98,2,信号
679,002875,安奈儿,2022-11-29,14.367,2022-12-06,19.49,100,34.8409%,502.31,5,信号
680,003027,同兴科技,2022-11-29,26.404,2022-12-02,28.077,6900,6.2289%,11354.08,3,信号
681,002420,毅昌科技,2022-12-02,9.665,2022-12-06,9.175,20000,-5.1588%,-9976.80,2,信号
682,002150,正泰电源,2022-12-06,22.741,2022-12-08,25.217,8100,10.7769%,19861.53,2,信号
683,002528,ST英飞,2022-12-06,6.603,2022-12-09,6.547,200,-1.6079%,-21.31,3,信号
684,002423,中粮资本,2022-12-08,8.847,2022-12-12,7.219,23000,-18.4828%,-37629.53,2,信号
685,002193,ST如意,2022-12-09,9.405,2022-12-13,10.545,200,11.5595%,218.01,2,信号
686,000756,新华制药,2022-12-12,34.642,2022-12-16,42.604,4700,22.8587%,37236.93,4,信号
687,002640,跨境通,2022-12-12,5.083,2022-12-14,5.107,600,0.1618%,4.94,2,信号
688,002336,人乐退,2022-12-13,12.336,2022-12-16,15.292,100,23.0595%,285.62,3,信号
689,002910,庄园牧场,2022-12-14,14.645,2022-12-16,13.931,200,-5.2098%,-152.86,2,信号
690,000716,黑芝麻,2022-12-15,6.553,2022-12-21,6.127,100,-7.9709%,-52.63,4,信号
691,000721,西安饮食,2022-12-16,15.007,2022-12-20,15.992,13600,6.4535%,13178.40,2,信号
692,600056,中国医药,2022-12-20,20.45,2022-12-22,19.74,10600,-3.5688%,-7740.02,2,信号
693,002186,全聚德,2022-12-21,15.228,2022-12-26,18.811,100,22.7979%,348.30,3,信号
694,000698,ST沈化,2022-12-23,6.783,2022-12-27,5.787,30800,-14.7724%,-30879.16,2,信号
695,002719,ST麦趣,2022-12-26,10.995,2023-01-04,16.742,200,51.6867%,1139.23,6,信号
696,002528,ST英飞,2022-12-27,9.905,2022-12-30,10.255,17900,3.4293%,6083.14,3,信号
697,000715,中兴商业,2022-12-29,5.977,2023-01-04,5.532,100,-9.0386%,-54.48,3,信号
698,000620,盈新发展,2022-12-30,3.812,2023-01-04,3.468,48100,-9.1059%,-16704.17,2,信号
699,002279,久其软件,2023-01-04,8.554,2023-01-06,7.996,19900,-6.6197%,-11274.35,2,信号
700,002184,海得控制,2023-01-06,13.807,2023-01-10,15.032,11500,8.7678%,13928.34,2,信号
701,002441,众业达,2023-01-10,11.016,2023-01-12,10.095,15700,-8.4485%,-14618.43,2,信号
702,002195,岩山科技,2023-01-12,2.83,2023-01-16,2.768,56100,-2.3165%,-3680.05,2,信号
703,002762,金发拉比,2023-01-16,12.106,2023-01-18,13.233,12800,9.2029%,14267.65,2,信号
704,600095,湘财股份,2023-01-18,10.701,2023-01-20,9.951,15800,-7.1045%,-12018.30,2,信号
705,002670,国盛证券,2023-01-20,10.705,2023-01-31,9.275,14700,-13.4443%,-21167.71,2,信号
706,002401,中远海科,2023-01-31,17.351,2023-02-02,17.743,7800,2.1597%,2924.27,2,信号
707,002808,恒久退,2023-02-02,17.989,2023-02-06,16.162,7700,-10.2464%,-14199.96,2,信号
708,300044,ST赛为,2023-02-02,6.003,2023-02-06,5.437,100,-10.9982%,-66.57,2,信号
709,002167,东方锆业,2023-02-06,9.035,2023-02-08,9.345,13800,3.3369%,4162.36,2,信号
710,002354,天娱数科,2023-02-08,6.733,2023-02-10,5.907,100,-13.6558%,-92.63,2,信号
711,002362,汉王科技,2023-02-08,34.217,2023-02-10,34.683,3700,1.2593%,1595.07,2,信号
712,002806,华锋股份,2023-02-08,15.838,2023-02-10,13.013,100,-18.4066%,-292.44,2,信号
713,601360,三六零,2023-02-10,9.507,2023-02-14,9.327,13700,-1.9853%,-2587.03,2,信号
714,302132,中航成飞,2023-02-14,46.971,2023-02-16,52.822,2700,12.3422%,15660.55,2,信号
715,600449,宁夏建材,2023-02-16,17.349,2023-02-20,14.283,8200,-17.7540%,-25269.37,2,信号
716,001339,智微智能,2023-02-20,26.436,2023-02-22,22.566,4400,-14.7262%,-17138.00,2,信号
717,002713,东易日盛,2023-02-23,7.249,2023-02-27,5.725,13900,-21.0965%,-21266.63,2,信号
718,002112,三变科技,2023-02-27,12.556,2023-03-01,12.954,6300,3.0606%,2422.29,2,信号
719,601566,九牧王,2023-03-01,11.005,2023-03-06,10.895,7400,-1.1071%,-902.06,3,信号
720,603042,华脉科技,2023-03-06,12.056,2023-03-08,10.822,6700,-10.3289%,-8347.38,2,信号
721,603860,中公高科,2023-03-08,37.366,2023-03-13,36.339,1900,-2.8453%,-2021.04,3,信号
722,002796,世嘉科技,2023-03-09,13.527,2023-03-13,12.544,100,-7.9771%,-108.30,2,信号
723,000890,法尔胜,2023-03-14,5.203,2023-03-16,6.127,13600,17.6491%,12493.92,2,信号
724,600228,返利科技,2023-03-16,9.885,2023-03-20,9.795,8400,-1.0079%,-837.31,2,信号
725,000506,招金黄金,2023-03-20,5.793,2023-03-22,5.707,14200,-1.5787%,-1299.30,2,信号
726,002280,ST联络,2023-03-23,4.592,2023-03-27,4.298,17600,-6.5053%,-5260.47,2,信号
727,002888,惠威科技,2023-03-27,19.574,2023-03-29,17.575,3800,-10.3002%,-7665.16,2,信号
728,601116,三江购物,2023-03-31,13.697,2023-04-04,14.013,4900,2.2059%,1481.22,2,信号
729,600667,太极实业,2023-04-07,8.039,2023-04-11,7.191,8600,-10.6332%,-7354.98,2,信号
730,002534,西子洁能,2023-04-12,18.25,2023-04-14,17.212,3400,-5.7804%,-3588.57,2,信号
731,002292,奥飞娱乐,2023-04-14,10.375,2023-04-18,8.796,5600,-15.3094%,-8899.35,2,信号
732,603083,剑桥科技,2023-04-21,59.272,2023-04-25,58.253,800,-1.8170%,-862.02,2,信号
733,601949,中国出版,2023-04-25,8.829,2023-04-28,8.231,5500,-6.8720%,-3338.83,3,信号
734,601333,广深铁路,2023-05-08,3.082,2023-05-10,3.038,14800,-1.4959%,-682.58,2,信号
735,603357,设计总院,2023-05-10,12.118,2023-05-12,10.39,3700,-14.3475%,-6436.18,2,信号
736,002992,宝明科技,2023-05-12,52.026,2023-05-17,54.973,700,5.5579%,2025.10,3,信号
737,603790,雅运股份,2023-05-16,13.577,2023-05-18,13.573,100,-0.7601%,-10.36,2,信号
738,605011,杭州热电,2023-05-17,19.76,2023-05-19,20.96,1900,5.9651%,2240.63,2,信号
739,603196,璞源材料,2023-05-19,16.147,2023-05-30,27.295,2600,68.8731%,28929.04,7,信号
740,600310,广西能源,2023-05-25,4.162,2023-05-29,4.148,100,-2.7102%,-11.42,2,信号
741,002229,鸿博股份,2023-05-30,29.915,2023-06-02,34.663,2300,15.7549%,10845.47,3,信号
742,605580,恒盛能源,2023-05-30,16.358,2023-06-01,13.493,100,-18.0698%,-296.49,2,信号
743,603869,ST智知,2023-06-01,13.951,2023-06-05,11.928,100,-15.1628%,-212.29,2,信号
744,601900,南方传媒,2023-06-02,27.04,2023-06-06,22.875,2900,-15.4878%,-12150.75,2,信号
745,605118,力鼎光电,2023-06-02,19.44,2023-06-07,18.261,100,-6.5617%,-127.88,3,信号
746,002902,铭普光磁,2023-06-06,25.98,2023-06-09,31.621,2600,21.5920%,14592.23,3,信号
747,002175,ST东智,2023-06-07,3.852,2023-06-09,3.058,100,-22.8978%,-89.35,2,信号
748,603629,利通电子,2023-06-07,15.243,2023-06-09,17.025,100,11.0044%,168.29,2,信号
749,600822,上海物贸,2023-06-09,13.967,2023-06-14,16.912,200,20.6873%,578.91,3,信号
750,603918,金桥信息,2023-06-09,36.858,2023-06-13,34.123,2200,-7.5141%,-6096.16,2,信号
751,002261,拓维信息,2023-06-13,20.12,2023-06-15,17.801,3700,-11.6140%,-8650.31,2,信号
752,002146,荣盛发展,2023-06-14,1.721,2023-06-19,1.829,200,3.3350%,11.65,3,信号
753,002536,飞龙股份,2023-06-14,13.387,2023-06-16,12.384,300,-7.7310%,-310.87,2,信号
754,603006,联明股份,2023-06-15,12.106,2023-06-19,10.365,5400,-14.4688%,-9463.34,2,信号
755,603333,福华尚纬,2023-06-16,6.023,2023-06-20,5.057,700,-16.2488%,-685.88,2,信号
756,002896,中大力德,2023-06-19,29.895,2023-06-21,32.81,1800,9.6399%,5189.93,2,信号
757,000936,华西股份,2023-06-20,13.187,2023-06-26,13.093,400,-0.8951%,-47.26,2,信号
758,603108,润达医疗,2023-06-21,18.619,2023-06-27,17.701,3200,-5.0262%,-2996.22,2,信号
759,603767,中马传动,2023-06-27,10.605,2023-07-03,15.052,5800,41.7916%,25719.18,4,信号
760,002411,必康退,2023-06-28,1.071,2023-06-30,0.86,400,-21.7874%,-94.39,2,信号
761,000678,襄阳轴承,2023-07-03,8.884,2023-07-05,8.116,100,-9.7208%,-86.85,2,信号
762,603042,华脉科技,2023-07-03,18.374,2023-07-05,15.173,4700,-17.5025%,-15122.47,2,信号
763,002356,鹏飞绿能,2023-07-05,5.353,2023-07-07,5.407,200,0.0859%,0.92,2,信号
764,603178,圣龙股份,2023-07-05,16.138,2023-07-07,12.724,4400,-21.2364%,-15086.99,2,信号
765,002428,云南锗业,2023-07-07,16.308,2023-07-11,15.822,3500,-3.0775%,-1757.46,2,信号
766,000020,深华发Ａ,2023-07-11,16.608,2023-07-13,13.223,3300,-20.4604%,-11219.44,2,信号
767,002590,万安科技,2023-07-13,13.862,2023-07-17,12.979,100,-7.0689%,-98.34,2,信号
768,002893,京能热力,2023-07-13,16.455,2023-07-17,14.02,2600,-14.8843%,-6371.23,2,信号
769,603000,人民网,2023-07-17,34.7,2023-07-19,32.56,1000,-6.2627%,-2174.26,2,信号
770,000004,国华退,2023-07-18,22.061,2023-07-20,19.73,100,-10.9940%,-243.09,2,信号
771,600280,中央商场,2023-07-19,3.802,2023-07-25,4.598,8800,20.8108%,6966.08,4,信号
772,002146,荣盛发展,2023-07-24,2.511,2023-07-28,2.439,700,-3.4451%,-60.73,4,信号
773,002719,ST麦趣,2023-07-26,12.756,2023-07-28,11.554,3100,-9.5145%,-3764.36,2,信号
774,600936,北投科技,2023-07-26,5.103,2023-07-31,4.698,200,-8.8717%,-90.98,3,信号
775,601086,国芳集团,2023-07-31,7.156,2023-08-02,6.909,5300,-3.5488%,-1346.54,2,信号
776,002377,国创高新,2023-08-02,4.062,2023-08-04,3.798,9100,-6.5909%,-2437.53,2,信号
777,600239,ST云城,2023-08-04,3.882,2023-08-08,3.148,8900,-18.9766%,-6559.57,2,信号
778,601136,首创证券,2023-08-08,24.089,2023-08-10,22.091,1100,-8.3863%,-2223.30,2,信号
779,603106,恒银科技,2023-08-09,7.734,2023-08-14,7.946,200,2.0900%,32.43,3,信号
780,301281,科源制药,2023-08-11,49.205,2023-08-15,60.91,400,23.6646%,4659.95,2,信号
781,603716,塞力医疗,2023-08-11,14.057,2023-08-15,14.423,300,2.3620%,99.73,2,信号
782,600272,开开实业,2023-08-16,14.909,2023-08-21,16.184,2000,8.4395%,2517.81,3,信号
783,001324,长青科技,2023-08-21,34.453,2023-08-23,35.598,900,3.2200%,998.95,2,信号
784,000010,ST美丽,2023-08-22,3.502,2023-08-24,3.028,600,-13.9578%,-293.96,2,信号
785,000826,ST启环,2023-08-23,5.013,2023-08-25,4.598,6400,-8.3671%,-2685.50,2,信号
786,605069,正和生态,2023-08-24,12.806,2023-08-28,12.894,100,-0.1000%,-1.29,2,信号
787,601065,江盐集团,2023-08-25,16.598,2023-08-29,13.403,1800,-19.3297%,-5778.00,2,信号
788,600257,大湖股份,2023-08-28,10.135,2023-08-30,9.395,100,-8.2451%,-83.98,2,信号
789,002333,罗普斯金,2023-08-29,8.249,2023-08-31,6.942,2900,-15.9354%,-3814.05,2,信号
790,600684,珠江股份,2023-08-30,5.153,2023-09-01,4.588,200,-11.8756%,-122.97,2,信号
791,603025,大豪科技,2023-08-31,15.758,2023-09-04,12.924,1300,-18.0688%,-3703.28,2,信号
792,603767,中马传动,2023-09-04,19.7,2023-09-06,21.729,900,10.1908%,1807.71,2,信号
793,600792,云煤能源,2023-09-06,4.853,2023-09-08,3.929,200,-19.9735%,-194.88,2,信号
794,603326,我乐家居,2023-09-06,14.237,2023-09-08,13.343,1300,-6.3716%,-1179.85,2,信号
795,000536,华映科技,2023-09-08,3.022,2023-09-12,2.769,6000,-8.4614%,-1534.74,2,信号
796,600895,张江高科,2023-09-12,23.842,2023-09-14,23.338,600,-2.2100%,-316.31,2,信号
797,000851,ST高鸿,2023-09-13,6.993,2023-09-15,6.497,300,-7.5616%,-159.02,2,信号
798,000766,通化金马,2023-09-14,10.705,2023-09-19,13.543,1300,26.3825%,3673.48,3,信号
799,605365,立达信,2023-09-15,20.23,2023-09-19,17.281,100,-15.0332%,-304.88,2,信号
800,601188,龙江交通,2023-09-19,5.118,2023-09-21,4.453,3800,-13.0772%,-2544.37,2,信号
801,003015,日久光电,2023-09-22,13.789,2023-09-26,10.957,1200,-20.6204%,-3413.69,2,信号
802,603042,华脉科技,2023-09-26,14.98,2023-09-28,13.635,900,-9.0714%,-1223.65,2,信号
803,603123,翠微股份,2023-09-28,15.308,2023-10-10,15.192,800,-0.8521%,-104.40,2,信号
804,000536,华映科技,2023-10-10,5.503,2023-10-12,4.678,100,-16.6600%,-92.51,2,信号
805,600355,ST精伦,2023-10-10,6.823,2023-10-12,6.047,1700,-11.4676%,-1330.88,2,信号
806,002514,ST宝馨,2023-10-12,11.196,2023-10-16,10.795,100,-4.4550%,-50.10,2,信号
807,603178,圣龙股份,2023-10-12,15.958,2023-10-27,38.611,600,141.7051%,13575.04,11,信号
808,002456,欧菲光,2023-10-16,10.995,2023-10-18,10.295,100,-7.2486%,-80.06,2,信号
809,600439,ST瑞贝卡,2023-10-20,3.112,2023-10-24,2.959,300,-5.9576%,-55.91,2,信号
810,000631,顺发恒能,2023-10-25,3.839,2023-10-31,3.895,200,0.1587%,1.23,4,信号
811,600239,ST云城,2023-10-26,2.801,2023-10-30,2.679,100,-7.8116%,-22.27,2,信号
812,002771,真视通,2023-10-27,37.639,2023-10-31,28.776,100,-23.7821%,-896.32,2,信号
813,603985,恒润股份,2023-10-27,47.224,2023-10-31,44.948,400,-4.9149%,-928.87,2,信号
814,002682,龙洲股份,2023-10-30,7.454,2023-11-01,6.637,100,-12.2212%,-91.70,2,信号
815,002457,青龙管业,2023-10-31,11.441,2023-11-02,9.54,1800,-16.6950%,-3439.76,2,信号
816,002889,东方嘉盛,2023-11-01,15.715,2023-11-06,14.99,100,-5.2354%,-82.54,3,信号
817,603266,天龙股份,2023-11-02,32.136,2023-11-09,34.833,500,8.2826%,1331.52,5,信号
818,603729,ST龙韵,2023-11-07,24.932,2023-11-10,22.189,100,-11.3822%,-284.36,3,信号
819,002222,福晶科技,2023-11-09,31.889,2023-11-13,28.368,500,-11.1308%,-1775.63,2,信号
820,600592,龙溪股份,2023-11-09,13.44,2023-11-13,10.858,100,-19.8829%,-268.21,2,信号
821,000828,东莞控股,2023-11-10,10.61,2023-11-14,10.72,200,0.5579%,11.87,2,信号
822,002584,西陇科学,2023-11-13,8.451,2023-11-15,8.543,1800,0.9817%,149.41,2,信号
823,000056,ST皇庭,2023-11-14,5.002,2023-11-17,4.878,500,-2.8916%,-72.47,3,信号
824,000572,海马汽车,2023-11-15,5.993,2023-11-17,5.427,2500,-9.5300%,-1428.55,2,信号
825,603496,恒为科技,2023-11-17,42.401,2023-11-21,43.358,300,2.1551%,274.27,2,信号
826,603528,多伦科技,2023-11-17,11.356,2023-11-21,12.534,300,10.0658%,343.42,2,信号
827,002239,奥特佳,2023-11-21,4.054,2023-11-23,3.58,100,-13.9818%,-57.38,2,信号
828,002584,西陇科学,2023-11-21,13.784,2023-11-23,10.272,1200,-25.5537%,-4228.87,2,信号
829,002559,亚威股份,2023-11-23,13.859,2023-11-27,12.596,900,-9.2057%,-1148.81,2,信号
830,605218,伟时电子,2023-11-27,27.382,2023-11-30,24.206,400,-11.6880%,-1280.79,3,信号
831,000518,四环生物,2023-11-28,4.492,2023-11-30,3.538,100,-23.2047%,-105.40,2,信号
832,603286,日盈电子,2023-11-30,39.96,2023-12-04,29.235,200,-26.9466%,-2154.92,2,信号
833,603536,惠发食品,2023-11-30,11.686,2023-12-07,15.672,100,33.1150%,388.63,5,信号
834,600178,东安动力,2023-12-04,15.487,2023-12-07,14.872,400,-4.1304%,-256.07,3,信号
835,603023,威帝股份,2023-12-04,6.253,2023-12-06,6.607,100,4.0229%,25.36,2,信号
836,600250,南京商旅,2023-12-07,14.187,2023-12-11,14.193,500,-0.1000%,-7.10,2,信号
837,002451,摩恩电气,2023-12-08,8.974,2023-12-12,7.666,100,-15.6055%,-140.83,2,信号
838,600678,ST金顶,2023-12-11,8.704,2023-12-15,10.205,800,17.0832%,1190.44,4,信号
839,600715,文投控股,2023-12-11,2.683,2023-12-15,3.061,100,10.1754%,27.81,4,信号
840,000421,南京公用,2023-12-13,7.584,2023-12-15,8.306,100,8.1487%,62.21,2,信号
841,600083,ST博信,2023-12-15,10.775,2023-12-19,8.776,100,-19.3968%,-209.98,2,信号
842,603660,苏州科达,2023-12-15,11.756,2023-12-19,10.275,700,-12.7119%,-1046.71,2,信号
843,002862,实丰文化,2023-12-19,17.573,2023-12-21,15.578,400,-11.4845%,-807.83,2,信号
844,002888,惠威科技,2023-12-21,21.945,2023-12-25,22.443,300,2.1149%,139.34,2,信号
845,002952,亚世光电,2023-12-25,24.534,2024-01-04,38.273,300,55.8137%,4110.84,7,信号
846,603333,福华尚纬,2024-01-04,6.243,2024-01-08,5.367,1800,-14.1158%,-1587.07,2,信号
847,003015,日久光电,2024-01-08,15.62,2024-01-10,11.686,600,-25.2770%,-2370.19,2,信号
848,600593,大连圣亚,2024-01-10,33.347,2024-01-12,29.465,200,-11.7807%,-786.28,2,信号
849,000715,中兴商业,2024-01-11,8.393,2024-01-15,7.431,100,-12.5771%,-106.19,2,信号
850,603333,福华尚纬,2024-01-12,7.384,2024-01-16,5.887,800,-20.4215%,-1207.31,2,信号
851,002641,公元股份,2024-01-15,7.706,2024-01-17,5.929,100,-24.1987%,-187.68,2,信号
852,600828,茂业商业,2024-01-16,5.586,2024-01-18,4.341,100,-23.8647%,-134.50,2,信号
853,603038,华立股份,2024-01-16,12.945,2024-01-22,11.925,300,-8.1296%,-316.13,4,信号
854,600819,耀皮玻璃,2024-01-17,6.417,2024-01-19,5.661,100,-13.2366%,-85.60,2,信号
855,002211,ST宏达,2024-01-18,5.853,2024-01-22,4.038,100,-32.4406%,-191.49,2,信号
856,000017,深中华A,2024-01-22,10.985,2024-01-25,12.744,400,15.7587%,693.25,3,信号
857,603958,哈森股份,2024-01-25,18.209,2024-01-30,11.604,200,-36.4970%,-1330.98,3,信号
858,600200,退市苏吴,2024-01-26,10.805,2024-01-30,9.295,100,-14.8318%,-161.00,2,信号
859,600629,华建集团,2024-01-26,5.232,2024-01-30,4.277,100,-19.9703%,-105.48,2,信号
860,600675,中华企业,2024-01-30,4.268,2024-02-01,3.414,800,-20.2682%,-693.07,2,信号
861,600088,中视传媒,2024-02-01,28.886,2024-02-06,21.021,100,-27.5257%,-796.50,3,信号
862,000972,中基健康,2024-02-06,4.892,2024-02-08,4.118,100,-17.6938%,-87.45,2,信号
863,603958,哈森股份,2024-02-06,13.637,2024-02-21,15.842,100,15.3817%,210.53,5,信号
864,002325,ST洪涛,2024-02-08,1.371,2024-02-20,1.439,500,3.5196%,24.30,2,信号
865,600622,光大嘉宝,2024-02-21,2.991,2024-02-23,2.669,700,-11.2423%,-235.98,2,信号
866,000908,石药景峰,2024-02-22,1.274,2024-02-28,1.512,100,10.4717%,13.86,4,信号
867,600355,ST精伦,2024-02-23,3.732,2024-02-28,4.458,100,16.5502%,62.59,3,信号
868,603189,ST网达,2024-02-23,12.846,2024-02-27,12.844,100,-0.7975%,-10.28,2,信号
869,002217,ST合力泰,2024-02-26,1.891,2024-02-28,1.919,100,-3.7046%,-7.19,2,信号
870,600571,信雅达,2024-02-27,13.667,2024-02-29,14.743,100,7.1139%,97.58,2,信号
871,300486,东杰智能,2024-02-28,7.111,2024-03-01,6.244,100,-13.5000%,-96.67,2,信号
872,603825,ST华扬,2024-02-29,15.358,2024-03-04,12.064,100,-22.0261%,-339.37,2,信号
873,000586,汇源通信,2024-03-04,14.287,2024-03-07,11.124,100,-22.7570%,-326.27,3,信号
874,002325,ST洪涛,2024-03-04,1.901,2024-03-06,1.639,200,-16.1879%,-62.35,2,信号
875,600715,文投控股,2024-03-06,2.035,2024-03-11,1.998,100,-6.5715%,-13.70,3,信号
876,603327,福蓉科技,2024-03-07,11.249,2024-03-12,10.916,100,-3.8331%,-43.31,3,信号
877,000008,神州高铁,2024-03-12,3.022,2024-03-14,2.669,200,-13.2232%,-80.57,2,信号
878,600207,安彩高科,2024-03-12,6.913,2024-03-14,5.817,100,-17.1806%,-119.64,2,信号
879,002298,中电鑫龙,2024-03-14,7.003,2024-03-18,6.567,100,-7.6102%,-53.68,2,信号
880,002076,星光股份,2024-03-15,2.901,2024-03-19,2.529,100,-16.0164%,-47.27,2,信号
881,000571,新大洲A,2024-03-19,3.302,2024-03-22,3.058,300,-8.3329%,-82.95,3,信号
882,603363,傲农生物,2024-03-22,6.453,2024-03-26,5.157,100,-21.4633%,-139.58,2,信号
883,600165,ST宁科,2024-03-25,2.328,2024-04-09,2.031,100,-16.7011%,-39.72,8,信号
884,600683,京投发展,2024-03-27,5.533,2024-03-29,5.387,100,-4.3967%,-24.55,2,信号
885,603843,ST正平,2024-04-03,4.042,2024-04-10,2.899,100,-30.3877%,-124.35,3,信号
886,600984,建设机械,2024-04-16,4.512,2024-04-18,3.528,100,-23.7606%,-108.40,2,信号
887,603183,建研院,2024-04-19,4.127,2024-04-23,3.493,100,-17.5676%,-73.38,2,信号
888,600234,科新发展,2024-04-26,4.352,2024-05-06,4.078,100,-8.5007%,-37.42,2,信号
889,002305,ST南置,2024-05-07,2.181,2024-05-09,1.939,200,-13.2388%,-58.41,2,信号
890,600665,天地源,2024-05-20,3.402,2024-05-22,3.138,100,-10.5244%,-36.33,2,信号
891,000620,盈新发展,2024-05-24,2.581,2024-05-28,2.269,100,-15.6739%,-41.24,2,信号
892,600653,申华控股,2024-06-04,1.651,2024-06-06,1.659,100,-5.3889%,-9.17,2,信号
893,300262,ST巴安,2024-06-11,0.91,2024-06-13,0.89,300,-5.8496%,-16.27,2,信号
894,000793,ST华闻,2024-06-17,1.261,2024-06-20,1.297,200,-1.0329%,-2.66,3,信号
895,000010,ST美丽,2024-06-25,1.941,2024-06-27,1.519,100,-26.2048%,-52.17,2,信号
896,600881,亚泰集团,2024-07-04,1.071,2024-07-08,1.039,200,-7.3987%,-16.21,2,信号
897,600811,ST东方,2024-07-08,0.87,2024-07-10,0.78,200,-15.7270%,-28.16,2,信号
898,000981,山子高科,2024-08-01,1.281,2024-08-06,1.219,100,-12.1182%,-16.12,3,信号
899,600881,亚泰集团,2024-09-26,1.461,2024-10-10,1.719,100,10.4857%,15.84,5,信号
900,600221,海航控股,2024-11-05,1.681,2024-11-11,2.129,100,20.1113%,34.81,4,信号
901,000981,山子高科,2024-11-11,2.091,2024-11-13,1.809,100,-17.8394%,-38.19,2,信号
902,300108,ST吉药,2025-01-10,1.411,2025-01-14,1.379,100,-8.9953%,-13.14,2,信号
903,300391,长药退,2026-01-23,0.92,2026-03-23,0.41,100,-62.9253%,-61.07,2,信号
904,002808,恒久退,2026-07-02,0.25,2026-07-06,0.24,400,-13.4203%,-14.10,2,信号
