日期,权益
2021-08-17,10000000.00
2021-08-18,10101782.85
2021-08-19,9982839.40
2021-08-20,10070897.43
2021-08-23,10058440.28
2021-08-24,9951501.28
2021-08-25,9978545.66
2021-08-26,9944002.81
2021-08-27,9927966.65
2021-08-30,10053584.72
2021-08-31,10095400.03
2021-09-01,10100621.81
2021-09-02,10253155.49
2021-09-03,10142224.29
2021-09-06,10238581.65
2021-09-07,10291386.97
2021-09-08,10428501.23
2021-09-09,10555041.43
2021-09-10,10421310.93
2021-09-13,10620595.01
2021-09-14,10318595.03
2021-09-15,10371864.62
2021-09-16,10317972.65
2021-09-17,10282054.54
2021-09-22,10416806.62
2021-09-23,10351358.26
2021-09-24,10225825.76
2021-09-27,10253397.48
2021-09-28,10238245.50
2021-09-29,9957564.26
2021-09-30,10082501.23
2021-10-08,10210974.35
2021-10-11,10181673.83
2021-10-12,10101864.80
2021-10-13,9966564.11
2021-10-14,9990000.94
2021-10-15,9974327.04
2021-10-18,9991931.12
2021-10-19,9974511.72
2021-10-20,9896769.78
2021-10-21,9763589.46
2021-10-22,9765309.79
2021-10-25,9761600.16
2021-10-26,9727892.21
2021-10-27,9761778.46
2021-10-28,9812571.35
2021-10-29,9822562.14
2021-11-01,9849554.33
2021-11-02,9794822.73
2021-11-03,9775380.95
2021-11-04,9896080.15
2021-11-05,9924129.82
2021-11-08,10020062.81
2021-11-09,10005906.17
2021-11-10,10100850.89
2021-11-11,10271780.10
2021-11-12,10428585.99
2021-11-15,10492135.59
2021-11-16,10364902.92
2021-11-17,10553885.41
2021-11-18,10463346.99
2021-11-19,10439672.49
2021-11-22,10532269.26
2021-11-23,10598511.62
2021-11-24,10634290.28
2021-11-25,10605463.35
2021-11-26,10575746.80
2021-11-29,10621148.80
2021-11-30,10827568.64
2021-12-01,11098364.61
2021-12-02,10889011.31
2021-12-03,10845760.33
2021-12-06,10700079.81
2021-12-07,10586168.21
2021-12-08,10596346.23
2021-12-09,10472316.33
2021-12-10,10420937.19
2021-12-13,10294737.82
2021-12-14,10316175.05
2021-12-15,10268777.47
2021-12-16,10367767.58
2021-12-17,10386942.68
2021-12-20,10466364.55
2021-12-21,10520144.03
2021-12-22,10552692.71
2021-12-23,10347245.26
2021-12-24,10293111.21
2021-12-27,10456834.86
2021-12-28,10530039.28
2021-12-29,10881917.65
2021-12-30,11293881.61
2021-12-31,11457866.76
2022-01-04,11815960.83
2022-01-05,11634637.33
2022-01-06,11872944.69
2022-01-07,11366007.24
2022-01-10,11426340.52
2022-01-11,11353792.58
2022-01-12,11653990.00
2022-01-13,11912600.54
2022-01-14,12027679.42
2022-01-17,12218446.76
2022-01-18,11825193.96
2022-01-19,11815148.04
2022-01-20,11775787.39
2022-01-21,11672266.29
2022-01-24,11304475.08
2022-01-25,10742700.17
2022-01-26,10700410.81
2022-01-27,10481067.52
2022-01-28,10492679.63
2022-02-07,10544565.67
2022-02-08,10559216.67
2022-02-09,10546922.94
2022-02-10,10596083.94
2022-02-11,10569899.94
2022-02-14,10527362.94
2022-02-15,10516249.25
2022-02-16,10549605.47
2022-02-17,10508183.47
2022-02-18,10599885.25
2022-02-21,10655086.85
2022-02-22,10534481.44
2022-02-23,10500946.40
2022-02-24,10598871.25
2022-02-25,10432904.29
2022-02-28,10258214.32
2022-03-01,10286547.99
2022-03-02,10480722.93
2022-03-03,10757222.65
2022-03-04,10387833.43
2022-03-07,10348238.80
2022-03-08,9897501.50
2022-03-09,9893806.08
2022-03-10,9889506.74
2022-03-11,9849248.62
2022-03-14,9596563.40
2022-03-15,9178113.65
2022-03-16,9222064.12
2022-03-17,9219406.12
2022-03-18,9244240.12
2022-03-21,9248832.12
2022-03-22,9284602.12
2022-03-23,9238363.12
2022-03-24,9228271.30
2022-03-25,9211990.17
2022-03-28,9208753.17
2022-03-29,9186045.57
2022-03-30,9180872.88
2022-03-31,9230375.88
2022-04-01,9241111.02
2022-04-06,9260281.02
2022-04-07,9189981.42
2022-04-08,9214966.91
2022-04-11,9129692.86
2022-04-12,9156421.28
2022-04-13,9100544.71
2022-04-14,9061229.90
2022-04-15,9014741.90
2022-04-18,8977789.90
2022-04-19,8967211.49
2022-04-20,9055554.92
2022-04-21,9090474.92
2022-04-22,9102762.92
2022-04-25,8950158.86
2022-04-26,8830743.58
2022-04-27,8707661.58
2022-04-28,8714889.14
2022-04-29,8705675.14
2022-05-05,8775051.14
2022-05-06,8765047.24
2022-05-09,8830863.24
2022-05-10,8938182.24
2022-05-11,9033243.24
2022-05-12,9068604.24
2022-05-13,9003734.24
2022-05-16,9099262.24
2022-05-17,8994363.24
2022-05-18,8890714.24
2022-05-19,8801581.24
2022-05-20,8779502.02
2022-05-23,8769352.02
2022-05-24,8771413.24
2022-05-25,8771413.24
2022-05-26,8771413.24
2022-05-27,8771413.24
2022-05-30,8771413.24
2022-05-31,8771413.24
2022-06-01,8772036.94
2022-06-02,8815367.25
2022-06-06,8796249.79
2022-06-07,8770941.14
2022-06-08,8637880.70
2022-06-09,8490141.61
2022-06-10,8727745.13
2022-06-13,8803027.11
2022-06-14,8972144.48
2022-06-15,8818445.46
2022-06-16,8699139.83
2022-06-17,8665300.83
2022-06-20,8720027.24
2022-06-21,8632546.77
2022-06-22,8617859.65
2022-06-23,8869965.23
2022-06-24,8936730.71
2022-06-27,9160286.50
2022-06-28,9297320.40
2022-06-29,9160287.10
2022-06-30,9168530.18
2022-07-01,9269936.31
2022-07-04,9345627.93
2022-07-05,9259823.58
2022-07-06,9338554.40
2022-07-07,9509444.02
2022-07-08,9630777.99
2022-07-11,9797900.23
2022-07-12,9436393.34
2022-07-13,9492035.83
2022-07-14,9360514.67
2022-07-15,9275063.58
2022-07-18,9616375.93
2022-07-19,9760055.36
2022-07-20,9837361.00
2022-07-21,9910907.32
2022-07-22,9869081.14
2022-07-25,9727829.77
2022-07-26,9938183.32
2022-07-27,10161209.22
2022-07-28,10321347.07
2022-07-29,10168022.72
2022-08-01,10110109.63
2022-08-02,9858810.16
2022-08-03,9807362.65
2022-08-04,9778660.35
2022-08-05,9696058.86
2022-08-08,9944621.98
2022-08-09,10113804.86
2022-08-10,10271458.93
2022-08-11,10451358.65
2022-08-12,10259931.70
2022-08-15,10208005.74
2022-08-16,10165969.12
2022-08-17,9972475.91
2022-08-18,9958334.74
2022-08-19,9915185.95
2022-08-22,9913268.42
2022-08-23,9911273.44
2022-08-24,9625879.23
2022-08-25,9455145.62
2022-08-26,9256425.53
2022-08-29,9326256.75
2022-08-30,9296368.75
2022-08-31,9380778.89
2022-09-01,9477792.69
2022-09-02,9410363.81
2022-09-05,9418437.11
2022-09-06,9366459.12
2022-09-07,9327995.80
2022-09-08,9114796.74
2022-09-09,9092561.83
2022-09-13,9098396.98
2022-09-14,9106013.25
2022-09-15,9269956.01
2022-09-16,9046400.53
2022-09-19,8883753.82
2022-09-20,9054408.72
2022-09-21,9066642.78
2022-09-22,8948915.78
2022-09-23,8811063.53
2022-09-26,8747246.05
2022-09-27,8769944.84
2022-09-28,8765810.18
2022-09-29,8716652.18
2022-09-30,8578617.53
2022-10-10,8576983.91
2022-10-11,8576983.91
2022-10-12,8576983.91
2022-10-13,8576983.91
2022-10-14,8576983.91
2022-10-17,8599294.73
2022-10-18,8607374.95
2022-10-19,8599006.55
2022-10-20,8630720.64
2022-10-21,8610149.84
2022-10-24,8542533.84
2022-10-25,8437858.56
2022-10-26,8504656.84
2022-10-27,8460020.62
2022-10-28,8432517.97
2022-10-31,8452881.97
2022-11-01,8517755.28
2022-11-02,8518318.08
2022-11-03,8519158.20
2022-11-04,8585907.26
2022-11-07,8625099.39
2022-11-08,8676629.70
2022-11-09,8685726.86
2022-11-10,8730698.83
2022-11-11,8632126.47
2022-11-14,8603366.84
2022-11-15,8764884.02
2022-11-16,8712122.27
2022-11-17,8867931.33
2022-11-18,8641763.46
2022-11-21,8531979.48
2022-11-22,8340565.09
2022-11-23,8353635.12
2022-11-24,8358131.57
2022-11-25,8313827.16
2022-11-28,8348587.44
2022-11-29,8511429.67
2022-11-30,8518457.67
2022-12-01,8551429.15
2022-12-02,8584419.94
2022-12-05,8825443.57
2022-12-06,8840681.57
2022-12-07,9005955.60
2022-12-08,8871410.54
2022-12-09,8703462.82
2022-12-12,8549976.48
2022-12-13,8501178.29
2022-12-14,8381067.95
2022-12-15,8329365.88
2022-12-16,8307564.33
2022-12-19,8048651.75
2022-12-20,7760907.98
2022-12-21,7746801.27
2022-12-22,7580752.87
2022-12-23,7508755.55
2022-12-26,7521525.71
2022-12-27,7573566.71
2022-12-28,7516825.71
2022-12-29,7463821.25
2022-12-30,7557516.54
2023-01-03,7528319.54
2023-01-04,7524724.01
2023-01-05,7443048.41
2023-01-06,7376859.50
2023-01-09,7375544.00
2023-01-10,7360741.26
2023-01-11,7320957.11
2023-01-12,7292997.21
2023-01-13,7270601.47
2023-01-16,7286839.91
2023-01-17,7311080.10
2023-01-18,7420520.57
2023-01-19,7430638.15
2023-01-20,7430692.03
2023-01-30,7608725.53
2023-01-31,7589962.00
2023-02-01,7748302.50
2023-02-02,7691995.50
2023-02-03,7727231.76
2023-02-06,7732051.76
2023-02-07,7963816.70
2023-02-08,7977248.26
2023-02-09,8123536.16
2023-02-10,8059777.26
2023-02-13,8147491.16
2023-02-14,8186160.07
2023-02-15,8352130.03
2023-02-16,8181707.13
2023-02-17,8055133.80
2023-02-20,8205756.80
2023-02-21,8235156.80
2023-02-22,8157386.42
2023-02-23,7990525.24
2023-02-24,7939253.68
2023-02-27,7728129.95
2023-02-28,7765785.12
2023-03-01,7862812.02
2023-03-02,7871175.06
2023-03-03,7829625.37
2023-03-06,7721207.98
2023-03-07,7580127.34
2023-03-08,7666765.89
2023-03-09,7649691.78
2023-03-10,7523061.60
2023-03-13,7545095.64
2023-03-14,7388409.10
2023-03-15,7428402.63
2023-03-16,7208531.88
2023-03-17,7358989.26
2023-03-20,7341756.01
2023-03-21,7344183.19
2023-03-22,7408530.60
2023-03-23,7585621.94
2023-03-24,7572938.12
2023-03-27,7769112.46
2023-03-28,7508916.09
2023-03-29,7408432.54
2023-03-30,7233578.53
2023-03-31,7382299.01
2023-04-03,7588002.40
2023-04-04,7484842.89
2023-04-06,7565277.48
2023-04-07,7667617.09
2023-04-10,7669275.06
2023-04-11,7816470.91
2023-04-12,7872680.51
2023-04-13,7722442.31
2023-04-14,7683759.43
2023-04-17,7496594.70
2023-04-18,7606383.09
2023-04-19,7605521.88
2023-04-20,7677578.08
2023-04-21,7430789.35
2023-04-24,7479615.70
2023-04-25,7537608.77
2023-04-26,7816970.92
2023-04-27,7707400.64
2023-04-28,7755707.11
2023-05-04,7951692.11
2023-05-05,7937159.11
2023-05-08,7922796.96
2023-05-09,7880460.20
2023-05-10,7663489.54
2023-05-11,7462165.52
2023-05-12,7372132.61
2023-05-15,7398306.31
2023-05-16,7410889.01
2023-05-17,7480929.22
2023-05-18,7503425.02
2023-05-19,7674867.35
2023-05-22,7852107.48
2023-05-23,7838453.75
2023-05-24,7997370.83
2023-05-25,8113164.45
2023-05-26,7960575.68
2023-05-29,8032779.23
2023-05-30,8155736.37
2023-05-31,7867067.66
2023-06-01,7752880.20
2023-06-02,7639724.63
2023-06-05,7756941.86
2023-06-06,7495810.41
2023-06-07,7575530.30
2023-06-08,7535868.42
2023-06-09,7547186.62
2023-06-12,7605115.54
2023-06-13,7543962.91
2023-06-14,7505236.10
2023-06-15,7408252.53
2023-06-16,7293603.08
2023-06-19,7252827.34
2023-06-20,7172499.95
2023-06-21,7037929.91
2023-06-26,6882935.87
2023-06-27,6908340.80
2023-06-28,6799140.66
2023-06-29,6865359.69
2023-06-30,6963001.19
2023-07-03,6965135.19
2023-07-04,6988293.71
2023-07-05,6972786.90
2023-07-06,7090773.21
2023-07-07,7032682.13
2023-07-10,7050920.45
2023-07-11,7186164.29
2023-07-12,7256801.29
2023-07-13,7144553.31
2023-07-14,6954060.82
2023-07-17,6838770.94
2023-07-18,6757063.54
2023-07-19,6805894.27
2023-07-20,6630357.29
2023-07-21,6611523.65
2023-07-24,6569680.08
2023-07-25,6583188.53
2023-07-26,6707979.53
2023-07-27,6536221.48
2023-07-28,6599636.58
2023-07-31,6789755.20
2023-08-01,6726045.20
2023-08-02,6595912.20
2023-08-03,6493612.24
2023-08-04,6482156.47
2023-08-07,6397031.11
2023-08-08,6296015.60
2023-08-09,6214548.14
2023-08-10,6200045.45
2023-08-11,5998627.49
2023-08-14,5874458.75
2023-08-15,6012554.93
2023-08-16,5868205.75
2023-08-17,5914484.27
2023-08-18,5698197.85
2023-08-21,5604669.59
2023-08-22,5589151.50
2023-08-23,5443120.28
2023-08-24,5383365.83
2023-08-25,5322491.29
2023-08-28,5397680.99
2023-08-29,5327932.99
2023-08-30,5327461.81
2023-08-31,5247768.31
2023-09-01,5140963.71
2023-09-04,5112056.37
2023-09-05,5117163.15
2023-09-06,4973030.31
2023-09-07,4887595.39
2023-09-08,4804195.67
2023-09-11,4713082.26
2023-09-12,4635413.42
2023-09-13,4651724.24
2023-09-14,4749660.37
2023-09-15,4769891.71
2023-09-18,4649755.76
2023-09-19,4576183.61
2023-09-20,4405643.13
2023-09-21,4337062.65
2023-09-22,4411007.56
2023-09-25,4418944.87
2023-09-26,4402548.09
2023-09-27,4492979.64
2023-09-28,4553960.30
2023-10-09,4546074.79
2023-10-10,4321049.47
2023-10-11,4201730.72
2023-10-12,4320649.97
2023-10-13,4443244.23
2023-10-16,4597448.23
2023-10-17,4458734.79
2023-10-18,4632347.59
2023-10-19,4379744.99
2023-10-20,4212789.48
2023-10-23,4341923.37
2023-10-24,4424348.17
2023-10-25,4549854.91
2023-10-26,4434334.27
2023-10-27,4367131.53
2023-10-30,4399851.11
2023-10-31,4311590.45
2023-11-01,4288784.14
2023-11-02,4167076.42
2023-11-03,4208093.16
2023-11-06,4251053.36
2023-11-07,4250759.04
2023-11-08,4197137.93
2023-11-09,4094178.87
2023-11-10,4128508.02
2023-11-13,4132128.52
2023-11-14,4178233.96
2023-11-15,4208730.15
2023-11-16,4136311.62
2023-11-17,4176943.49
2023-11-20,4149575.77
2023-11-21,4079890.76
2023-11-22,4046241.07
2023-11-23,4056769.73
2023-11-24,3996601.72
2023-11-27,3920772.11
2023-11-28,3929356.71
2023-11-29,3878276.21
2023-11-30,3935187.59
2023-12-01,3830348.20
2023-12-04,3805490.17
2023-12-05,3786294.80
2023-12-06,3808402.92
2023-12-07,3862624.81
2023-12-08,3781575.75
2023-12-11,3898481.75
2023-12-12,3943057.31
2023-12-13,3896532.53
2023-12-14,3842754.12
2023-12-15,3753251.12
2023-12-18,3794747.50
2023-12-19,3645466.51
2023-12-20,3509361.07
2023-12-21,3605922.99
2023-12-22,3593053.70
2023-12-25,3563826.67
2023-12-26,3544578.41
2023-12-27,3524081.06
2023-12-28,3534373.25
2023-12-29,3554372.25
2024-01-02,3569504.25
2024-01-03,3540744.25
2024-01-04,3407070.00
2024-01-05,3336525.00
2024-01-08,3196395.79
2024-01-09,3068819.16
2024-01-10,3078507.10
2024-01-11,3039580.78
2024-01-12,2913732.78
2024-01-15,2845160.00
2024-01-16,2803725.84
2024-01-17,2663126.04
2024-01-18,2715554.75
2024-01-19,2643440.69
2024-01-22,2504694.82
2024-01-23,2439108.55
2024-01-24,2417019.55
2024-01-25,2437301.33
2024-01-26,2394679.33
2024-01-29,2361968.26
2024-01-30,2298042.57
2024-01-31,2308103.50
2024-02-01,2297121.20
2024-02-02,2279658.20
2024-02-05,2267006.93
2024-02-06,2247412.17
2024-02-07,2247412.17
2024-02-08,2247412.17
2024-02-19,2247412.17
2024-02-20,2247412.17
2024-02-21,2247412.17
2024-02-22,2247412.17
2024-02-23,2245242.14
2024-02-26,2227418.14
2024-02-27,2225747.14
2024-02-28,2225190.14
2024-02-29,2230760.14
2024-03-01,2225190.14
2024-03-04,2221196.93
2024-03-05,2216737.45
2024-03-06,2216995.45
2024-03-07,2209513.45
2024-03-08,2213512.45
2024-03-11,2220091.45
2024-03-12,2215447.45
2024-03-13,2210287.45
2024-03-14,2208245.39
2024-03-15,2208245.39
2024-03-18,2208245.39
2024-03-19,2208245.39
2024-03-20,2216316.54
2024-03-21,2215156.54
2024-03-22,2172768.99
2024-03-25,2091354.99
2024-03-26,2076207.73
2024-03-27,1994894.73
2024-03-28,2077527.65
2024-03-29,2018661.00
2024-04-01,2025943.00
2024-04-02,2069016.00
2024-04-03,2045006.68
2024-04-08,2029308.01
2024-04-09,2071565.32
2024-04-10,2035891.32
2024-04-11,2032113.95
2024-04-12,2083223.04
2024-04-15,1982875.10
2024-04-16,1901417.91
2024-04-17,1985337.59
2024-04-18,1960292.61
2024-04-19,1921781.50
2024-04-22,1839529.86
2024-04-23,1818179.59
2024-04-24,1870892.03
2024-04-25,1876491.80
2024-04-26,1872177.80
2024-04-29,1867655.46
2024-04-30,1893634.46
2024-05-06,1957538.46
2024-05-07,1927532.46
2024-05-08,1924289.46
2024-05-09,1925457.46
2024-05-10,1946354.46
2024-05-13,1938681.03
2024-05-14,1977914.24
2024-05-15,1915071.84
2024-05-16,1911471.84
2024-05-17,1979766.84
2024-05-20,1991156.84
2024-05-21,1972303.84
2024-05-22,1926728.84
2024-05-23,1928933.03
2024-05-24,1943568.85
2024-05-27,1917983.85
2024-05-28,1946071.99
2024-05-29,1934194.99
2024-05-30,1893839.99
2024-05-31,1895460.40
2024-06-03,1955412.29
2024-06-04,1921955.79
2024-06-05,1887543.40
2024-06-06,1842987.30
2024-06-07,1852336.64
2024-06-11,1883291.03
2024-06-12,1942625.45
2024-06-13,1832963.45
2024-06-14,1827582.45
2024-06-17,1908316.45
2024-06-18,1960739.45
2024-06-19,1926042.45
2024-06-20,1895407.45
2024-06-21,1801304.22
2024-06-24,1766852.49
2024-06-25,1758658.90
2024-06-26,1766524.90
2024-06-27,1733745.02
2024-06-28,1782277.02
2024-07-01,1760522.02
2024-07-02,1757519.02
2024-07-03,1762196.29
2024-07-04,1721979.85
2024-07-05,1745141.85
2024-07-08,1693886.85
2024-07-09,1663768.17
2024-07-10,1653909.93
2024-07-11,1688545.69
2024-07-12,1663710.40
2024-07-15,1593698.40
2024-07-16,1591057.29
2024-07-17,1564356.10
2024-07-18,1580135.25
2024-07-19,1585861.28
2024-07-22,1578604.28
2024-07-23,1528467.88
2024-07-24,1526080.96
2024-07-25,1481432.79
2024-07-26,1474240.22
2024-07-29,1445980.67
2024-07-30,1490000.87
2024-07-31,1487488.87
2024-08-01,1591377.72
2024-08-02,1485621.72
2024-08-05,1392388.17
2024-08-06,1446211.25
2024-08-07,1456305.25
2024-08-08,1436971.12
2024-08-09,1419685.79
2024-08-12,1398315.82
2024-08-13,1366550.28
2024-08-14,1340166.18
2024-08-15,1353380.41
2024-08-16,1411703.41
2024-08-19,1413762.42
2024-08-20,1345042.28
2024-08-21,1289178.28
2024-08-22,1398581.28
2024-08-23,1421143.28
2024-08-26,1435860.28
2024-08-27,1440181.17
2024-08-28,1344042.17
2024-08-29,1305387.57
2024-08-30,1322225.95
2024-09-02,1326448.99
2024-09-03,1337812.99
2024-09-04,1366204.99
2024-09-05,1350148.99
2024-09-06,1281850.99
2024-09-09,1299493.34
2024-09-10,1264802.29
2024-09-11,1245323.29
2024-09-12,1238522.46
2024-09-13,1207756.96
2024-09-18,1279545.61
2024-09-19,1275362.36
2024-09-20,1293332.36
2024-09-23,1282315.36
2024-09-24,1420093.37
2024-09-25,1566928.37
2024-09-26,1558853.37
2024-09-27,1668031.37
2024-09-30,1905336.37
2024-10-08,2099659.37
2024-10-09,2008373.37
2024-10-10,1752383.45
2024-10-11,1687537.45
2024-10-14,1777629.65
2024-10-15,1725099.65
2024-10-16,1684920.30
2024-10-17,1684920.30
2024-10-18,1684920.30
2024-10-21,1684920.30
2024-10-22,1684920.30
2024-10-23,1684920.30
2024-10-24,1684920.30
2024-10-25,1684920.30
2024-10-28,1684920.30
2024-10-29,1684920.30
2024-10-30,1684920.30
2024-10-31,1684920.30
2024-11-01,1684920.30
2024-11-04,1684920.30
2024-11-05,1684920.30
2024-11-06,1684920.30
2024-11-07,1684920.30
2024-11-08,1682658.96
2024-11-11,1709026.96
2024-11-12,1644387.96
2024-11-13,1621854.96
2024-11-14,1598786.96
2024-11-15,1569319.22
2024-11-18,1560985.30
2024-11-19,1600858.83
2024-11-20,1625152.31
2024-11-21,1555769.18
2024-11-22,1530190.29
2024-11-25,1532012.53
2024-11-26,1411083.53
2024-11-27,1378366.13
2024-11-28,1366191.50
2024-11-29,1401658.85
2024-12-02,1373860.85
2024-12-03,1363603.26
2024-12-04,1325315.26
2024-12-05,1302719.86
2024-12-06,1288621.86
2024-12-09,1280108.58
2024-12-10,1269230.38
2024-12-11,1283209.06
2024-12-12,1279810.06
2024-12-13,1238556.06
2024-12-16,1212515.41
2024-12-17,1221654.41
2024-12-18,1226621.29
2024-12-19,1280886.29
2024-12-20,1276570.32
2024-12-23,1229547.29
2024-12-24,1259896.95
2024-12-25,1293917.27
2024-12-26,1428504.27
2024-12-27,1436772.27
2024-12-30,1466332.27
2024-12-31,1415114.48
2025-01-02,1427175.56
2025-01-03,1326568.92
2025-01-06,1343989.74
2025-01-07,1452060.74
2025-01-08,1459602.74
2025-01-09,1407848.74
2025-01-10,1347490.65
2025-01-13,1316442.96
2025-01-14,1320000.79
2025-01-15,1313008.79
2025-01-16,1315860.79
2025-01-17,1316044.79
2025-01-20,1314664.79
2025-01-21,1311812.79
2025-01-22,1310364.46
2025-01-23,1310364.46
2025-01-24,1310364.46
2025-01-27,1296952.80
2025-02-05,1320624.80
2025-02-06,1333919.12
2025-02-07,1337297.12
2025-02-10,1340922.32
2025-02-11,1341636.50
2025-02-12,1354172.50
2025-02-13,1336454.50
2025-02-14,1348753.47
2025-02-17,1339832.87
2025-02-18,1328719.27
2025-02-19,1332361.22
2025-02-20,1386047.82
2025-02-21,1474011.82
2025-02-24,1477988.82
2025-02-25,1461041.45
2025-02-26,1465942.90
2025-02-27,1414745.30
2025-02-28,1332754.30
2025-03-03,1356425.25
2025-03-04,1337701.60
2025-03-05,1327555.50
2025-03-06,1347381.80
2025-03-07,1332374.40
2025-03-10,1332803.15
2025-03-11,1367471.82
2025-03-12,1330698.82
2025-03-13,1324122.74
2025-03-14,1325052.74
2025-03-17,1324260.74
2025-03-18,1336182.74
2025-03-19,1327022.78
2025-03-20,1318709.24
2025-03-21,1354369.62
2025-03-24,1258177.44
2025-03-25,1211594.97
2025-03-26,1239630.61
2025-03-27,1208696.61
2025-03-28,1178194.63
2025-03-31,1142806.25
2025-04-01,1221100.25
2025-04-02,1209331.25
2025-04-03,1238472.25
2025-04-07,1199080.89
2025-04-08,1260365.64
2025-04-09,1188430.60
2025-04-10,1170252.60
2025-04-11,1080132.60
2025-04-14,1097802.47
2025-04-15,1138681.47
2025-04-16,1060431.43
2025-04-17,1047354.79
2025-04-18,1054242.79
2025-04-21,1056538.79
2025-04-22,1051946.79
2025-04-23,1052314.77
2025-04-24,991375.54
2025-04-25,983179.54
2025-04-28,963883.54
2025-04-29,969640.72
2025-04-30,976958.32
2025-05-06,993685.72
2025-05-07,995726.72
2025-05-08,1052188.72
2025-05-09,1053467.92
2025-05-12,1060781.72
2025-05-13,1101736.32
2025-05-14,1106137.32
2025-05-15,1094367.80
2025-05-16,1107610.80
2025-05-19,1116539.80
2025-05-20,1137348.80
2025-05-21,1170857.20
2025-05-22,1132350.97
2025-05-23,1113352.97
2025-05-26,1111180.53
2025-05-27,1102998.83
2025-05-28,1054976.83
2025-05-29,1067628.41
2025-05-30,1030598.41
2025-06-03,1010692.35
2025-06-04,989965.23
2025-06-05,1004561.07
2025-06-06,1001795.27
2025-06-09,1004415.27
2025-06-10,981001.96
2025-06-11,1019464.09
2025-06-12,982364.09
2025-06-13,1031551.09
2025-06-16,1052823.02
2025-06-17,1013251.02
2025-06-18,960513.02
2025-06-19,892981.70
2025-06-20,987328.60
2025-06-23,1011838.60
2025-06-24,974025.60
2025-06-25,1051040.60
2025-06-26,1107059.46
2025-06-27,1139243.46
2025-06-30,1288148.40
2025-07-01,1342095.40
2025-07-02,1237662.01
2025-07-03,1256106.01
2025-07-04,1190203.01
2025-07-07,1220335.01
2025-07-08,1216767.40
2025-07-09,1210930.40
2025-07-10,1133695.04
2025-07-11,1117904.89
2025-07-14,1112847.89
2025-07-15,1079690.89
2025-07-16,1091148.96
2025-07-17,1080015.58
2025-07-18,1074473.58
2025-07-21,1083637.58
2025-07-22,1088876.65
2025-07-23,1071368.65
2025-07-24,1084091.70
2025-07-25,1054392.70
2025-07-28,1042700.44
2025-07-29,1034751.05
2025-07-30,1057008.49
2025-07-31,1051430.78
2025-08-01,998703.86
2025-08-04,976861.86
2025-08-05,947210.41
2025-08-06,933579.41
2025-08-07,909539.22
2025-08-08,957596.22
2025-08-11,988520.71
2025-08-12,997608.71
2025-08-13,1043496.41
2025-08-14,1047511.41
2025-08-15,1009647.64
2025-08-18,1050498.64
2025-08-19,1005978.64
2025-08-20,986748.64
2025-08-21,985096.55
2025-08-22,1022443.55
2025-08-25,1018406.99
2025-08-26,1043337.99
2025-08-27,986144.14
2025-08-28,997387.14
2025-08-29,966247.14
2025-09-01,987940.68
2025-09-02,1009510.80
2025-09-03,979233.27
2025-09-04,958394.03
2025-09-05,985396.76
2025-09-08,977118.54
2025-09-09,977049.54
2025-09-10,989948.54
2025-09-11,990905.44
2025-09-12,1035430.44
2025-09-15,1071335.94
2025-09-16,1119161.94
2025-09-17,1163892.93
2025-09-18,1194227.93
2025-09-19,1178997.93
2025-09-22,1217547.17
2025-09-23,1199856.32
2025-09-24,1135850.79
2025-09-25,1093087.81
2025-09-26,1052671.31
2025-09-29,1078062.98
2025-09-30,1075033.98
2025-10-09,1077507.98
2025-10-10,1083462.98
2025-10-13,1079857.87
2025-10-14,1127293.20
2025-10-15,1200677.20
2025-10-16,1129521.00
2025-10-17,1082610.00
2025-10-20,1104851.96
2025-10-21,1144342.10
2025-10-22,1061617.10
2025-10-23,1063635.11
2025-10-24,1128740.52
2025-10-27,1096116.16
2025-10-28,1158474.16
2025-10-29,1128528.16
2025-10-30,1067521.94
2025-10-31,1085815.87
2025-11-03,1102393.19
2025-11-04,1151080.85
2025-11-05,1128371.85
2025-11-06,1144447.85
2025-11-07,1140197.67
2025-11-10,1202532.67
2025-11-11,1162049.67
2025-11-12,1147465.67
2025-11-13,1159004.40
2025-11-14,1132980.40
2025-11-17,1166232.77
2025-11-18,1229260.77
2025-11-19,1192624.58
2025-11-20,1172851.86
2025-11-21,1180282.21
2025-11-24,1262972.89
2025-11-25,1314533.89
2025-11-26,1265569.58
2025-11-27,1219173.58
2025-11-28,1209112.37
2025-12-01,1192758.55
2025-12-02,1204906.53
2025-12-03,1268158.53
2025-12-04,1220614.53
2025-12-05,1230937.03
2025-12-08,1210018.03
2025-12-09,1209351.72
2025-12-10,1198516.34
2025-12-11,1176360.79
2025-12-12,1147148.00
2025-12-15,1128610.81
2025-12-16,1114437.06
2025-12-17,1116509.77
2025-12-18,1082222.04
2025-12-19,1108882.04
2025-12-22,1097426.04
2025-12-23,1070141.09
2025-12-24,1079717.17
2025-12-25,1113329.56
2025-12-26,1161591.90
2025-12-29,1128725.62
2025-12-30,1093912.62
2025-12-31,1169922.62
2026-01-05,1135858.46
2026-01-06,1180264.97
2026-01-07,1200539.97
2026-01-08,1248885.97
2026-01-09,1304082.97
2026-01-12,1326970.97
2026-01-13,1225040.80
2026-01-14,1234864.29
2026-01-15,1243500.29
2026-01-16,1200948.46
2026-01-19,1207044.37
2026-01-20,1229904.21
2026-01-21,1243268.57
2026-01-22,1244282.57
2026-01-23,1312883.57
2026-01-26,1290869.77
2026-01-27,1285472.77
2026-01-28,1269024.69
2026-01-29,1233295.96
2026-01-30,1264581.68
2026-02-02,1194087.52
2026-02-03,1211617.48
2026-02-04,1290717.48
2026-02-05,1237266.48
2026-02-06,1247705.48
2026-02-09,1265526.59
2026-02-10,1264408.42
2026-02-11,1270410.42
2026-02-12,1248892.68
2026-02-13,1214020.68
2026-02-24,1227824.94
2026-02-25,1221488.71
2026-02-26,1236083.86
2026-02-27,1276071.86
2026-03-02,1220471.86
2026-03-03,1197561.25
2026-03-04,1182384.13
2026-03-05,1158187.13
2026-03-06,1226061.26
2026-03-09,1314299.80
2026-03-10,1272023.80
2026-03-11,1296938.80
2026-03-12,1306454.80
2026-03-13,1301305.80
2026-03-16,1288482.68
2026-03-17,1269043.68
2026-03-18,1250580.49
2026-03-19,1224185.49
2026-03-20,1185232.80
2026-03-23,1131476.83
2026-03-24,1135651.12
2026-03-25,1188574.53
2026-03-26,1153893.53
2026-03-27,1164914.53
2026-03-30,1169521.53
2026-03-31,1202118.53
2026-04-01,1166202.81
2026-04-02,1173125.81
2026-04-03,1119059.09
2026-04-07,1150286.88
2026-04-08,1119731.88
2026-04-09,1111971.88
2026-04-10,1114098.00
2026-04-13,1105606.00
2026-04-14,1109098.26
2026-04-15,1101532.89
2026-04-16,1111939.10
2026-04-17,1176382.44
2026-04-20,1227213.34
2026-04-21,1180053.34
2026-04-22,1235799.34
2026-04-23,1221102.34
2026-04-24,1221820.72
2026-04-27,1190258.72
2026-04-28,1207116.72
2026-04-29,1204201.72
2026-04-30,1201741.72
2026-05-06,1210919.34
2026-05-07,1216882.34
2026-05-08,1216905.34
2026-05-11,1236684.34
2026-05-12,1233070.52
2026-05-13,1223286.52
2026-05-14,1235219.52
2026-05-15,1199438.27
2026-05-18,1246549.13
2026-05-19,1210233.13
2026-05-20,1207357.07
2026-05-21,1230943.96
2026-05-22,1264584.99
2026-05-25,1247686.46
2026-05-26,1250747.70
2026-05-27,1254443.70
2026-05-28,1235202.90
2026-05-29,1211310.91
2026-06-01,1213751.97
2026-06-02,1221407.97
2026-06-03,1304058.50
2026-06-04,1317788.50
2026-06-05,1235088.50
2026-06-08,1177378.50
2026-06-09,1202691.96
2026-06-10,1199871.96
2026-06-11,1181071.96
2026-06-12,1189061.96
2026-06-15,1163681.96
2026-06-16,1160018.17
2026-06-17,1160018.17
2026-06-18,1160018.17
2026-06-22,1160018.17
2026-06-23,1160018.17
2026-06-24,1160018.17
2026-06-25,1139825.28
2026-06-26,1125627.28
2026-06-29,1125620.07
2026-06-30,1125620.07
2026-07-01,1125620.07
2026-07-02,1125620.07
2026-07-03,1125620.07
2026-07-06,1125620.07
2026-07-07,1125620.07
2026-07-08,1180524.98
2026-07-09,1169832.98
2026-07-10,1162056.98
2026-07-13,1165296.98
2026-07-14,1182792.98
2026-07-15,1127064.98
2026-07-16,1077633.11
2026-07-17,1007201.58
2026-07-20,1010254.58
2026-07-21,992750.58
2026-07-22,998414.58
2026-07-23,1005366.58
2026-07-24,960690.58
2026-07-27,971291.68
2026-07-28,959363.68
2026-07-29,974444.07
2026-07-30,957586.07
2026-07-31,960608.13
2026-08-03,978129.13
2026-08-04,983683.13
2026-08-05,977524.13
2026-08-06,962038.13
2026-08-07,946639.13
2026-08-10,949495.18
2026-08-11,945377.83
2026-08-12,993711.23
2026-08-13,982120.23
2026-08-14,941604.17
2026-08-17,1031705.52
