日期,九阴一阳,五阴一阳,六阴一阳,TD低九当日,TD低九后一多
2021-08-17,1.000000,1.000000,1.000000,1.000000,1.000000
2021-08-18,1.000000,1.003714,1.000000,1.001355,1.012063
2021-08-19,1.022592,1.010902,1.005228,1.004343,1.007278
2021-08-20,1.025856,1.002909,0.992374,0.988916,1.003261
2021-08-23,1.046347,1.031502,1.019253,1.010586,1.022583
2021-08-24,1.057296,1.033942,1.020797,1.016275,1.025844
2021-08-25,1.046717,1.041402,1.024581,1.021853,1.027281
2021-08-26,1.049623,1.031875,1.014360,1.006572,1.015266
2021-08-27,1.040203,1.026836,1.009433,0.999279,1.011054
2021-08-30,1.035229,1.030615,1.011145,0.992930,1.007346
2021-08-31,1.035478,1.023092,1.003997,0.984725,0.998672
2021-09-01,1.050661,1.025265,1.010531,0.987291,0.999712
2021-09-02,1.043867,1.025867,1.011780,0.987199,1.000076
2021-09-03,1.045926,1.030992,1.014233,0.995539,1.006569
2021-09-06,1.054250,1.042246,1.025451,1.008067,1.020650
2021-09-07,1.056109,1.048876,1.029940,1.013533,1.026402
2021-09-08,1.081143,1.054769,1.036893,1.022130,1.033099
2021-09-09,1.060494,1.048037,1.030439,1.016691,1.028352
2021-09-10,1.050362,1.044101,1.027919,1.016986,1.025739
2021-09-13,1.037210,1.041968,1.025923,1.009288,1.022263
2021-09-14,1.028252,1.038011,1.020115,1.006291,1.016587
2021-09-15,1.021992,1.037978,1.020661,1.001959,1.010678
2021-09-16,1.008038,1.023763,1.005095,0.982993,0.996443
2021-09-17,1.001637,1.020636,1.005903,0.976412,0.993165
2021-09-22,1.013203,1.016497,1.000094,0.977704,0.988021
2021-09-23,1.020806,1.022358,1.005129,0.987435,0.996602
2021-09-24,1.005160,1.010490,0.994636,0.974614,0.992596
2021-09-27,0.980901,0.997610,0.981655,0.953332,0.979134
2021-09-28,0.976711,0.994249,0.977918,0.954230,0.976939
2021-09-29,0.953784,0.971573,0.955146,0.931230,0.957242
2021-09-30,0.959776,0.983946,0.967125,0.944036,0.967130
2021-10-08,0.966720,0.986088,0.973280,0.958236,0.975488
2021-10-11,0.966692,0.986120,0.973677,0.960417,0.974733
2021-10-12,0.952659,0.969607,0.956343,0.946055,0.961520
2021-10-13,0.959491,0.975018,0.964683,0.951682,0.968809
2021-10-14,0.961873,0.982778,0.969423,0.957567,0.974913
2021-10-15,0.954593,0.975781,0.962760,0.949216,0.967424
2021-10-18,0.960471,0.981370,0.968004,0.956068,0.970691
2021-10-19,0.968775,0.983656,0.973528,0.958884,0.974639
2021-10-20,0.964315,0.982676,0.974902,0.956889,0.974843
2021-10-21,0.977310,0.978782,0.974281,0.954826,0.969917
2021-10-22,0.959560,0.968920,0.963285,0.944149,0.960411
2021-10-25,0.961896,0.970872,0.966821,0.949988,0.965860
2021-10-26,0.950873,0.967593,0.964668,0.947431,0.965317
2021-10-27,0.914642,0.947461,0.943502,0.926460,0.952154
2021-10-28,0.905309,0.935263,0.929044,0.913250,0.932869
2021-10-29,0.910862,0.945847,0.937661,0.924372,0.942451
2021-11-01,0.920150,0.955638,0.946396,0.931039,0.953927
2021-11-02,0.902873,0.940567,0.932002,0.917819,0.943864
2021-11-03,0.913467,0.949848,0.941383,0.925900,0.949886
2021-11-04,0.922768,0.958991,0.949437,0.933916,0.959639
2021-11-05,0.924028,0.957408,0.948159,0.932251,0.962095
2021-11-08,0.927572,0.961978,0.952706,0.938288,0.966977
2021-11-09,0.937754,0.971100,0.961747,0.945728,0.975756
2021-11-10,0.940934,0.974674,0.966691,0.951704,0.983069
2021-11-11,0.950226,0.985020,0.977429,0.960806,0.993902
2021-11-12,0.945998,0.987187,0.980933,0.963950,0.996947
2021-11-15,0.959488,0.996914,0.991254,0.973088,1.009635
2021-11-16,0.960448,0.995056,0.990941,0.967552,1.004636
2021-11-17,0.962888,1.001372,0.999102,0.976236,1.013774
2021-11-18,0.957343,1.004631,1.001374,0.974670,1.008724
2021-11-19,0.985129,1.017553,1.014667,0.982323,1.016440
2021-11-22,0.985175,1.025325,1.024358,0.984491,1.018296
2021-11-23,0.982534,1.025530,1.026349,0.986744,1.024148
2021-11-24,0.988721,1.026869,1.027567,0.993194,1.028265
2021-11-25,0.998696,1.027777,1.023999,0.992999,1.026999
2021-11-26,1.031995,1.023849,1.022056,0.979699,1.019683
2021-11-29,1.032755,1.021953,1.022564,0.981749,1.011542
2021-11-30,1.032755,1.023675,1.025779,0.986837,1.012492
2021-12-01,1.022507,1.031949,1.031301,0.998148,1.025701
2021-12-02,1.004549,1.023600,1.018299,0.989383,1.016362
2021-12-03,1.018123,1.030630,1.025940,0.995854,1.025358
2021-12-06,1.034221,1.021654,1.019228,0.986385,1.019673
2021-12-07,1.030509,1.023156,1.021454,0.988783,1.024710
2021-12-08,1.043230,1.032988,1.033401,0.999471,1.033881
2021-12-09,1.051562,1.042362,1.044531,1.011955,1.048825
2021-12-10,1.077544,1.046983,1.051669,1.019894,1.055008
2021-12-13,1.084840,1.049835,1.053692,1.026286,1.062980
2021-12-14,1.095067,1.058736,1.063317,1.032286,1.069797
2021-12-15,1.089132,1.059029,1.062117,1.033723,1.068509
2021-12-16,1.077368,1.064628,1.068594,1.038081,1.073301
2021-12-17,1.055295,1.052339,1.053966,1.024160,1.058977
2021-12-20,1.039736,1.040327,1.044547,1.007795,1.043576
2021-12-21,1.047162,1.055483,1.056081,1.019523,1.055157
2021-12-22,1.067293,1.063390,1.063134,1.027824,1.061266
2021-12-23,1.057696,1.055922,1.056589,1.022840,1.054413
2021-12-24,1.040690,1.040015,1.038483,1.006194,1.038030
2021-12-27,1.032253,1.042271,1.039591,1.009298,1.041651
2021-12-28,1.046805,1.052146,1.052236,1.023571,1.046030
2021-12-29,1.046354,1.049345,1.050804,1.023621,1.046395
2021-12-30,1.039126,1.056706,1.054834,1.028794,1.051205
2021-12-31,1.056270,1.061720,1.062376,1.036048,1.056739
2022-01-04,1.031347,1.064948,1.059714,1.038150,1.054831
2022-01-05,0.997718,1.048156,1.039552,1.020806,1.036920
2022-01-06,1.001422,1.050043,1.040514,1.025561,1.041385
2022-01-07,0.962624,1.030995,1.022174,1.009827,1.025131
2022-01-10,0.955705,1.034778,1.028013,1.017247,1.031371
2022-01-11,0.947971,1.025936,1.018408,1.012916,1.031717
2022-01-12,0.973453,1.042153,1.029565,1.028269,1.043963
2022-01-13,0.939379,1.026308,1.011901,1.017338,1.033453
2022-01-14,0.957268,1.025761,1.013731,1.013218,1.027622
2022-01-17,0.972768,1.045178,1.032971,1.025070,1.040839
2022-01-18,0.962165,1.043036,1.031098,1.022323,1.036240
2022-01-19,0.945828,1.033498,1.018196,1.007530,1.021291
2022-01-20,0.938796,1.015281,0.998936,0.986379,1.002200
2022-01-21,0.930916,1.003372,0.986299,0.978958,0.994820
2022-01-24,0.941806,1.003112,0.986023,0.977418,0.994984
2022-01-25,0.912667,0.967956,0.948192,0.942594,0.963854
2022-01-26,0.909643,0.973748,0.952065,0.946833,0.968921
2022-01-27,0.884145,0.947776,0.923974,0.921734,0.944702
2022-01-28,0.889135,0.956064,0.934675,0.934570,0.944510
2022-02-07,0.892741,0.963315,0.939726,0.942405,0.952208
2022-02-08,0.904724,0.977448,0.954466,0.958192,0.967797
2022-02-09,0.925629,0.992762,0.967828,0.969520,0.977808
2022-02-10,0.921872,0.987520,0.962122,0.963820,0.974463
2022-02-11,0.896149,0.964007,0.938614,0.940787,0.951283
2022-02-14,0.894943,0.962723,0.938582,0.943472,0.952431
2022-02-15,0.908332,0.970638,0.945934,0.947470,0.954466
2022-02-16,0.913390,0.978345,0.953953,0.959716,0.967731
2022-02-17,0.910130,0.976393,0.951477,0.957185,0.966079
2022-02-18,0.913333,0.979657,0.954950,0.959058,0.970793
2022-02-21,0.923635,0.993689,0.968388,0.970498,0.982266
2022-02-22,0.910818,0.981468,0.957357,0.962324,0.970486
2022-02-23,0.927271,1.000569,0.977590,0.987739,0.982422
2022-02-24,0.915445,0.983089,0.961434,0.973228,0.966610
2022-02-25,0.929005,0.996890,0.973321,0.984628,0.977302
2022-02-28,0.929327,0.999628,0.972744,0.985150,0.979620
2022-03-01,0.930657,1.005880,0.976265,0.991924,0.981278
2022-03-02,0.923086,1.009312,0.974686,0.988679,0.974168
2022-03-03,0.924063,1.011152,0.974335,0.983593,0.961837
2022-03-04,0.924063,0.999192,0.958373,0.975372,0.954162
2022-03-07,0.924063,0.984349,0.939906,0.954936,0.938126
2022-03-08,0.892063,0.958832,0.914935,0.928005,0.916372
2022-03-09,0.913733,0.949788,0.904936,0.915523,0.911118
2022-03-10,0.898146,0.956999,0.907253,0.923341,0.918613
2022-03-11,0.905669,0.968653,0.917167,0.932685,0.918141
2022-03-14,0.877127,0.944373,0.894277,0.906477,0.895407
2022-03-15,0.830524,0.893844,0.847074,0.865685,0.863823
2022-03-16,0.846311,0.911941,0.864283,0.881505,0.883107
2022-03-17,0.857395,0.926239,0.879159,0.895373,0.890876
2022-03-18,0.861006,0.932633,0.885831,0.908430,0.891068
2022-03-21,0.875828,0.942680,0.896968,0.918493,0.897935
2022-03-22,0.873884,0.941150,0.896311,0.921524,0.899138
2022-03-23,0.880663,0.946782,0.902225,0.925480,0.903710
2022-03-24,0.868466,0.933189,0.889051,0.913105,0.891029
2022-03-25,0.860867,0.927424,0.882692,0.913015,0.889559
2022-03-28,0.854110,0.922790,0.877450,0.912027,0.886678
2022-03-29,0.840493,0.914614,0.871763,0.901865,0.877384
2022-03-30,0.851689,0.931736,0.887463,0.914753,0.889132
2022-03-31,0.854966,0.926127,0.881801,0.915637,0.890199
2022-04-01,0.850418,0.922408,0.877082,0.916514,0.891282
2022-04-06,0.843949,0.928056,0.878158,0.920600,0.904426
2022-04-07,0.819185,0.907196,0.858251,0.904009,0.890872
2022-04-08,0.811248,0.899397,0.850565,0.894160,0.889838
2022-04-11,0.788822,0.876116,0.828714,0.861660,0.872662
2022-04-12,0.789789,0.881452,0.831565,0.869332,0.878980
2022-04-13,0.776344,0.862883,0.812469,0.852691,0.865058
2022-04-14,0.771442,0.870205,0.820142,0.859741,0.866744
2022-04-15,0.760447,0.860993,0.814700,0.847884,0.854217
2022-04-18,0.788516,0.872581,0.829628,0.855045,0.867307
2022-04-19,0.786278,0.870854,0.826021,0.856441,0.862375
2022-04-20,0.769747,0.860115,0.815277,0.845167,0.852001
2022-04-21,0.739764,0.828886,0.785401,0.812408,0.819694
2022-04-22,0.731380,0.819033,0.775828,0.807593,0.812554
2022-04-25,0.691012,0.775799,0.730991,0.760617,0.766080
2022-04-26,0.685986,0.761722,0.716625,0.754546,0.754086
2022-04-27,0.711703,0.780362,0.731979,0.769244,0.745119
2022-04-28,0.704246,0.769844,0.723644,0.757005,0.746966
2022-04-29,0.742228,0.808629,0.761539,0.784215,0.770446
2022-05-05,0.755328,0.821154,0.774048,0.794565,0.783840
2022-05-06,0.747432,0.812092,0.766069,0.780859,0.779944
2022-05-09,0.761128,0.825193,0.775625,0.794020,0.794903
2022-05-10,0.783446,0.837873,0.790171,0.803344,0.809097
2022-05-11,0.798950,0.843480,0.799969,0.803919,0.811204
2022-05-12,0.804862,0.849162,0.806031,0.807289,0.818757
2022-05-13,0.809297,0.853822,0.809357,0.814959,0.824608
2022-05-16,0.819115,0.859475,0.813772,0.818990,0.828250
2022-05-17,0.810880,0.859000,0.814640,0.818013,0.826219
2022-05-18,0.820174,0.863419,0.820840,0.821011,0.834953
2022-05-19,0.820174,0.869184,0.825695,0.816267,0.839521
2022-05-20,0.820174,0.877492,0.831885,0.826978,0.846693
2022-05-23,0.820174,0.890337,0.845691,0.835500,0.853989
2022-05-24,0.820174,0.846275,0.803443,0.816078,0.827187
2022-05-25,0.820174,0.857357,0.815466,0.827801,0.833546
2022-05-26,0.820174,0.862163,0.819941,0.821913,0.839448
2022-05-27,0.820174,0.864559,0.815610,0.822991,0.841456
2022-05-30,0.902433,0.875874,0.835410,0.825210,0.842665
2022-05-31,0.991003,0.895789,0.858766,0.826680,0.843672
2022-06-01,0.991003,0.910956,0.877218,0.821828,0.842206
2022-06-02,0.991003,0.925097,0.891039,0.818902,0.841085
2022-06-06,0.991003,0.946347,0.909463,0.822549,0.854928
2022-06-07,1.002198,0.949769,0.917568,0.829880,0.860865
2022-06-08,0.956960,0.942721,0.903715,0.822941,0.851604
2022-06-09,0.918681,0.925325,0.886440,0.811346,0.838962
2022-06-10,0.914285,0.934395,0.894992,0.815153,0.842910
2022-06-13,0.914285,0.936434,0.895015,0.807046,0.833271
2022-06-14,0.914285,0.936336,0.893996,0.807992,0.837144
2022-06-15,0.914285,0.940249,0.899174,0.810612,0.839015
2022-06-16,0.914285,0.946364,0.903059,0.817994,0.843315
2022-06-17,0.914285,0.945494,0.903072,0.813969,0.837719
2022-06-20,0.914285,0.957399,0.917291,0.822011,0.845554
2022-06-21,0.914285,0.954784,0.913958,0.821860,0.844334
2022-06-22,0.914285,0.941272,0.899198,0.808837,0.831393
2022-06-23,0.914285,0.951656,0.908822,0.818674,0.839899
2022-06-24,0.914285,0.958411,0.914356,0.823747,0.844175
2022-06-27,0.914285,0.965507,0.924003,0.829318,0.849507
2022-06-28,0.914285,0.975840,0.938305,0.839722,0.859697
2022-06-29,0.914285,0.962420,0.922033,0.831487,0.851002
2022-06-30,0.914285,0.965522,0.922307,0.834871,0.855875
2022-07-01,0.957292,0.971131,0.928757,0.838216,0.856116
2022-07-04,0.927861,0.976293,0.933883,0.843055,0.856275
2022-07-05,0.928586,0.971684,0.929670,0.843624,0.857771
2022-07-06,0.947890,0.963617,0.921267,0.833018,0.846471
2022-07-07,0.941197,0.970024,0.923118,0.834689,0.848682
2022-07-08,0.954777,0.972996,0.924717,0.837974,0.852943
2022-07-11,0.954708,0.963003,0.914582,0.832513,0.847884
2022-07-12,0.922293,0.946200,0.898395,0.822587,0.844990
2022-07-13,0.931582,0.957221,0.910531,0.831894,0.853878
2022-07-14,0.943955,0.959631,0.911944,0.837273,0.851833
2022-07-15,0.924385,0.941535,0.892605,0.822746,0.834640
2022-07-18,0.937525,0.959238,0.909589,0.842155,0.851884
2022-07-19,0.947064,0.970363,0.920179,0.854735,0.866042
2022-07-20,0.953764,0.978727,0.929489,0.863717,0.874909
2022-07-21,0.948282,0.973815,0.922973,0.861323,0.873941
2022-07-22,0.938822,0.969606,0.919560,0.855546,0.868195
2022-07-25,0.935239,0.965522,0.917283,0.850990,0.863517
2022-07-26,0.946473,0.973788,0.925813,0.859111,0.872612
2022-07-27,0.940742,0.975919,0.927983,0.860280,0.876971
2022-07-28,0.945295,0.982120,0.933003,0.865659,0.885106
2022-07-29,0.932382,0.975805,0.926514,0.856894,0.876523
2022-08-01,0.930243,0.980802,0.930329,0.856969,0.880244
2022-08-02,0.901478,0.947069,0.901151,0.826737,0.845677
2022-08-03,0.893063,0.943760,0.898270,0.821765,0.842789
2022-08-04,0.905955,0.951644,0.906479,0.829395,0.846851
2022-08-05,0.916695,0.961462,0.916972,0.842665,0.857899
2022-08-08,0.920330,0.970054,0.923448,0.849654,0.859983
2022-08-09,0.919054,0.970251,0.922670,0.848220,0.857555
2022-08-10,0.927768,0.969164,0.919898,0.844892,0.854326
2022-08-11,0.947167,0.985686,0.938018,0.863039,0.872080
2022-08-12,0.956531,0.989515,0.942032,0.865855,0.875459
2022-08-15,0.954800,0.989797,0.940370,0.865933,0.875250
2022-08-16,0.952333,0.996335,0.945983,0.871641,0.879642
2022-08-17,0.962447,1.000735,0.951262,0.876950,0.883590
2022-08-18,0.956216,0.993530,0.943227,0.870716,0.876435
2022-08-19,0.950406,0.988604,0.942047,0.867244,0.872457
2022-08-22,0.964586,0.991053,0.944595,0.871589,0.879243
2022-08-23,0.960076,0.989907,0.943945,0.869130,0.877856
2022-08-24,0.929282,0.964376,0.918283,0.845407,0.871527
2022-08-25,0.918548,0.965037,0.916556,0.842210,0.874854
2022-08-26,0.910711,0.963622,0.914724,0.837501,0.875425
2022-08-29,0.915780,0.971023,0.920517,0.844754,0.876890
2022-08-30,0.914967,0.968862,0.918127,0.844338,0.877699
2022-08-31,0.900739,0.944268,0.892848,0.827682,0.865377
2022-09-01,0.890598,0.941202,0.889804,0.823245,0.864290
2022-09-02,0.904585,0.954034,0.902768,0.835266,0.872366
2022-09-05,0.902250,0.952741,0.900094,0.835042,0.868798
2022-09-06,0.916270,0.962525,0.909487,0.846886,0.875419
2022-09-07,0.920465,0.968623,0.916050,0.853711,0.884069
2022-09-08,0.903976,0.958597,0.906004,0.843577,0.872508
2022-09-09,0.912999,0.959885,0.906797,0.842896,0.870064
2022-09-13,0.914644,0.964553,0.911789,0.845865,0.873198
2022-09-14,0.901614,0.955736,0.903026,0.836076,0.864055
2022-09-15,0.894607,0.938975,0.891204,0.814905,0.840658
2022-09-16,0.884623,0.921047,0.876354,0.801809,0.830790
2022-09-19,0.869554,0.910843,0.868374,0.795681,0.821299
2022-09-20,0.872608,0.922583,0.879600,0.803080,0.826914
2022-09-21,0.874634,0.927030,0.883242,0.804168,0.822102
2022-09-22,0.869453,0.925720,0.882461,0.800111,0.822289
2022-09-23,0.851657,0.907406,0.864234,0.780876,0.805681
2022-09-26,0.833020,0.891503,0.849679,0.764951,0.788070
2022-09-27,0.845679,0.906385,0.864713,0.777449,0.799426
2022-09-28,0.826327,0.881667,0.840718,0.756499,0.781069
2022-09-29,0.832489,0.883624,0.843438,0.753304,0.784299
2022-09-30,0.825176,0.873011,0.833481,0.747925,0.776938
2022-10-10,0.817608,0.861237,0.821472,0.736790,0.763402
2022-10-11,0.816259,0.864085,0.824344,0.736622,0.761133
2022-10-12,0.839054,0.883811,0.840595,0.753767,0.776877
2022-10-13,0.848927,0.894544,0.848273,0.761709,0.789073
2022-10-14,0.872894,0.917033,0.870195,0.779660,0.806712
2022-10-17,0.883989,0.930917,0.878338,0.792249,0.821370
2022-10-18,0.888828,0.932969,0.881063,0.793980,0.822735
2022-10-19,0.877545,0.923339,0.871414,0.787173,0.814977
2022-10-20,0.873244,0.923448,0.867167,0.784780,0.814916
2022-10-21,0.883669,0.919782,0.865734,0.783425,0.813995
2022-10-24,0.874431,0.904718,0.852311,0.770929,0.802526
2022-10-25,0.878936,0.904074,0.853750,0.771639,0.799549
2022-10-26,0.884157,0.917783,0.860584,0.779284,0.815565
2022-10-27,0.878275,0.917281,0.858623,0.780048,0.816084
2022-10-28,0.873915,0.890866,0.826164,0.764363,0.793983
2022-10-31,0.852688,0.890776,0.826381,0.760148,0.792723
2022-11-01,0.872557,0.911587,0.845217,0.783113,0.795803
2022-11-02,0.893134,0.924614,0.858952,0.794540,0.807940
2022-11-03,0.895265,0.926797,0.859880,0.796059,0.813381
2022-11-04,0.911173,0.944283,0.875965,0.814831,0.832948
2022-11-07,0.921457,0.955207,0.888192,0.823894,0.843526
2022-11-08,0.916886,0.956554,0.889539,0.824134,0.843352
2022-11-09,0.920878,0.957664,0.892121,0.825765,0.844233
2022-11-10,0.918454,0.956058,0.891907,0.824468,0.842836
2022-11-11,0.945376,0.970074,0.907659,0.837343,0.857545
2022-11-14,0.953871,0.972295,0.912868,0.840776,0.859202
2022-11-15,0.967754,1.003767,0.935838,0.853023,0.872565
2022-11-16,0.962414,0.995575,0.926086,0.853891,0.873715
2022-11-17,0.959769,0.993624,0.923825,0.855502,0.873200
2022-11-18,0.944398,0.983960,0.914035,0.851546,0.866669
2022-11-21,0.949733,0.991028,0.921479,0.862407,0.865269
2022-11-22,0.921963,0.976606,0.906082,0.844413,0.857900
2022-11-23,0.901170,0.973418,0.903499,0.852387,0.865210
2022-11-24,0.900268,0.976988,0.905172,0.856152,0.868911
2022-11-25,0.900268,0.965785,0.893609,0.839826,0.850051
2022-11-28,0.899738,0.963249,0.891606,0.835927,0.845372
2022-11-29,0.932403,0.983217,0.909533,0.843676,0.848477
2022-11-30,0.935365,0.980430,0.906813,0.849187,0.851832
2022-12-01,0.943947,0.994238,0.920861,0.856654,0.856371
2022-12-02,0.949877,1.003155,0.930975,0.861024,0.859215
2022-12-05,0.951348,1.011511,0.937608,0.861892,0.858557
2022-12-06,0.947070,1.007417,0.932960,0.861961,0.859313
2022-12-07,0.950223,1.005858,0.930458,0.861776,0.857978
2022-12-08,0.948357,0.999673,0.922866,0.855933,0.851888
2022-12-09,0.942957,0.996843,0.920027,0.855178,0.849598
2022-12-12,0.942536,0.998311,0.920293,0.858250,0.849847
2022-12-13,0.928893,0.986601,0.909272,0.847236,0.839740
2022-12-14,0.925591,0.984337,0.909373,0.844704,0.839938
2022-12-15,0.931009,0.988546,0.913505,0.851951,0.846150
2022-12-16,0.904783,0.971559,0.895668,0.840842,0.831799
2022-12-19,0.882058,0.951290,0.877669,0.826789,0.821170
2022-12-20,0.888055,0.950693,0.878495,0.828425,0.820335
2022-12-21,0.872820,0.939105,0.866240,0.817221,0.810948
2022-12-22,0.853798,0.926879,0.852361,0.802387,0.794897
2022-12-23,0.851263,0.924053,0.849355,0.800291,0.786074
2022-12-26,0.862527,0.935069,0.858591,0.814291,0.794855
2022-12-27,0.864698,0.937803,0.861346,0.818669,0.800357
2022-12-28,0.857622,0.925914,0.850276,0.809471,0.792876
2022-12-29,0.858107,0.924104,0.848003,0.807659,0.789599
2022-12-30,0.861286,0.929993,0.851890,0.811914,0.793631
2023-01-03,0.882573,0.955367,0.872604,0.831518,0.813108
2023-01-04,0.887792,0.960647,0.876147,0.835523,0.815606
2023-01-05,0.890881,0.966185,0.882129,0.840203,0.820594
2023-01-06,0.892386,0.963479,0.881067,0.838861,0.820515
2023-01-09,0.900245,0.969567,0.886927,0.843014,0.824906
2023-01-10,0.898447,0.969826,0.887536,0.841684,0.822750
2023-01-11,0.894701,0.965984,0.882899,0.836401,0.816382
2023-01-12,0.894167,0.964495,0.881619,0.835232,0.817739
2023-01-13,0.895341,0.965082,0.881702,0.839589,0.821443
2023-01-16,0.910187,0.977407,0.892860,0.847336,0.830532
2023-01-17,0.909060,0.973998,0.890654,0.845464,0.828863
2023-01-18,0.907544,0.981181,0.897625,0.844696,0.833891
2023-01-19,0.912210,0.988434,0.904421,0.844356,0.835910
2023-01-20,0.916589,0.997917,0.913029,0.855195,0.841031
2023-01-30,0.916472,1.012275,0.926333,0.868005,0.850083
2023-01-31,0.920671,1.016937,0.932292,0.872181,0.854026
2023-02-01,0.928843,1.030234,0.942484,0.882499,0.865360
2023-02-02,0.934816,1.033510,0.944729,0.887400,0.871817
2023-02-03,0.924777,1.030300,0.942153,0.881664,0.869068
2023-02-06,0.918520,1.026482,0.938606,0.877670,0.866774
2023-02-07,0.916526,1.030111,0.940805,0.878406,0.870994
2023-02-08,0.910828,1.026977,0.936835,0.874039,0.867748
2023-02-09,0.917672,1.038601,0.947381,0.881037,0.874936
2023-02-10,0.914650,1.034322,0.940879,0.882731,0.880833
2023-02-13,0.934989,1.050003,0.955747,0.895718,0.896404
2023-02-14,0.932061,1.052346,0.957130,0.898065,0.898925
2023-02-15,0.925824,1.044142,0.947649,0.887788,0.891268
2023-02-16,0.925015,1.029888,0.937082,0.875321,0.882064
2023-02-17,0.909556,1.023698,0.931296,0.868238,0.879380
2023-02-20,0.915575,1.035208,0.939379,0.880657,0.893970
2023-02-21,0.902364,1.038188,0.941734,0.885507,0.895327
2023-02-22,0.894030,1.037748,0.939692,0.883976,0.893629
2023-02-23,0.894210,1.042269,0.943716,0.885723,0.894451
2023-02-24,0.884737,1.037020,0.939874,0.882014,0.887726
2023-02-27,0.882107,1.031362,0.936497,0.874810,0.880556
2023-02-28,0.882308,1.036669,0.940314,0.881128,0.885798
2023-03-01,0.881056,1.042621,0.941540,0.890856,0.889416
2023-03-02,0.864683,1.036183,0.934169,0.884685,0.883035
2023-03-03,0.860416,1.036989,0.934007,0.885653,0.882803
2023-03-06,0.864424,1.038902,0.936416,0.888395,0.885893
2023-03-07,0.844860,1.019266,0.919014,0.869531,0.866745
2023-03-08,0.848334,1.022965,0.922050,0.876474,0.873088
2023-03-09,0.851068,1.025635,0.924809,0.879616,0.877971
2023-03-10,0.839804,1.012697,0.913158,0.868298,0.870667
2023-03-13,0.833334,1.010978,0.911296,0.865795,0.867880
2023-03-14,0.824448,0.997627,0.899135,0.855252,0.861293
2023-03-15,0.827089,1.006402,0.904832,0.860895,0.864952
2023-03-16,0.810488,0.990880,0.889027,0.845281,0.851304
2023-03-17,0.807949,0.991129,0.888292,0.844867,0.853067
2023-03-20,0.813212,0.985796,0.883876,0.841981,0.848159
2023-03-21,0.826495,1.001584,0.899524,0.856985,0.860140
2023-03-22,0.825655,1.002568,0.899483,0.860610,0.863084
2023-03-23,0.820378,1.000188,0.896711,0.859028,0.862376
2023-03-24,0.826388,1.001072,0.898452,0.859986,0.863855
2023-03-27,0.824983,0.999460,0.897332,0.857760,0.862431
2023-03-28,0.821311,0.994540,0.891202,0.854331,0.857284
2023-03-29,0.817983,0.991458,0.888175,0.848317,0.852217
2023-03-30,0.820455,0.994158,0.890462,0.848614,0.852708
2023-03-31,0.822920,1.000336,0.895495,0.854822,0.859059
2023-04-03,0.828953,1.006413,0.899763,0.857622,0.862935
2023-04-04,0.820310,0.994631,0.887813,0.854014,0.850466
2023-04-06,0.818100,0.992577,0.885830,0.852545,0.848182
2023-04-07,0.823433,1.000135,0.892557,0.860046,0.853294
2023-04-10,0.814822,0.990017,0.883658,0.851846,0.851184
2023-04-11,0.817437,0.989778,0.883669,0.851361,0.851022
2023-04-12,0.824392,0.994883,0.887644,0.857228,0.851582
2023-04-13,0.823871,0.993663,0.886916,0.856812,0.852206
2023-04-14,0.827930,0.996124,0.889786,0.859520,0.856126
2023-04-17,0.835279,1.001657,0.896359,0.864178,0.861122
2023-04-18,0.834347,0.996403,0.892577,0.859073,0.855788
2023-04-19,0.827922,0.990610,0.887596,0.852771,0.849648
2023-04-20,0.819637,0.980244,0.878749,0.842837,0.839298
2023-04-21,0.806907,0.959071,0.864394,0.824720,0.823092
2023-04-24,0.803752,0.955479,0.859842,0.820861,0.819554
2023-04-25,0.796773,0.935788,0.844511,0.807338,0.808190
2023-04-26,0.799888,0.949833,0.856522,0.813435,0.812878
2023-04-27,0.802207,0.954247,0.860216,0.815291,0.815267
2023-04-28,0.811893,0.965826,0.871544,0.832098,0.823092
2023-05-04,0.814881,0.967338,0.874786,0.834114,0.830423
2023-05-05,0.806677,0.958997,0.866725,0.828315,0.824427
2023-05-08,0.807690,0.962306,0.869257,0.831281,0.828069
2023-05-09,0.796428,0.949079,0.858243,0.819146,0.816321
2023-05-10,0.798466,0.954766,0.863318,0.821466,0.820597
2023-05-11,0.803250,0.959510,0.867948,0.827257,0.827515
2023-05-12,0.795113,0.950777,0.859572,0.818216,0.819099
2023-05-15,0.799303,0.960182,0.868612,0.825610,0.826170
2023-05-16,0.801434,0.957245,0.866635,0.821803,0.821533
2023-05-17,0.808816,0.959746,0.868702,0.829529,0.830294
2023-05-18,0.815553,0.965397,0.873847,0.832923,0.834860
2023-05-19,0.825820,0.972487,0.878968,0.838951,0.839908
2023-05-22,0.829523,0.977586,0.881517,0.842805,0.842608
2023-05-23,0.818552,0.968851,0.873527,0.835306,0.836835
2023-05-24,0.814200,0.963796,0.869854,0.831073,0.836505
2023-05-25,0.812427,0.960951,0.868157,0.827733,0.833837
2023-05-26,0.812741,0.965486,0.872959,0.833185,0.835431
2023-05-29,0.808983,0.961680,0.868952,0.829302,0.832821
2023-05-30,0.818141,0.969299,0.873200,0.834430,0.837161
2023-05-31,0.814307,0.968365,0.871318,0.834879,0.838342
2023-06-01,0.815022,0.975011,0.874300,0.839507,0.844442
2023-06-02,0.829878,0.988701,0.887830,0.851336,0.853567
2023-06-05,0.832478,0.988058,0.887172,0.852601,0.854738
2023-06-06,0.823574,0.972614,0.875270,0.841629,0.844712
2023-06-07,0.828010,0.974451,0.875848,0.843329,0.848391
2023-06-08,0.836589,0.978068,0.880532,0.843952,0.854504
2023-06-09,0.834483,0.976758,0.879204,0.845116,0.853339
2023-06-12,0.836159,0.981530,0.883500,0.850779,0.853787
2023-06-13,0.834351,0.982210,0.883199,0.851698,0.854928
2023-06-14,0.839565,0.982883,0.885398,0.852682,0.855462
2023-06-15,0.846005,0.992772,0.893812,0.863947,0.863694
2023-06-16,0.849307,0.997388,0.896113,0.867992,0.867836
2023-06-19,0.844654,0.992822,0.894836,0.864929,0.864599
2023-06-20,0.842943,0.991854,0.894756,0.861126,0.863460
2023-06-21,0.833377,0.978893,0.885041,0.851306,0.854612
2023-06-26,0.825428,0.970091,0.878098,0.845328,0.848262
2023-06-27,0.840316,0.984116,0.889409,0.858863,0.860134
2023-06-28,0.840779,0.985173,0.890880,0.860344,0.863092
2023-06-29,0.842443,0.990198,0.895593,0.865280,0.870400
2023-06-30,0.852155,1.003141,0.907697,0.874958,0.879604
2023-07-03,0.857792,1.011077,0.914357,0.880510,0.884559
2023-07-04,0.855344,1.014496,0.917018,0.881776,0.885656
2023-07-05,0.848828,1.008455,0.910854,0.876193,0.881637
2023-07-06,0.846201,1.005996,0.909384,0.873845,0.878858
2023-07-07,0.850199,1.003887,0.907920,0.870737,0.877843
2023-07-10,0.867734,1.008752,0.912804,0.874743,0.881515
2023-07-11,0.866338,1.014894,0.918423,0.877530,0.885907
2023-07-12,0.856030,1.003027,0.906244,0.863929,0.873596
2023-07-13,0.863652,1.009631,0.912667,0.873688,0.884209
2023-07-14,0.871412,1.008896,0.914447,0.876916,0.885701
2023-07-17,0.863837,1.005823,0.910673,0.872592,0.882336
2023-07-18,0.859641,1.000717,0.904727,0.869665,0.877470
2023-07-19,0.856218,0.998412,0.902301,0.867498,0.880674
2023-07-20,0.849873,0.988372,0.892512,0.858175,0.870770
2023-07-21,0.853098,0.986733,0.890835,0.855276,0.868043
2023-07-24,0.858458,0.988233,0.894606,0.857725,0.867572
2023-07-25,0.865258,0.998805,0.903625,0.870046,0.882666
2023-07-26,0.856202,0.989764,0.894700,0.860392,0.875915
2023-07-27,0.849008,0.982593,0.887761,0.854318,0.869175
2023-07-28,0.851581,0.987394,0.891523,0.858609,0.875247
2023-07-31,0.854912,0.991210,0.893779,0.863205,0.880124
2023-08-01,0.849558,0.988413,0.890206,0.861064,0.876642
2023-08-02,0.850500,0.989928,0.891358,0.862371,0.877101
2023-08-03,0.848708,0.987548,0.889912,0.858761,0.875120
2023-08-04,0.851715,0.992551,0.892804,0.864389,0.879357
2023-08-07,0.850185,0.988908,0.889755,0.864023,0.877815
2023-08-08,0.845126,0.984782,0.885785,0.860947,0.873084
2023-08-09,0.834372,0.975388,0.876658,0.851074,0.861117
2023-08-10,0.836461,0.978196,0.878821,0.853506,0.862242
2023-08-11,0.820464,0.961427,0.864153,0.841244,0.847685
2023-08-14,0.826842,0.965330,0.867529,0.845404,0.850496
2023-08-15,0.817853,0.960161,0.863208,0.839877,0.843338
2023-08-16,0.808574,0.951431,0.856389,0.831814,0.830682
2023-08-17,0.818399,0.964973,0.867289,0.843388,0.839979
2023-08-18,0.812306,0.955250,0.858072,0.833902,0.831735
2023-08-21,0.807623,0.949829,0.852776,0.827817,0.827641
2023-08-22,0.803795,0.947136,0.850258,0.827221,0.824543
2023-08-23,0.789959,0.932549,0.837052,0.813222,0.811754
2023-08-24,0.795425,0.932307,0.837416,0.813559,0.810909
2023-08-25,0.789029,0.918795,0.826812,0.800522,0.796521
2023-08-28,0.795710,0.933922,0.840574,0.817022,0.813255
2023-08-29,0.821346,0.958036,0.862038,0.838389,0.833872
2023-08-30,0.828374,0.963728,0.867786,0.841555,0.836763
2023-08-31,0.826376,0.960092,0.864707,0.837532,0.832245
2023-09-01,0.824140,0.963056,0.866934,0.839353,0.834379
2023-09-04,0.835148,0.977677,0.879988,0.849255,0.845603
2023-09-05,0.835570,0.974597,0.878256,0.845769,0.844308
2023-09-06,0.835127,0.979009,0.883524,0.845103,0.847441
2023-09-07,0.820473,0.962391,0.867844,0.833671,0.833449
2023-09-08,0.820598,0.963508,0.869087,0.834176,0.833853
2023-09-11,0.830448,0.971587,0.875996,0.842801,0.842813
2023-09-12,0.831711,0.970860,0.875967,0.844182,0.844236
2023-09-13,0.821915,0.960582,0.865906,0.841726,0.834964
2023-09-14,0.819678,0.958441,0.864068,0.832314,0.831686
2023-09-15,0.820064,0.962450,0.868023,0.833455,0.834686
2023-09-18,0.831151,0.969037,0.876210,0.839270,0.838392
2023-09-19,0.826106,0.957935,0.868124,0.829113,0.832796
2023-09-20,0.819345,0.952415,0.863366,0.823729,0.827725
2023-09-21,0.816782,0.947451,0.858602,0.817375,0.820308
2023-09-22,0.835708,0.970266,0.879487,0.836931,0.834873
2023-09-25,0.824687,0.963490,0.872219,0.829296,0.827726
2023-09-26,0.824258,0.961479,0.869889,0.828058,0.829332
2023-09-27,0.831248,0.964200,0.872852,0.832767,0.833521
2023-09-28,0.841840,0.977542,0.884483,0.842199,0.841804
2023-10-09,0.838903,0.973939,0.879649,0.837836,0.837603
2023-10-10,0.836881,0.973725,0.879418,0.837729,0.837459
2023-10-11,0.841033,0.977584,0.883982,0.838575,0.840158
2023-10-12,0.841306,0.979206,0.885197,0.844930,0.844463
2023-10-13,0.834238,0.971823,0.877173,0.836683,0.835107
2023-10-16,0.821968,0.963312,0.868165,0.832122,0.825675
2023-10-17,0.825172,0.964520,0.869214,0.831968,0.826003
2023-10-18,0.816742,0.951642,0.858524,0.818801,0.810827
2023-10-19,0.810857,0.944297,0.851670,0.813036,0.805486
2023-10-20,0.804114,0.936155,0.845814,0.809953,0.801414
2023-10-23,0.785212,0.912008,0.826057,0.790395,0.787557
2023-10-24,0.801261,0.928770,0.840181,0.808424,0.797485
2023-10-25,0.809472,0.937794,0.846938,0.820012,0.804791
2023-10-26,0.811643,0.940928,0.849784,0.821328,0.804929
2023-10-27,0.823669,0.957573,0.866077,0.833685,0.816261
2023-10-30,0.833297,0.970325,0.878478,0.842606,0.825127
2023-10-31,0.827844,0.966755,0.875727,0.838455,0.821341
2023-11-01,0.831330,0.970527,0.879713,0.841421,0.823586
2023-11-02,0.822185,0.961685,0.871644,0.833319,0.815746
2023-11-03,0.838838,0.976121,0.885291,0.846886,0.827874
2023-11-06,0.856076,0.992199,0.901576,0.862764,0.843149
2023-11-07,0.860895,0.993708,0.902759,0.864685,0.845305
2023-11-08,0.861058,0.994455,0.903861,0.864419,0.844658
2023-11-09,0.863045,0.993201,0.903174,0.864360,0.843623
2023-11-10,0.857738,0.989821,0.898447,0.861214,0.840526
2023-11-13,0.855565,0.995169,0.901599,0.864532,0.846257
2023-11-14,0.853110,0.995979,0.899007,0.864334,0.846420
2023-11-15,0.853167,1.001797,0.906579,0.871158,0.854383
2023-11-16,0.843945,0.993315,0.901260,0.867015,0.847666
2023-11-17,0.848499,1.000187,0.907054,0.870972,0.852221
2023-11-20,0.838449,1.005677,0.911459,0.875743,0.857957
2023-11-21,0.828833,1.004063,0.911158,0.876894,0.857296
2023-11-22,0.819560,0.994519,0.901345,0.871577,0.850877
2023-11-23,0.834112,1.003874,0.911447,0.879892,0.857783
2023-11-24,0.825641,0.992847,0.902492,0.872532,0.852790
2023-11-27,0.821842,0.992985,0.901927,0.869381,0.848562
2023-11-28,0.828271,0.999785,0.908564,0.870800,0.850791
2023-11-29,0.823316,0.994541,0.903562,0.864514,0.846419
2023-11-30,0.814780,0.990603,0.899959,0.859775,0.845093
2023-12-01,0.811716,0.996661,0.903692,0.868484,0.844007
2023-12-04,0.814863,0.994662,0.901000,0.866421,0.841826
2023-12-05,0.799812,0.975778,0.885239,0.847457,0.822425
2023-12-06,0.800313,0.980312,0.889691,0.851650,0.824147
2023-12-07,0.791573,0.975379,0.887967,0.849720,0.825549
2023-12-08,0.793648,0.965413,0.880025,0.844612,0.821179
2023-12-11,0.800208,0.973938,0.888840,0.850908,0.828392
2023-12-12,0.801168,0.975482,0.889474,0.852668,0.828427
2023-12-13,0.788413,0.967652,0.881492,0.844750,0.817161
2023-12-14,0.788444,0.965878,0.878951,0.841787,0.814070
2023-12-15,0.786622,0.961475,0.873614,0.838097,0.810212
2023-12-18,0.774956,0.947614,0.862536,0.826622,0.797406
2023-12-19,0.777849,0.949432,0.864671,0.827115,0.797313
2023-12-20,0.769771,0.938638,0.855982,0.820540,0.791155
2023-12-21,0.774431,0.946327,0.862843,0.825432,0.795694
2023-12-22,0.768350,0.936615,0.855263,0.817452,0.788994
2023-12-25,0.765741,0.935817,0.855463,0.814497,0.785744
2023-12-26,0.754067,0.923480,0.844846,0.803607,0.778099
2023-12-27,0.755465,0.927962,0.848501,0.809980,0.780606
2023-12-28,0.769255,0.950462,0.869158,0.825137,0.801959
2023-12-29,0.778827,0.963913,0.878790,0.837492,0.813140
2024-01-02,0.781317,0.964513,0.879892,0.837697,0.811409
2024-01-03,0.780730,0.960709,0.877196,0.834619,0.807822
2024-01-04,0.779197,0.956342,0.872613,0.831760,0.804540
2024-01-05,0.767341,0.944226,0.861154,0.818134,0.791134
2024-01-08,0.751371,0.926169,0.844586,0.802014,0.775935
2024-01-09,0.752190,0.927999,0.845204,0.805147,0.778939
2024-01-10,0.746249,0.919543,0.839504,0.797313,0.773284
2024-01-11,0.756925,0.935909,0.852043,0.806631,0.782523
2024-01-12,0.748437,0.926941,0.843129,0.800980,0.777708
2024-01-15,0.747424,0.921549,0.837671,0.800416,0.777330
2024-01-16,0.743691,0.917275,0.833760,0.797048,0.774138
2024-01-17,0.722777,0.891300,0.809386,0.773654,0.764647
2024-01-18,0.725742,0.888393,0.808108,0.771083,0.762600
2024-01-19,0.712554,0.880000,0.800305,0.762044,0.754098
2024-01-22,0.679854,0.846738,0.770376,0.723199,0.719209
2024-01-23,0.678080,0.849626,0.771493,0.722680,0.724741
2024-01-24,0.684472,0.860925,0.779580,0.733943,0.731684
2024-01-25,0.713818,0.896760,0.812742,0.760427,0.756002
2024-01-26,0.704642,0.897036,0.812278,0.756607,0.755820
2024-01-29,0.678358,0.869870,0.786424,0.731562,0.728722
2024-01-30,0.665800,0.842837,0.761746,0.712945,0.704651
2024-01-31,0.647885,0.806915,0.729235,0.693652,0.695934
2024-02-01,0.639188,0.799863,0.722536,0.690241,0.688286
2024-02-02,0.623537,0.781198,0.706851,0.667084,0.677940
2024-02-05,0.600910,0.758003,0.690770,0.639564,0.670686
2024-02-06,0.666022,0.785915,0.725342,0.647139,0.685213
2024-02-07,0.642078,0.770282,0.709028,0.645016,0.705761
2024-02-08,0.715698,0.835018,0.770683,0.676125,0.724024
2024-02-19,0.753957,0.864497,0.798539,0.705717,0.727043
2024-02-20,0.771834,0.873498,0.807145,0.725379,0.740718
2024-02-21,0.784192,0.885338,0.818275,0.742198,0.760865
2024-02-22,0.793707,0.890903,0.823530,0.759741,0.784696
2024-02-23,0.806514,0.899303,0.832013,0.773069,0.804857
2024-02-26,0.814590,0.899782,0.833005,0.779934,0.814387
2024-02-27,0.831234,0.911411,0.844040,0.790910,0.825979
2024-02-28,0.830252,0.904188,0.837713,0.770645,0.811583
2024-02-29,0.830252,0.920913,0.854620,0.791825,0.829994
2024-03-01,0.830252,0.920365,0.854808,0.792476,0.832586
2024-03-04,0.830252,0.930368,0.869986,0.785179,0.830833
2024-03-05,0.830252,0.918904,0.864791,0.782510,0.822915
2024-03-06,0.830252,0.908711,0.852652,0.779551,0.818332
2024-03-07,0.830252,0.908732,0.836043,0.776255,0.813951
2024-03-08,0.830252,0.916329,0.845896,0.778762,0.819540
2024-03-11,0.830252,0.934416,0.843814,0.795213,0.829433
2024-03-12,0.830252,0.953846,0.863027,0.814357,0.838186
2024-03-13,0.830252,0.952721,0.855604,0.805598,0.830689
2024-03-14,0.830252,0.947700,0.855532,0.800208,0.826090
2024-03-15,0.830252,0.956924,0.861384,0.807669,0.829368
2024-03-18,0.830252,0.966294,0.863524,0.817369,0.836183
2024-03-19,0.830252,0.964628,0.865964,0.816390,0.831061
2024-03-20,0.830252,0.972483,0.868399,0.817972,0.832745
2024-03-21,0.830252,0.968971,0.864013,0.819379,0.840354
2024-03-22,0.830252,0.952742,0.845452,0.807126,0.824733
2024-03-25,0.830252,0.938709,0.835581,0.799459,0.817672
2024-03-26,0.830252,0.942740,0.840197,0.790715,0.817582
2024-03-27,0.795557,0.920274,0.823990,0.779639,0.806574
2024-03-28,0.797111,0.929867,0.833711,0.785399,0.806698
2024-03-29,0.809291,0.940882,0.843661,0.792247,0.817731
2024-04-01,0.833252,0.966349,0.865658,0.810267,0.829574
2024-04-02,0.820207,0.960297,0.858831,0.805383,0.824950
2024-04-03,0.812756,0.951252,0.853643,0.799697,0.820807
2024-04-08,0.801869,0.925093,0.833956,0.783522,0.803318
2024-04-09,0.812455,0.938219,0.844030,0.792439,0.810855
2024-04-10,0.792376,0.916836,0.827070,0.778540,0.801150
2024-04-11,0.772924,0.916478,0.826001,0.778710,0.802514
2024-04-12,0.761141,0.910779,0.823990,0.773006,0.795767
2024-04-15,0.775173,0.889763,0.814586,0.760135,0.789983
2024-04-16,0.758540,0.862773,0.785887,0.738684,0.772808
2024-04-17,0.761243,0.875447,0.799957,0.765326,0.784479
2024-04-18,0.760342,0.873089,0.801542,0.762508,0.784180
2024-04-19,0.752227,0.861568,0.792179,0.754422,0.780322
2024-04-22,0.753838,0.863165,0.792395,0.752045,0.776555
2024-04-23,0.765831,0.872620,0.801807,0.763602,0.787751
2024-04-24,0.796352,0.888133,0.818967,0.782117,0.807954
2024-04-25,0.797362,0.893962,0.818934,0.785730,0.810835
2024-04-26,0.811696,0.911271,0.839978,0.799490,0.826084
2024-04-29,0.826701,0.940528,0.865096,0.825021,0.851174
2024-04-30,0.818907,0.935595,0.860935,0.819904,0.845238
2024-05-06,0.844891,0.956243,0.876517,0.835097,0.860937
2024-05-07,0.851801,0.960208,0.874076,0.838031,0.865060
2024-05-08,0.848933,0.958877,0.869600,0.829955,0.852755
2024-05-09,0.848933,0.972752,0.879226,0.833676,0.865246
2024-05-10,0.848933,0.963419,0.874557,0.829967,0.856994
2024-05-13,0.848933,0.958779,0.875367,0.824010,0.847245
2024-05-14,0.848933,0.964936,0.877064,0.824990,0.851355
2024-05-15,0.848933,0.955635,0.868475,0.821613,0.845455
2024-05-16,0.848933,0.959294,0.876455,0.824327,0.845714
2024-05-17,0.864309,0.972793,0.889876,0.829864,0.847854
2024-05-20,0.868048,0.976573,0.893533,0.830340,0.851279
2024-05-21,0.896624,0.964697,0.885935,0.819258,0.844931
2024-05-22,0.899094,0.972937,0.895301,0.816152,0.843816
2024-05-23,0.890923,0.951148,0.877958,0.798692,0.827249
2024-05-24,0.868060,0.939511,0.867107,0.789440,0.815193
2024-05-27,0.866539,0.944403,0.872657,0.794873,0.821401
2024-05-28,0.856484,0.933840,0.860968,0.787288,0.813207
2024-05-29,0.858386,0.936146,0.862480,0.787129,0.811553
2024-05-30,0.855686,0.933573,0.859372,0.784533,0.808989
2024-05-31,0.866472,0.941716,0.865441,0.788984,0.810239
2024-06-03,0.842141,0.923818,0.846385,0.771777,0.797668
2024-06-04,0.836781,0.916179,0.839305,0.766910,0.798166
2024-06-05,0.826112,0.904622,0.828846,0.752780,0.789347
2024-06-06,0.809419,0.883297,0.810759,0.729532,0.774403
2024-06-07,0.807912,0.887598,0.812115,0.736034,0.776136
2024-06-11,0.807406,0.888415,0.810968,0.737219,0.778641
2024-06-12,0.816320,0.900544,0.822107,0.742079,0.782364
2024-06-13,0.809930,0.897380,0.816447,0.736129,0.775025
2024-06-14,0.808752,0.897004,0.816298,0.738459,0.775457
2024-06-17,0.797963,0.889846,0.807797,0.733079,0.767871
2024-06-18,0.805772,0.900928,0.816977,0.740194,0.776889
2024-06-19,0.798332,0.896168,0.812799,0.735476,0.773255
2024-06-20,0.781794,0.878404,0.795111,0.720569,0.756587
2024-06-21,0.787832,0.877175,0.794626,0.720294,0.755889
2024-06-24,0.764911,0.843211,0.765473,0.700711,0.729334
2024-06-25,0.764383,0.842780,0.766497,0.702877,0.729696
2024-06-26,0.768961,0.856421,0.778017,0.711657,0.740029
2024-06-27,0.757151,0.841171,0.762621,0.698139,0.727101
2024-06-28,0.751990,0.843676,0.762011,0.699687,0.726570
2024-07-01,0.760372,0.849356,0.771308,0.708248,0.735681
2024-07-02,0.754886,0.847545,0.767196,0.706032,0.734875
2024-07-03,0.751975,0.840462,0.763671,0.702881,0.732290
2024-07-04,0.735703,0.819064,0.744276,0.685423,0.713991
2024-07-05,0.744879,0.823934,0.749022,0.692027,0.721563
2024-07-08,0.721059,0.799241,0.726562,0.672843,0.702456
2024-07-09,0.721122,0.805722,0.732075,0.680943,0.707171
2024-07-10,0.716754,0.803399,0.731812,0.676353,0.701658
2024-07-11,0.725317,0.824899,0.752214,0.694185,0.717514
2024-07-12,0.728187,0.820234,0.748376,0.692135,0.716665
2024-07-15,0.716260,0.807460,0.736730,0.684153,0.706972
2024-07-16,0.720490,0.808045,0.738748,0.684366,0.708120
2024-07-17,0.712023,0.799515,0.731610,0.679774,0.704712
2024-07-18,0.711412,0.798832,0.730255,0.680206,0.706295
2024-07-19,0.724785,0.806366,0.738709,0.685897,0.713970
2024-07-22,0.732237,0.810718,0.741918,0.687414,0.715915
2024-07-23,0.702274,0.794394,0.726659,0.672681,0.696948
2024-07-24,0.684776,0.783383,0.716894,0.663508,0.686148
2024-07-25,0.704856,0.785803,0.717680,0.665242,0.688721
2024-07-26,0.708496,0.799659,0.727614,0.676610,0.697615
2024-07-29,0.698171,0.798381,0.724431,0.675841,0.695327
2024-07-30,0.699102,0.801654,0.725710,0.677960,0.697976
2024-07-31,0.725499,0.830709,0.752943,0.704242,0.723795
2024-08-01,0.716627,0.827539,0.746126,0.702859,0.721699
2024-08-02,0.708899,0.818244,0.738266,0.691384,0.709971
2024-08-05,0.698874,0.801665,0.724961,0.671774,0.690513
2024-08-06,0.707979,0.812951,0.735250,0.684049,0.703490
2024-08-07,0.699558,0.811942,0.734227,0.685258,0.704860
2024-08-08,0.705858,0.815051,0.735856,0.684649,0.705145
2024-08-09,0.702960,0.808403,0.730953,0.682241,0.700799
2024-08-12,0.706983,0.806223,0.731608,0.679462,0.697795
2024-08-13,0.714433,0.809734,0.732896,0.681592,0.701219
2024-08-14,0.684166,0.804234,0.726948,0.680096,0.695949
2024-08-15,0.681710,0.810913,0.733429,0.686714,0.696677
2024-08-16,0.676531,0.807190,0.731015,0.681506,0.693369
2024-08-19,0.664061,0.804753,0.728063,0.680105,0.691758
2024-08-20,0.653374,0.790395,0.714392,0.667813,0.679863
2024-08-21,0.648424,0.788235,0.712498,0.665809,0.677270
2024-08-22,0.639727,0.776486,0.702696,0.656838,0.668708
2024-08-23,0.637410,0.772725,0.699753,0.653179,0.666724
2024-08-26,0.638706,0.777497,0.703723,0.659420,0.669484
2024-08-27,0.631812,0.770101,0.694608,0.652257,0.661179
2024-08-28,0.637613,0.773667,0.698721,0.655125,0.664302
2024-08-29,0.649201,0.786026,0.709989,0.665121,0.674275
2024-08-30,0.660593,0.799953,0.722397,0.677172,0.685523
2024-09-02,0.648207,0.785084,0.709042,0.664684,0.672179
2024-09-03,0.653775,0.791910,0.715469,0.669776,0.679187
2024-09-04,0.650898,0.788027,0.711568,0.666604,0.676925
2024-09-05,0.656828,0.795886,0.718243,0.673070,0.683488
2024-09-06,0.642570,0.781967,0.704158,0.662167,0.670348
2024-09-09,0.640119,0.782102,0.703702,0.659807,0.669092
2024-09-10,0.641496,0.785292,0.707025,0.661378,0.671136
2024-09-11,0.641704,0.782280,0.704302,0.657174,0.669087
2024-09-12,0.638150,0.778338,0.700809,0.656431,0.667127
2024-09-13,0.635456,0.771155,0.695799,0.651626,0.661055
2024-09-18,0.636023,0.772708,0.698504,0.648931,0.660636
2024-09-19,0.638334,0.783695,0.708751,0.660015,0.668362
2024-09-20,0.631632,0.779075,0.704448,0.656831,0.665684
2024-09-23,0.640700,0.781800,0.707977,0.658166,0.667979
2024-09-24,0.665456,0.813189,0.737895,0.684155,0.692312
2024-09-25,0.670918,0.821222,0.743954,0.692026,0.697349
2024-09-26,0.691939,0.849765,0.770155,0.714562,0.721703
2024-09-27,0.719631,0.883741,0.804435,0.737712,0.753780
2024-09-30,0.756269,0.930807,0.849408,0.769381,0.796764
2024-10-08,0.833053,1.048634,0.955703,0.828778,0.888562
2024-10-09,0.833053,0.989410,0.955703,0.805944,0.875076
2024-10-10,0.833053,0.989410,0.955703,0.791108,0.868550
2024-10-11,0.833053,0.991094,0.957330,0.829644,0.872234
2024-10-14,0.833053,1.041858,1.006364,0.854593,0.858140
2024-10-15,0.833053,1.035227,1.022528,0.879128,0.857956
2024-10-16,0.833053,1.065746,1.073331,0.906706,0.877666
2024-10-17,0.833053,1.047352,1.054995,0.879531,0.853841
2024-10-18,0.833053,1.087683,1.091356,0.879531,0.834911
2024-10-21,0.815163,1.090396,1.096439,0.879531,0.841618
2024-10-22,0.822358,1.103657,1.111568,0.891710,0.866845
2024-10-23,0.850177,1.108861,1.118518,0.891831,0.860648
2024-10-24,0.842019,1.105824,1.115166,0.901663,0.870532
2024-10-25,0.867225,1.130884,1.143016,0.914149,0.883553
2024-10-28,0.848573,1.150131,1.163388,0.936587,0.907223
2024-10-29,0.834966,1.132076,1.143105,0.916279,0.889818
2024-10-30,0.831354,1.125424,1.133143,0.915329,0.888574
2024-10-31,0.831296,1.127248,1.136508,0.911715,0.887300
2024-11-01,0.836842,1.118344,1.124942,0.915992,0.885498
2024-11-04,0.844080,1.136714,1.146036,0.926194,0.893089
2024-11-05,0.858099,1.159056,1.164556,0.945577,0.902380
2024-11-06,0.862403,1.157062,1.166013,0.941750,0.897404
2024-11-07,0.895197,1.182034,1.193920,0.961759,0.920620
2024-11-08,0.892941,1.185669,1.199161,0.962248,0.916591
2024-11-11,0.867635,1.211553,1.231444,0.974817,0.932494
2024-11-12,0.856187,1.213761,1.231146,0.971172,0.927263
2024-11-13,0.851116,1.216507,1.235626,0.979652,0.936662
2024-11-14,0.851116,1.191056,1.220530,0.966932,0.921099
2024-11-15,0.851116,1.180528,1.219915,0.957252,0.917466
2024-11-18,0.851116,1.172930,1.213885,0.944531,0.904332
2024-11-19,0.851116,1.181549,1.216031,0.958090,0.912954
2024-11-20,0.847810,1.206617,1.236866,0.974596,0.922587
2024-11-21,0.837994,1.210825,1.239139,0.977898,0.926097
2024-11-22,0.809366,1.164472,1.195284,0.947833,0.895676
2024-11-25,0.814273,1.178720,1.210878,0.953186,0.901128
2024-11-26,0.810972,1.175612,1.215796,0.951815,0.895285
2024-11-27,0.822213,1.190362,1.228911,0.972344,0.906901
2024-11-28,0.810635,1.196654,1.240453,0.969743,0.909643
2024-11-29,0.820755,1.213811,1.251290,0.987825,0.926110
2024-12-02,0.843460,1.241938,1.285497,1.005740,0.943072
2024-12-03,0.846906,1.246826,1.287862,1.005369,0.941957
2024-12-04,0.829997,1.233378,1.279486,0.992837,0.929377
2024-12-05,0.825284,1.231460,1.280227,1.000280,0.936048
2024-12-06,0.833646,1.247802,1.288085,1.012832,0.947491
2024-12-09,0.836263,1.242815,1.277367,1.009991,0.943842
2024-12-10,0.861376,1.253510,1.289064,1.022806,0.955370
2024-12-11,0.874175,1.260498,1.299288,1.030773,0.967552
2024-12-12,0.879935,1.271949,1.314782,1.036052,0.977899
2024-12-13,0.857458,1.254315,1.288585,1.024004,0.958417
2024-12-16,0.865893,1.243805,1.266320,1.011291,0.952640
2024-12-17,0.818919,1.218689,1.244515,0.998171,0.944426
2024-12-18,0.821153,1.220963,1.239020,0.999134,0.946492
2024-12-19,0.821153,1.231814,1.250138,1.000312,0.948014
2024-12-20,0.832495,1.247574,1.268327,1.012168,0.954766
2024-12-23,0.801003,1.198123,1.222374,0.980850,0.930576
2024-12-24,0.810821,1.211562,1.238807,0.989575,0.940007
2024-12-25,0.807877,1.194347,1.219956,0.970495,0.926039
2024-12-26,0.816622,1.203080,1.227386,0.977934,0.932958
2024-12-27,0.810204,1.209602,1.230952,0.986245,0.931701
2024-12-30,0.799751,1.198064,1.219849,0.976380,0.926149
2024-12-31,0.784864,1.172316,1.193655,0.953850,0.903548
2025-01-02,0.776141,1.158543,1.178688,0.939442,0.888172
2025-01-03,0.765572,1.134152,1.156626,0.918397,0.873762
2025-01-06,0.758049,1.130065,1.153156,0.915428,0.871555
2025-01-07,0.762105,1.147262,1.157633,0.931812,0.875687
2025-01-08,0.759940,1.145634,1.159571,0.930708,0.874524
2025-01-09,0.761507,1.153817,1.168281,0.934953,0.877396
2025-01-10,0.748206,1.123883,1.141820,0.911149,0.850066
2025-01-13,0.751073,1.128035,1.145995,0.916706,0.854641
2025-01-14,0.774672,1.180504,1.198060,0.951826,0.893700
2025-01-15,0.767678,1.175779,1.190286,0.946814,0.889690
2025-01-16,0.769164,1.180987,1.192498,0.951553,0.894293
2025-01-17,0.773684,1.185429,1.200145,0.955741,0.896181
2025-01-20,0.777668,1.196090,1.208150,0.962771,0.903769
2025-01-21,0.771517,1.193157,1.208274,0.961028,0.899819
2025-01-22,0.766011,1.182474,1.197512,0.953080,0.890155
2025-01-23,0.769677,1.190995,1.206528,0.955977,0.891987
2025-01-24,0.775289,1.199717,1.216582,0.963131,0.903348
2025-01-27,0.777319,1.185036,1.203192,0.964708,0.904199
2025-02-05,0.777359,1.202885,1.223753,0.965119,0.904558
2025-02-06,0.776502,1.223126,1.243393,0.968164,0.917384
2025-02-07,0.778498,1.241068,1.261394,0.973467,0.922194
2025-02-10,0.791320,1.268512,1.292564,0.988350,0.929414
2025-02-11,0.780330,1.262799,1.284595,0.977391,0.926397
2025-02-12,0.785825,1.269996,1.291737,0.982335,0.929177
2025-02-13,0.774835,1.265601,1.288320,0.986859,0.932131
2025-02-14,0.767507,1.264017,1.285668,0.983310,0.927247
2025-02-17,0.780330,1.278807,1.298907,0.985215,0.932555
2025-02-18,0.859095,1.254245,1.274508,0.973394,0.917902
2025-02-19,0.861898,1.265110,1.284944,0.977448,0.921615
2025-02-20,0.861898,1.274266,1.293905,0.980121,0.924372
2025-02-21,0.861898,1.272544,1.290690,0.978511,0.923202
2025-02-24,0.861898,1.276720,1.292035,0.980551,0.926962
2025-02-25,0.861898,1.266896,1.286866,0.974231,0.923503
2025-02-26,0.861898,1.279974,1.302129,0.983508,0.930598
2025-02-27,0.861898,1.280893,1.301655,0.990649,0.937814
2025-02-28,0.854748,1.266516,1.284381,0.981356,0.928010
2025-03-03,0.848463,1.272859,1.294562,0.984029,0.930356
2025-03-04,0.843481,1.280298,1.301343,0.986134,0.930263
2025-03-05,0.839252,1.284726,1.301663,0.984681,0.927366
2025-03-06,0.882828,1.304852,1.319809,0.994858,0.932041
2025-03-07,0.879072,1.300052,1.310545,0.992657,0.930546
2025-03-10,0.886765,1.303267,1.315541,0.999843,0.934982
2025-03-11,0.890289,1.305725,1.315853,1.002289,0.938509
2025-03-12,0.886294,1.313078,1.322698,1.004650,0.941060
2025-03-13,0.883410,1.304270,1.307268,0.999573,0.939467
2025-03-14,0.896644,1.323231,1.328972,1.014206,0.951328
2025-03-17,0.896477,1.325526,1.333362,1.018666,0.955790
2025-03-18,0.896477,1.333033,1.340810,1.021343,0.958876
2025-03-19,0.885561,1.325120,1.330756,1.016168,0.955883
2025-03-20,0.853369,1.321843,1.324713,1.016213,0.954934
2025-03-21,0.843723,1.301545,1.310975,0.999867,0.943815
2025-03-24,0.841606,1.283858,1.282545,0.987597,0.940335
2025-03-25,0.841606,1.277658,1.281598,0.982643,0.943117
2025-03-26,0.867112,1.283521,1.288617,0.988739,0.943824
2025-03-27,0.860510,1.282198,1.285264,0.988763,0.946656
2025-03-28,0.844703,1.266629,1.267964,0.978104,0.934178
2025-03-31,0.835901,1.253857,1.253568,0.973488,0.927762
2025-04-01,0.837156,1.262966,1.262026,0.978114,0.930875
2025-04-02,0.839012,1.266795,1.266512,0.981471,0.934234
2025-04-03,0.830385,1.257780,1.257429,0.976059,0.925817
2025-04-07,0.707109,1.102172,1.094058,0.854842,0.829246
2025-04-08,0.714912,1.102017,1.093465,0.849296,0.832221
2025-04-09,0.740139,1.130946,1.137581,0.856899,0.829733
2025-04-10,0.752569,1.143881,1.152097,0.868043,0.847770
2025-04-11,0.752725,1.158932,1.163762,0.875559,0.848281
2025-04-14,0.773628,1.177381,1.183873,0.889555,0.850141
2025-04-15,0.769155,1.179077,1.185202,0.890908,0.848923
2025-04-16,0.753237,1.156493,1.163781,0.877773,0.834948
2025-04-17,0.745333,1.157784,1.163461,0.881162,0.837438
2025-04-18,0.753598,1.163447,1.170116,0.884048,0.840022
2025-04-21,0.764442,1.185356,1.191863,0.899000,0.855636
2025-04-22,0.760367,1.181078,1.193891,0.901353,0.855112
2025-04-23,0.775804,1.207571,1.228912,0.910185,0.867153
2025-04-24,0.764856,1.195800,1.219755,0.905727,0.857918
2025-04-25,0.768177,1.200512,1.220852,0.906787,0.861228
2025-04-28,0.774468,1.188335,1.212986,0.900443,0.852483
2025-04-29,0.768024,1.197781,1.221901,0.903824,0.851784
2025-04-30,0.768363,1.211059,1.230093,0.910745,0.851836
2025-05-06,0.770195,1.242554,1.260724,0.931376,0.866046
2025-05-07,0.770386,1.251654,1.264887,0.941021,0.870673
2025-05-08,0.781232,1.262834,1.272984,0.947198,0.877883
2025-05-09,0.769331,1.249025,1.259993,0.940001,0.868667
2025-05-12,0.772556,1.262723,1.270393,0.948818,0.877553
2025-05-13,0.768976,1.261447,1.269607,0.948262,0.879275
2025-05-14,0.775881,1.263811,1.276181,0.949644,0.882265
2025-05-15,0.785202,1.252943,1.269649,0.945454,0.881749
2025-05-16,0.777982,1.255324,1.272326,0.945247,0.878547
2025-05-19,0.777019,1.262519,1.278511,0.952956,0.888357
2025-05-20,0.791584,1.275255,1.290932,0.963000,0.899610
2025-05-21,0.772156,1.269955,1.284068,0.960835,0.902796
2025-05-22,0.779616,1.256539,1.269821,0.952663,0.894878
2025-05-23,0.760583,1.246632,1.257667,0.942331,0.888832
2025-05-26,0.753798,1.256609,1.264233,0.949720,0.891743
2025-05-27,0.768449,1.254102,1.262670,0.941396,0.890126
2025-05-28,0.763016,1.252409,1.261397,0.937065,0.887576
2025-05-29,0.776046,1.270228,1.281144,0.956476,0.907131
2025-05-30,0.769676,1.254014,1.267815,0.942138,0.895591
2025-06-03,0.775857,1.259927,1.276132,0.945619,0.899310
2025-06-04,0.788698,1.270583,1.287124,0.955830,0.908561
2025-06-05,0.797060,1.280512,1.296728,0.968351,0.922006
2025-06-06,0.794169,1.279756,1.294740,0.967972,0.921636
2025-06-09,0.804182,1.291422,1.305926,0.977125,0.930384
2025-06-10,0.789140,1.275639,1.287210,0.966127,0.917034
2025-06-11,0.798267,1.286516,1.297616,0.973196,0.923933
2025-06-12,0.797391,1.286622,1.295315,0.971491,0.923146
2025-06-13,0.787184,1.266823,1.271732,0.957029,0.907495
2025-06-16,0.790502,1.271773,1.276044,0.958429,0.912855
2025-06-17,0.787870,1.270091,1.274480,0.956537,0.911705
2025-06-18,0.787544,1.268024,1.277440,0.953298,0.911183
2025-06-19,0.772923,1.256144,1.268323,0.939987,0.901906
2025-06-20,0.771250,1.252686,1.265156,0.937317,0.897792
2025-06-23,0.773772,1.264289,1.280381,0.949522,0.900061
2025-06-24,0.784346,1.285042,1.301442,0.969301,0.911638
2025-06-25,0.794834,1.291957,1.308249,0.979202,0.919742
2025-06-26,0.790232,1.286025,1.301169,0.976136,0.916426
2025-06-27,0.798421,1.295634,1.311926,0.981704,0.922150
2025-06-30,0.804622,1.310117,1.326981,0.992462,0.933347
2025-07-01,0.806336,1.322948,1.342974,0.996340,0.936264
2025-07-02,0.802804,1.319114,1.341058,0.993978,0.933235
2025-07-03,0.806509,1.328816,1.351234,0.999161,0.938286
2025-07-04,0.798645,1.321681,1.344318,0.993446,0.931467
2025-07-07,0.803097,1.326627,1.351868,1.000458,0.937048
2025-07-08,0.811379,1.335658,1.359874,1.005232,0.946018
2025-07-09,0.808350,1.331813,1.357448,1.004267,0.945653
2025-07-10,0.806886,1.332288,1.360528,1.006919,0.947543
2025-07-11,0.831612,1.347413,1.383582,1.012012,0.948048
2025-07-14,0.824121,1.351623,1.389746,1.021072,0.957931
2025-07-15,0.817611,1.346176,1.387020,1.012761,0.950106
2025-07-16,0.834447,1.352985,1.387170,1.021767,0.960004
2025-07-17,0.831706,1.364518,1.397050,1.029557,0.966404
2025-07-18,0.831660,1.364138,1.396589,1.029634,0.967830
2025-07-21,0.846200,1.374641,1.407560,1.039666,0.975819
2025-07-22,0.867972,1.377866,1.414092,1.040255,0.976269
2025-07-23,0.866048,1.372280,1.409846,1.031824,0.967145
2025-07-24,0.872912,1.386320,1.427098,1.042123,0.978467
2025-07-25,0.872952,1.388966,1.431705,1.044638,0.981607
2025-07-28,0.871468,1.394849,1.437803,1.051121,0.986402
2025-07-29,0.867170,1.392760,1.433487,1.050083,0.985000
2025-07-30,0.854836,1.384854,1.425335,1.044425,0.979718
2025-07-31,0.876557,1.370426,1.406947,1.033680,0.969469
2025-08-01,0.877346,1.374913,1.415064,1.035435,0.969608
2025-08-04,0.879358,1.389380,1.424327,1.045654,0.976376
2025-08-05,0.874148,1.396540,1.429703,1.056689,0.984287
2025-08-06,0.875027,1.405877,1.437893,1.062843,0.990885
2025-08-07,0.867700,1.405774,1.436461,1.063507,0.992465
2025-08-08,0.864482,1.408474,1.439414,1.064269,0.991737
2025-08-11,0.866408,1.424232,1.454225,1.072481,0.999847
2025-08-12,0.868158,1.423752,1.453274,1.073275,1.001249
2025-08-13,0.869685,1.434620,1.465073,1.077177,1.005485
2025-08-14,0.858827,1.415904,1.445994,1.068278,0.996752
2025-08-15,0.856046,1.432819,1.462590,1.077663,1.004534
2025-08-18,0.869199,1.449010,1.482818,1.089316,1.013893
2025-08-19,0.873394,1.456101,1.491024,1.094391,1.022996
2025-08-20,0.868410,1.459354,1.491533,1.099149,1.029175
2025-08-21,0.885376,1.466907,1.499404,1.102761,1.033449
2025-08-22,0.912165,1.465237,1.500252,1.105118,1.036280
2025-08-25,1.005480,1.471744,1.513905,1.112231,1.047414
2025-08-26,1.000012,1.477642,1.517112,1.109883,1.047575
2025-08-27,1.000012,1.436790,1.477187,1.089985,1.026815
2025-08-28,1.000012,1.435589,1.479807,1.087589,1.025197
2025-08-29,1.000012,1.432133,1.474648,1.089494,1.024498
2025-09-01,1.000012,1.443018,1.482513,1.102888,1.034510
2025-09-02,1.000012,1.427291,1.467033,1.086262,1.024395
2025-09-03,1.000012,1.398551,1.435375,1.065581,1.011100
2025-09-04,0.966273,1.394372,1.434041,1.061343,0.999269
2025-09-05,0.978071,1.412695,1.447262,1.078974,1.006112
2025-09-08,0.999410,1.429493,1.469550,1.094296,1.019427
2025-09-09,0.990232,1.408961,1.455560,1.082210,1.009666
2025-09-10,0.989282,1.411280,1.455818,1.082909,1.008745
2025-09-11,1.009691,1.439231,1.473731,1.098161,1.021423
2025-09-12,1.004375,1.437836,1.469177,1.096669,1.019117
2025-09-15,1.004938,1.433796,1.468196,1.094300,1.016752
2025-09-16,1.014835,1.448196,1.483787,1.107090,1.028932
2025-09-17,1.028206,1.456817,1.487709,1.110305,1.032545
2025-09-18,1.008636,1.439815,1.467102,1.095218,1.017064
2025-09-19,1.000857,1.434069,1.464973,1.089409,1.010682
2025-09-22,1.002101,1.439215,1.465948,1.090278,1.011266
2025-09-23,0.999703,1.433133,1.459930,1.079253,0.999001
2025-09-24,1.012521,1.446840,1.477436,1.087187,1.006330
2025-09-25,1.001961,1.435965,1.468926,1.080456,1.003916
2025-09-26,0.997402,1.432662,1.463420,1.079815,0.995423
2025-09-29,1.001834,1.443518,1.477414,1.087122,1.000495
2025-09-30,1.004580,1.447344,1.483489,1.089403,1.003477
2025-10-09,1.004837,1.451354,1.489512,1.095008,1.009647
2025-10-10,1.013370,1.458506,1.492682,1.100197,1.014379
2025-10-13,1.019116,1.451558,1.485266,1.096079,1.016183
2025-10-14,1.012753,1.445372,1.474041,1.092210,1.016032
2025-10-15,1.024292,1.462812,1.493662,1.106375,1.028335
2025-10-16,1.020867,1.452115,1.484184,1.097490,1.021158
2025-10-17,1.008425,1.432546,1.463615,1.079064,1.006654
2025-10-20,1.004080,1.442751,1.472155,1.090716,1.015546
2025-10-21,0.996509,1.458539,1.486394,1.108218,1.029931
2025-10-22,0.998455,1.457888,1.483181,1.108520,1.031446
2025-10-23,0.990586,1.457069,1.488143,1.110464,1.033911
2025-10-24,0.992723,1.471271,1.492481,1.123279,1.041003
2025-10-27,1.019942,1.487665,1.507647,1.131644,1.046725
2025-10-28,1.030714,1.482725,1.504582,1.130953,1.045663
2025-10-29,1.035140,1.493635,1.516608,1.134946,1.047831
2025-10-30,1.017350,1.476502,1.502639,1.121432,1.034790
2025-10-31,1.027029,1.485655,1.516280,1.133409,1.046364
2025-11-03,1.023840,1.491340,1.519699,1.136071,1.051115
2025-11-04,0.991256,1.476088,1.501144,1.122793,1.038091
2025-11-05,0.995086,1.482845,1.511296,1.121693,1.038749
2025-11-06,0.980903,1.487970,1.518376,1.124670,1.042944
2025-11-07,0.988909,1.488987,1.519316,1.121776,1.038691
2025-11-10,1.008125,1.502197,1.532632,1.131384,1.044689
2025-11-11,0.982195,1.506007,1.540436,1.132945,1.048923
2025-11-12,0.953080,1.502358,1.538128,1.126109,1.043999
2025-11-13,0.966544,1.514214,1.550069,1.135750,1.051501
2025-11-14,0.969652,1.511645,1.547252,1.128423,1.048477
2025-11-17,0.931273,1.511448,1.546668,1.131366,1.043924
2025-11-18,0.921736,1.506261,1.545322,1.124107,1.035080
2025-11-19,0.909267,1.486144,1.522799,1.110237,1.023749
2025-11-20,0.889233,1.477408,1.512399,1.101091,1.017049
2025-11-21,0.860213,1.441933,1.477867,1.069732,0.992409
2025-11-24,0.864101,1.461140,1.495898,1.083246,1.004924
2025-11-25,0.873025,1.471195,1.504624,1.092898,1.013396
2025-11-26,0.870409,1.466739,1.498471,1.088409,1.011852
2025-11-27,0.879000,1.474873,1.506016,1.090434,1.011778
2025-11-28,0.889019,1.491850,1.522651,1.102492,1.023993
2025-12-01,0.893856,1.499257,1.532169,1.110234,1.033292
2025-12-02,0.886523,1.490910,1.522749,1.103481,1.025148
2025-12-03,0.882559,1.485039,1.518635,1.098676,1.019530
2025-12-04,0.878920,1.475291,1.512117,1.094428,1.016748
2025-12-05,0.892744,1.494287,1.533559,1.107235,1.030719
2025-12-08,0.895568,1.502005,1.540123,1.111557,1.037339
2025-12-09,0.890088,1.491580,1.527260,1.104308,1.031117
2025-12-10,0.892781,1.491400,1.528997,1.104787,1.032746
2025-12-11,0.887669,1.478935,1.516998,1.090964,1.021042
2025-12-12,0.891396,1.481789,1.524044,1.090155,1.028673
2025-12-15,0.889549,1.476650,1.518249,1.086626,1.024977
2025-12-16,0.885432,1.456058,1.505028,1.070696,1.017556
2025-12-17,0.889163,1.465014,1.514423,1.076090,1.021499
2025-12-18,0.892161,1.475708,1.524142,1.084550,1.025645
2025-12-19,0.903144,1.498778,1.544960,1.100685,1.039606
2025-12-22,0.901592,1.505502,1.552037,1.102890,1.038741
2025-12-23,0.903530,1.500183,1.546704,1.095990,1.031331
2025-12-24,0.906014,1.514937,1.560735,1.104626,1.038576
2025-12-25,0.918301,1.528312,1.574253,1.113606,1.046965
2025-12-26,0.921861,1.526038,1.571517,1.110888,1.044972
2025-12-29,0.920975,1.523701,1.569203,1.107918,1.042027
2025-12-30,0.917283,1.517512,1.564209,1.104829,1.038295
2025-12-31,0.916170,1.521049,1.569168,1.105730,1.041077
2026-01-05,0.954717,1.550184,1.600285,1.115535,1.059378
2026-01-06,0.960095,1.558761,1.606849,1.123733,1.067622
2026-01-07,0.952666,1.565153,1.608193,1.126841,1.067339
2026-01-08,0.968614,1.577714,1.617209,1.132949,1.073566
2026-01-09,0.976801,1.591105,1.627855,1.141491,1.077969
2026-01-12,0.986334,1.609188,1.645220,1.158161,1.097433
2026-01-13,0.967966,1.601154,1.634466,1.150136,1.093733
2026-01-14,0.963335,1.604763,1.635752,1.157206,1.099863
2026-01-15,0.970564,1.608494,1.638859,1.157190,1.096980
2026-01-16,0.967220,1.615815,1.639626,1.157125,1.092305
2026-01-19,0.969991,1.634891,1.655408,1.169833,1.106167
2026-01-20,0.975058,1.634474,1.657634,1.165121,1.102354
2026-01-21,0.988034,1.641168,1.667680,1.163746,1.098733
2026-01-22,0.988779,1.650643,1.681014,1.169750,1.104955
2026-01-23,1.000479,1.677066,1.714717,1.177823,1.111917
2026-01-26,0.998435,1.657756,1.695636,1.162951,1.098939
2026-01-27,0.986185,1.645426,1.689053,1.158662,1.090806
2026-01-28,0.974021,1.629069,1.664236,1.149887,1.085378
2026-01-29,0.971255,1.628938,1.659280,1.156252,1.087290
2026-01-30,0.955403,1.619517,1.649899,1.147774,1.081550
2026-02-02,0.948172,1.595952,1.629815,1.132285,1.068434
2026-02-03,0.961159,1.618156,1.650761,1.145438,1.076493
2026-02-04,0.969619,1.630039,1.662935,1.151657,1.085575
2026-02-05,0.970222,1.618822,1.650696,1.148651,1.085580
2026-02-06,0.971899,1.623760,1.655278,1.152306,1.085211
2026-02-09,0.977374,1.645322,1.678420,1.170371,1.094586
2026-02-10,0.986581,1.644954,1.680676,1.172509,1.095882
2026-02-11,0.981162,1.642618,1.678102,1.169425,1.092421
2026-02-12,0.981913,1.642178,1.678666,1.172193,1.093098
2026-02-13,0.976043,1.635920,1.672484,1.167889,1.089339
2026-02-24,0.988468,1.653485,1.688640,1.179096,1.095866
2026-02-25,0.994602,1.667557,1.705064,1.190365,1.106979
2026-02-26,1.002214,1.664378,1.705339,1.195986,1.110342
2026-02-27,0.999157,1.668589,1.707366,1.199131,1.114628
2026-03-02,0.983082,1.639445,1.678678,1.170870,1.092404
2026-03-03,0.958516,1.599882,1.636329,1.147549,1.061918
2026-03-04,0.945538,1.581322,1.614638,1.135863,1.051359
2026-03-05,0.942726,1.588763,1.619730,1.139091,1.061055
2026-03-06,0.963647,1.616818,1.643713,1.159591,1.075609
2026-03-09,0.957605,1.604156,1.631530,1.155619,1.070829
2026-03-10,0.984741,1.635294,1.662184,1.175904,1.082437
2026-03-11,0.981139,1.630382,1.656722,1.168723,1.074134
2026-03-12,0.978252,1.618284,1.644849,1.159502,1.064894
2026-03-13,0.975853,1.613623,1.643530,1.152293,1.057490
2026-03-16,0.980180,1.619547,1.648903,1.156983,1.063226
2026-03-17,0.971656,1.595068,1.631622,1.141317,1.051526
2026-03-18,0.975477,1.605948,1.640030,1.148597,1.055369
2026-03-19,0.950954,1.572684,1.605178,1.121251,1.033803
2026-03-20,0.938023,1.538911,1.574876,1.100203,1.014439
2026-03-23,0.912364,1.485036,1.523558,1.066318,0.978556
2026-03-24,0.923064,1.509611,1.544480,1.082951,0.993694
2026-03-25,0.932992,1.531054,1.566028,1.099439,1.002344
2026-03-26,0.913604,1.512861,1.545186,1.079846,0.985640
2026-03-27,0.928163,1.537853,1.569613,1.099170,1.004523
2026-03-30,0.933485,1.546097,1.578324,1.104092,1.017803
2026-03-31,0.923251,1.526609,1.558553,1.091852,1.006554
2026-04-01,0.942479,1.552296,1.585645,1.111620,1.025137
2026-04-02,0.922526,1.530091,1.562026,1.091401,1.006773
2026-04-03,0.909033,1.498729,1.532442,1.070451,0.987776
2026-04-07,0.921545,1.518616,1.551216,1.083485,0.999514
2026-04-08,0.963961,1.562598,1.601863,1.128908,1.042795
2026-04-09,0.952173,1.546267,1.584789,1.114650,1.029277
2026-04-10,0.959169,1.560257,1.599304,1.125692,1.041265
2026-04-13,0.959955,1.563986,1.606164,1.125456,1.040347
2026-04-14,0.965354,1.584837,1.627620,1.131530,1.050400
2026-04-15,0.966323,1.579799,1.625398,1.132098,1.053529
2026-04-16,0.981424,1.598799,1.639267,1.141727,1.066439
2026-04-17,0.998741,1.595733,1.635891,1.138088,1.064509
2026-04-20,0.988752,1.605150,1.644239,1.146385,1.072423
2026-04-21,0.984130,1.600426,1.646855,1.148004,1.071854
2026-04-22,0.980770,1.605637,1.650484,1.143666,1.068348
2026-04-23,0.971311,1.595131,1.647133,1.140513,1.063384
2026-04-24,0.969842,1.592814,1.644240,1.138223,1.058144
2026-04-27,0.964404,1.605712,1.651154,1.144451,1.058049
2026-04-28,0.960317,1.595663,1.641728,1.140175,1.054943
2026-04-29,0.977367,1.611041,1.658344,1.153357,1.062807
2026-04-30,0.979715,1.619607,1.664663,1.152993,1.066093
2026-05-06,0.992290,1.629650,1.675932,1.157068,1.069377
2026-05-07,0.990213,1.643210,1.692891,1.160393,1.070565
2026-05-08,0.986557,1.656949,1.703458,1.171292,1.082095
2026-05-11,0.993963,1.662529,1.709132,1.178822,1.088458
2026-05-12,0.985978,1.645080,1.693283,1.163457,1.074305
2026-05-13,0.982612,1.648697,1.705732,1.167271,1.077456
2026-05-14,0.974021,1.623480,1.683919,1.146599,1.056918
2026-05-15,0.960923,1.611231,1.666770,1.137178,1.047321
2026-05-18,0.955687,1.600106,1.660015,1.130180,1.042116
2026-05-19,0.946261,1.604186,1.662709,1.136965,1.050209
2026-05-20,0.944664,1.589401,1.651012,1.125850,1.042720
2026-05-21,0.927871,1.550136,1.611163,1.102129,1.022403
2026-05-22,0.929951,1.557184,1.618566,1.107756,1.026439
2026-05-25,0.912204,1.550282,1.606136,1.097621,1.017993
2026-05-26,0.908114,1.540483,1.597139,1.087055,1.013621
2026-05-27,0.897251,1.523118,1.574426,1.067368,0.998473
2026-05-28,0.890026,1.516982,1.569881,1.069174,0.994658
2026-05-29,0.893354,1.501437,1.553410,1.060905,0.994672
2026-06-01,0.903871,1.524851,1.583533,1.073800,1.005870
2026-06-02,0.885866,1.498397,1.556229,1.058035,0.989983
2026-06-03,0.875377,1.483153,1.539687,1.049306,0.978509
2026-06-04,0.865765,1.468221,1.522837,1.036437,0.965288
2026-06-05,0.867646,1.473429,1.529412,1.041120,0.968420
2026-06-08,0.847375,1.440331,1.494715,1.015045,0.948043
2026-06-09,0.853848,1.452222,1.504703,1.023700,0.954246
2026-06-10,0.847233,1.442420,1.494313,1.012762,0.947094
2026-06-11,0.840605,1.429128,1.481589,1.003483,0.939200
2026-06-12,0.856176,1.452907,1.504437,1.016978,0.949040
2026-06-15,0.866978,1.469203,1.516645,1.036536,0.960000
2026-06-16,0.870865,1.475384,1.519810,1.043747,0.961867
2026-06-17,0.860622,1.461684,1.503561,1.032844,0.954406
2026-06-18,0.861570,1.455318,1.498315,1.026964,0.951300
2026-06-22,0.861192,1.461353,1.504566,1.029939,0.955943
2026-06-23,0.868372,1.464822,1.513247,1.034133,0.954451
2026-06-24,0.854747,1.436429,1.488502,1.012791,0.938942
2026-06-25,0.840435,1.415256,1.468106,0.998652,0.923927
2026-06-26,0.823809,1.389279,1.436773,0.978875,0.903689
2026-06-29,0.824566,1.389935,1.436258,0.980864,0.905638
2026-06-30,0.827318,1.398675,1.443967,0.975119,0.912254
2026-07-01,0.846327,1.417332,1.462914,1.001403,0.924590
2026-07-02,0.840147,1.415973,1.459743,1.006271,0.927963
2026-07-03,0.858723,1.440589,1.487776,1.023125,0.941415
2026-07-06,0.848501,1.421466,1.465076,1.017705,0.935576
2026-07-07,0.822662,1.383884,1.427836,0.992388,0.910805
2026-07-08,0.823636,1.375220,1.415847,0.987123,0.908450
2026-07-09,0.820109,1.373519,1.411448,0.986163,0.903008
2026-07-10,0.818194,1.377507,1.403711,0.995811,0.914728
2026-07-13,0.769096,1.316421,1.331989,0.965362,0.896128
2026-07-14,0.776399,1.329105,1.343324,0.980132,0.909803
2026-07-15,0.759965,1.329487,1.332074,0.976893,0.921054
2026-07-16,0.736599,1.319044,1.311238,0.963976,0.924543
2026-07-17,0.714610,1.286656,1.270188,0.920440,0.909587
2026-07-20,0.721644,1.280599,1.259717,0.890928,0.911442
2026-07-21,0.718383,1.284635,1.262176,0.901414,0.916476
2026-07-22,0.712655,1.275877,1.252464,0.889475,0.910969
2026-07-23,0.731073,1.285625,1.259889,0.906072,0.936781
2026-07-24,0.713041,1.264057,1.237083,0.887622,0.918005
2026-07-27,0.730365,1.296245,1.267145,0.913471,0.949778
2026-07-28,0.710290,1.281672,1.245376,0.900183,0.932903
2026-07-29,0.706992,1.294177,1.253397,0.909761,0.942464
2026-07-30,0.697415,1.269850,1.223298,0.892920,0.920939
2026-07-31,0.718557,1.304478,1.261878,0.918911,0.950157
2026-08-03,0.725180,1.330964,1.286800,0.935229,0.971652
2026-08-04,0.741867,1.352148,1.314010,0.950689,0.988885
2026-08-05,0.764572,1.427377,1.347612,0.960725,1.011233
2026-08-06,0.762797,1.462770,1.353698,0.958692,1.017038
2026-08-07,0.776101,1.479261,1.367415,0.981492,1.032825
2026-08-10,0.762512,1.488506,1.375369,0.992743,1.041233
2026-08-11,0.757438,1.484464,1.362905,0.995849,1.044050
2026-08-12,0.772840,1.489569,1.368872,0.997556,1.054417
2026-08-13,0.781778,1.482275,1.361612,0.993676,1.053517
2026-08-14,0.802495,1.476518,1.360513,0.991412,1.063664
2026-08-17,0.796440,1.493259,1.363765,0.999785,1.086429
