买入日,代码,名称,开盘净收益,开盘毛收益,收盘净收益,最高毛收益,信号日成交额
2021-08-17,002155,湖南黄金,-4.3029%,-4.1071%,-1.2287%,4.6644%,1248236958
2021-08-18,002570,贝因美,-0.7053%,-0.5059%,-1.8846%,0.5059%,387388548
2021-08-19,300102,乾照光电,-2.0701%,-1.8720%,-1.0800%,1.9822%,754364658
2021-08-20,300118,东方日升,3.4396%,3.6432%,5.0626%,7.9756%,1022660805
2021-08-23,300101,振芯科技,-3.6846%,-3.4881%,6.1563%,9.0433%,981262425
2021-08-24,002036,联创电子,0.2465%,0.4469%,-2.0975%,1.6760%,1205924545
2021-08-25,601702,华峰铝业,4.5237%,4.7284%,10.8952%,11.1062%,772144587
2021-08-26,600740,山西焦化,-0.9702%,-0.7710%,3.9593%,6.6307%,1521847908
2021-08-27,002171,楚江新材,3.7225%,3.9264%,10.4342%,10.6448%,1181834898
2021-08-30,600586,金晶科技,3.7518%,3.9557%,7.4401%,9.7574%,1344166259
2021-08-31,000426,兴业银锡,1.0424%,1.2436%,-5.1692%,4.8854%,1141950171
2021-09-01,000488,ST晨鸣,0.4167%,0.6173%,0.7867%,1.4815%,928022520
2021-09-02,002206,海利得,2.2973%,2.4997%,5.0117%,10.8684%,931913080
2021-09-03,600559,老白干酒,-1.3934%,-1.1946%,2.5847%,5.9731%,944856995
2021-09-06,601375,中原证券,-1.1778%,-0.9789%,-0.2000%,0.9789%,1079775725
2021-09-07,300036,超图软件,1.8107%,2.0127%,5.3629%,5.5684%,1145637420
2021-09-08,601918,新集能源,0.3072%,0.5076%,8.0828%,11.1675%,1208133255
2021-09-09,600966,博汇纸业,-0.2000%,0.0000%,1.2980%,6.5504%,1220404841
2021-09-10,000970,中科三环,-0.2799%,-0.0800%,0.5730%,1.5564%,777450296
2021-09-13,000426,兴业银锡,-3.2502%,-3.0533%,-8.7037%,-2.5907%,1146202741
2021-09-14,300077,国民技术,-2.0561%,-1.8581%,-5.2512%,-0.5787%,1785591248
2021-09-15,300185,通裕重工,0.0541%,0.2543%,-0.7081%,7.3754%,1217057760
2021-09-16,002109,ST兴化,-2.4981%,-2.3004%,-5.4721%,3.5183%,832157566
2021-09-17,002274,华昌化工,-2.6797%,-2.4823%,-0.5542%,0.5674%,1255545724
2021-09-22,002046,国机精工,-3.4871%,-3.2904%,-4.2906%,6.4346%,596996841
2021-09-23,000791,甘肃能源,-2.2937%,-2.0958%,-11.1172%,-1.6467%,1258085674
2021-09-24,600323,瀚蓝环境,0.9859%,1.1871%,1.3949%,7.7773%,1136518250
2021-09-27,000615,ST美谷,-2.2233%,-2.0254%,-4.3024%,-1.6825%,1112386638
2021-09-28,600163,中闽能源,-4.2377%,-4.0418%,-4.2377%,2.3577%,1495604103
2021-09-29,002646,天佑德酒,0.0276%,0.2278%,-1.7473%,1.6400%,780207103
2021-09-30,300317,珈伟新能,-3.2114%,-3.0144%,-6.4846%,-1.4417%,497790312
2021-10-08,601619,嘉泽新能,2.0050%,2.2071%,-5.1186%,2.2071%,1193935356
2021-10-11,002139,拓邦股份,0.1061%,0.3063%,-0.4448%,1.1640%,1376287688
2021-10-12,600559,老白干酒,-0.5207%,-0.3211%,3.9702%,6.5596%,1330774875
2021-10-13,600199,金种子酒,-1.6121%,-1.4136%,-3.8089%,0.5759%,1108235861
2021-10-14,600771,广誉远,-2.3969%,-2.1991%,-2.7936%,0.8552%,1531636475
2021-10-15,300077,国民技术,-1.6983%,-1.4998%,-0.5908%,0.4239%,1472339005
2021-10-18,002139,拓邦股份,-0.4616%,-0.2619%,0.2579%,4.1904%,819247696
2021-10-19,603393,新天然气,-7.1968%,-7.0039%,-4.4394%,-3.7262%,876057328
2021-10-20,002759,ST天际,-0.3757%,-0.1759%,0.1013%,3.0409%,1529482352
2021-10-21,601678,滨化股份,-0.7537%,-0.5543%,-4.8511%,1.7736%,1070203049
2021-10-22,300079,数码视讯,-0.3230%,-0.1232%,-2.0454%,-0.1232%,831017364
2021-10-25,600975,新五丰,-1.8743%,-1.6760%,-1.3162%,0.9777%,527881233
2021-10-26,600199,金种子酒,-1.2800%,-1.0811%,-2.6300%,-0.5946%,1018563196
2021-10-27,601678,滨化股份,-0.9900%,-0.7909%,-10.1324%,-0.2260%,1315230531
2021-10-28,002366,融发核电,0.9563%,1.1574%,-0.6625%,2.0833%,407496747
2021-10-29,300393,中来股份,-0.0562%,0.1439%,9.3575%,10.9337%,1236154553
2021-11-01,002091,江苏国泰,-1.1172%,-0.9182%,-4.4528%,-0.1669%,1177950918
2021-11-02,300497,富祥股份,-0.5197%,-0.3201%,-1.4333%,3.6123%,840219928
2021-11-03,600305,恒顺醋业,-0.6351%,-0.4355%,4.8348%,5.2887%,1168305795
2021-11-04,002335,科华数据,-0.5524%,-0.3528%,0.6042%,5.6007%,1386816157
2021-11-05,300443,金雷股份,1.8103%,2.0123%,-2.6615%,2.0534%,1283299532
2021-11-08,002483,润邦股份,-1.0963%,-0.8973%,-0.6481%,2.0936%,564581309
2021-11-09,002665,ST航高,-2.1479%,-1.9499%,-1.5913%,-0.8357%,809924093
2021-11-10,300671,富满微,-0.7746%,-0.5752%,2.4337%,4.6255%,1197412448
2021-11-11,000683,博源化工,0.9732%,1.1743%,-2.7138%,3.6907%,1268081606
2021-11-12,000681,视觉中国,1.2950%,1.4965%,7.5739%,10.0563%,1026603593
2021-11-15,300036,超图软件,-1.8329%,-1.6346%,-2.4092%,2.3397%,1328234480
2021-11-16,600640,国脉文化,-0.3945%,-0.1948%,3.1731%,7.9865%,1061399973
2021-11-17,601311,骆驼股份,-1.3067%,-1.1078%,-0.2000%,4.5790%,905407836
2021-11-18,000049,德赛电池,-0.2423%,-0.0424%,-1.8907%,5.7711%,1142547829
2021-11-19,601015,陕西黑猫,-1.3288%,-1.1299%,-0.6233%,0.7062%,890763130
2021-11-22,002002,ST鸿达,-0.8949%,-0.6957%,0.1475%,2.6087%,1322392560
2021-11-23,600172,黄河旋风,-1.2048%,-1.0059%,-3.8007%,1.0897%,1127191714
2021-11-24,002191,劲嘉股份,-1.1113%,-0.9123%,2.6744%,5.8947%,1467853072
2021-11-25,300708,聚灿光电,0.5977%,0.7984%,-2.8275%,2.4960%,944318513
2021-11-26,000546,金圆股份,-1.0880%,-0.8889%,9.7901%,10.0000%,903889285
2021-11-29,000970,中科三环,2.7774%,2.9803%,-2.1801%,3.2918%,1315238267
2021-11-30,300077,国民技术,-1.2168%,-1.0179%,0.1858%,4.4928%,1355930327
2021-12-01,002002,ST鸿达,-1.6070%,-1.4085%,-3.3267%,-1.2520%,1397659727
2021-12-02,601678,滨化股份,-0.0839%,0.1161%,-1.8242%,0.1161%,1331260000
2021-12-03,002048,宁波华翔,-0.7017%,-0.5023%,-3.4843%,0.5936%,1227495375
2021-12-06,600163,中闽能源,0.8084%,1.0094%,3.7327%,9.9929%,1579321381
2021-12-07,600163,中闽能源,-3.1105%,-2.9135%,-3.1105%,-0.1942%,1626971253
2021-12-08,600206,有研新材,-1.4745%,-1.2758%,-4.0236%,-0.6379%,954287140
2021-12-09,300068,ST南都,-1.5177%,-1.3191%,0.4589%,2.7114%,827395118
2021-12-10,000546,金圆股份,-0.2721%,-0.0723%,-1.1383%,3.3960%,869946750
2021-12-13,300393,中来股份,-1.0938%,-0.8948%,-4.2782%,0.6711%,1218498479
2021-12-14,300567,精测电子,1.5525%,1.7542%,3.5221%,7.9018%,1103402129
2021-12-15,601126,四方股份,1.0029%,1.2040%,-4.3430%,1.4270%,1546712076
2021-12-16,600277,ST亿利,-0.3823%,-0.1826%,1.2592%,7.8510%,1373388369
2021-12-17,601678,滨化股份,1.0897%,1.2909%,-2.8965%,1.9951%,1487262084
2021-12-20,600172,黄河旋风,-1.2406%,-1.0417%,3.1301%,5.0000%,779058473
2021-12-21,600172,黄河旋风,-1.5091%,-1.3105%,-2.4155%,-0.2016%,703747844
2021-12-22,002131,利欧股份,-1.4192%,-1.2205%,-3.4514%,-0.4068%,771818170
2021-12-23,002182,宝武镁业,-1.2066%,-1.0077%,-1.0087%,1.3757%,787651930
2021-12-24,600993,马应龙,-1.5355%,-1.3369%,-0.8487%,1.7953%,695658802
2021-12-27,300393,中来股份,-0.3084%,-0.1086%,4.4095%,4.8855%,1480191712
2021-12-28,300393,中来股份,0.1111%,0.3113%,-1.7032%,2.2831%,1366840658
2021-12-29,600252,中恒集团,-0.7484%,-0.5490%,0.6227%,2.1960%,640658568
2021-12-30,300459,汤姆猫,0.1627%,0.3630%,0.5253%,2.5408%,1712079385
2021-12-31,300393,中来股份,-1.4711%,-1.2724%,-8.1975%,0.7422%,1238743703
2022-01-04,000982,中银绒业,-1.9125%,-1.7143%,-5.3377%,-0.8571%,1454025048
2022-01-05,300666,江丰电子,-0.9873%,-0.7882%,4.6780%,7.6703%,729339358
2022-01-06,002002,ST鸿达,-0.9841%,-0.7849%,-1.6114%,0.4710%,1447054756
2022-01-07,002140,东华科技,-2.8836%,-2.6864%,-1.5418%,1.8133%,962751384
2022-01-10,000671,ST阳光城,-1.6910%,-1.4925%,-2.8838%,0.2985%,849770130
2022-01-11,601375,中原证券,-1.1920%,-0.9930%,-1.1920%,0.9930%,1393604454
2022-01-12,300343,联创股份,-2.3717%,-2.1739%,-6.7152%,-1.3158%,1825679625
2022-01-13,300663,科蓝软件,-0.9216%,-0.7223%,0.8825%,3.6569%,869916852
2022-01-14,300459,汤姆猫,0.3381%,0.5386%,3.0284%,6.4632%,1573839659
2022-01-17,300459,汤姆猫,-1.2424%,-1.0435%,-6.6283%,-0.3478%,1712626123
2022-01-18,601375,中原证券,-1.5779%,-1.3793%,4.7212%,4.9261%,1291025460
2022-01-19,601375,中原证券,0.7381%,0.9390%,-2.0760%,1.3146%,1472702761
2022-01-20,000034,神州数码,-2.5697%,-2.3721%,-1.5507%,3.3921%,716214975
2022-01-21,300271,华宇软件,0.3800%,0.5806%,-1.2149%,2.3222%,1044506758
2022-01-24,000546,金圆股份,-0.2666%,-0.0668%,-3.5344%,1.8024%,1002409017
2022-01-25,000838,ST发展,-3.7547%,-3.5583%,-10.1287%,-0.8589%,777581762
2022-01-27,002610,ST爱康,0.3371%,0.5376%,-2.0798%,1.6129%,1081703460
2022-01-28,300443,金雷股份,2.5546%,2.7573%,-5.7931%,5.9144%,594949190
2022-02-07,300343,联创股份,-0.2000%,0.0000%,0.1014%,0.6033%,719547675
2022-02-08,000498,山东路桥,-2.3700%,-2.1722%,-3.8547%,0.9146%,1040847732
2022-02-09,300364,中文在线,-0.9859%,-0.7867%,-0.1126%,3.0594%,533435873
2022-02-10,600138,中青旅,-1.5598%,-1.3612%,0.2800%,6.0854%,862859687
2022-02-11,600446,金证股份,-2.6021%,-2.4046%,-2.6021%,0.1803%,1446207133
2022-02-14,002182,宝武镁业,1.3237%,1.5252%,-0.7513%,1.9050%,1437102962
2022-02-15,002761,浙江建投,2.7383%,2.9412%,10.1914%,10.4017%,1455276135
2022-02-16,300343,联创股份,-1.6394%,-1.4409%,8.7248%,16.5706%,1040035223
2022-02-17,603396,金辰股份,-1.4945%,-1.2958%,-3.1127%,-1.2958%,870863003
2022-02-18,600633,浙数文化,2.6973%,2.9001%,5.8091%,10.8485%,738529691
2022-02-21,300339,润和软件,-1.9959%,-1.7978%,-3.4036%,-0.7774%,990869287
2022-02-22,000503,国新健康,-1.0680%,-0.8689%,-0.2789%,2.2117%,968350699
2022-02-23,300438,鹏辉能源,-1.3469%,-1.1481%,-1.9645%,4.9677%,1177481804
2022-02-24,600777,新潮能源,-2.7227%,-2.5253%,-2.2181%,-0.5051%,853778173
2022-02-25,300224,正海磁材,-1.4423%,-1.2435%,-0.8211%,-0.4352%,817278520
2022-02-28,300398,飞凯材料,-1.9035%,-1.7052%,-2.3747%,-0.7256%,942571703
2022-03-01,600388,紫金龙净,-0.5208%,-0.3211%,-4.6913%,1.6057%,1080344252
2022-03-02,300339,润和软件,-0.7813%,-0.5819%,-1.9440%,0.3880%,924124077
2022-03-03,600409,三友化工,-1.5242%,-1.3255%,-1.9656%,-0.3314%,1127453120
2022-03-04,300182,捷成股份,-2.8604%,-2.6631%,-3.6918%,-0.4993%,1069480839
2022-03-07,300459,汤姆猫,-3.0355%,-2.8384%,-6.7436%,-2.4017%,1244217184
2022-03-08,300035,中科电气,0.7054%,0.9063%,2.3073%,3.9041%,931447154
2022-03-09,300671,富满微,2.3111%,2.5135%,-1.7878%,3.7333%,1289026751
2022-03-10,600197,伊力特,-1.6971%,-1.4987%,-1.8843%,-0.2248%,701821024
2022-03-11,300869,康泰医学,4.4523%,4.6570%,-3.8073%,8.3925%,840661697
2022-03-14,002941,新疆交建,-0.8977%,-0.6984%,0.3075%,6.5397%,1124965586
2022-03-15,300671,富满微,2.3874%,2.5899%,12.6767%,14.8200%,1531412186
2022-03-16,301060,兰卫医学,-5.5333%,-5.3387%,-6.5357%,9.6172%,1428041698
2022-03-17,300182,捷成股份,0.3251%,0.5256%,-0.3750%,1.7519%,1178744842
2022-03-18,600129,太极集团,-1.1699%,-0.9709%,-1.8973%,0.9223%,983010451
2022-03-21,300725,药石科技,0.3979%,0.5985%,-5.9793%,0.5985%,1123867846
2022-03-22,002124,天邦食品,0.0592%,0.2594%,-0.4591%,2.8534%,1474575278
2022-03-23,000732,ST泰禾,-3.5079%,-3.3113%,-6.4851%,-1.6556%,705754741
2022-03-24,600490,鹏欣资源,-0.2000%,0.0000%,1.9865%,6.5660%,744817259
2022-03-25,300208,中程退,-7.3149%,-7.1221%,-9.1300%,-5.2326%,856161870
2022-03-28,002354,天娱数科,0.1843%,0.3846%,0.7606%,2.1154%,796036904
2022-03-29,002435,ST长康,-3.5641%,-3.3675%,-1.8089%,-0.1464%,761119920
2022-03-30,002124,天邦食品,-3.1021%,-2.9050%,-2.3207%,0.2235%,1575885758
2022-03-31,600129,太极集团,-3.3921%,-3.1953%,-5.5951%,-0.7201%,1069345616
2022-04-01,300459,汤姆猫,-1.3224%,-1.1236%,-0.2000%,2.0225%,1155398121
2022-04-06,600325,华发股份,-2.5108%,-2.3131%,-3.3773%,-0.7229%,1167347524
2022-04-07,000681,视觉中国,-3.4096%,-3.2129%,-10.1447%,-2.2122%,1091649908
2022-04-08,600340,ST华幸,-5.7244%,-5.5300%,-10.0979%,-5.0691%,1072100195
2022-04-11,000524,岭南控股,-3.0750%,-2.8779%,9.8627%,10.0727%,577645226
2022-04-12,002051,中工国际,-2.4278%,-2.2300%,-6.8834%,-1.5258%,576991154
2022-04-13,002183,怡亚通,-2.4374%,-2.2396%,-0.5729%,2.7996%,1050111957
2022-04-14,300261,雅本化学,-1.9424%,-1.7442%,-0.2000%,5.5233%,1612447440
2022-04-15,600075,新疆天业,-2.9438%,-2.7466%,-4.1910%,0.2497%,1181485440
2022-04-18,002317,众生药业,-1.0280%,-0.8289%,-1.7286%,0.7651%,965588000
2022-04-19,300052,中青宝,-1.6402%,-1.4417%,-4.2588%,1.0048%,549870100
2022-04-20,002059,云南旅游,-2.8623%,-2.6650%,-10.2153%,-1.6497%,555532575
2022-04-22,002670,国盛证券,-4.1338%,-3.9378%,-1.0281%,3.8342%,902296928
2022-04-26,000671,ST阳光城,-3.7121%,-3.5156%,-2.5414%,-1.9531%,994037189
2022-04-27,002349,精华制药,-0.8133%,-0.6140%,-6.3335%,-0.6140%,994915820
2022-04-28,000762,西藏矿业,0.8544%,1.0554%,8.8612%,10.2246%,1140475715
2022-04-29,600199,金种子酒,-2.1995%,-2.0015%,3.6453%,7.0054%,1432011065
2022-05-05,600199,金种子酒,-2.7548%,-2.5574%,-6.4206%,-1.4085%,1586967825
2022-05-06,300244,迪安诊断,-1.6917%,-1.4932%,-3.8589%,0.4226%,1144846090
2022-05-09,300026,红日药业,-2.8203%,-2.6230%,-2.1652%,-0.4918%,1112611895
2022-05-10,600770,综艺股份,-0.6494%,-0.4499%,-0.2000%,8.7739%,1143900416
2022-05-11,600199,金种子酒,-0.3538%,-0.1540%,6.2216%,10.0077%,1443751470
2022-05-12,600277,ST亿利,1.0316%,1.2328%,-2.8683%,1.8492%,850433940
2022-05-13,000671,ST阳光城,4.5197%,4.7244%,0.5867%,6.6929%,863858912
2022-05-16,002124,天邦食品,-0.2000%,0.0000%,-1.0737%,1.1662%,707957384
2022-05-17,002487,大金重工,-1.9285%,-1.7303%,-3.4316%,-0.1881%,1338868312
2022-05-18,300088,长信科技,-2.5153%,-2.3177%,-2.5153%,-1.5451%,1047443781
2022-05-19,300393,中来股份,-0.7412%,-0.5418%,-0.2601%,0.6020%,1378858687
2022-05-20,000762,西藏矿业,1.7678%,1.9697%,9.9578%,10.1680%,1252532442
2022-05-23,600581,ST八钢,-1.6836%,-1.4851%,-7.2886%,-1.3201%,675659961
2022-05-24,600078,澄星股份,0.4130%,0.6136%,4.8787%,5.0837%,544155109
2022-05-25,002518,科士达,-1.0550%,-0.8559%,-2.5276%,-0.0951%,601036571
2022-05-26,000736,中交发展,-1.5277%,-1.3291%,9.8379%,10.0478%,1321952048
2022-05-27,600740,山西焦化,-0.2000%,0.0000%,-2.3050%,1.5803%,922878990
2022-05-30,000547,航天发展,-2.4943%,-2.2966%,0.5942%,5.9182%,1576518337
2022-05-31,600197,伊力特,-1.4223%,-1.2236%,-1.2001%,0.1854%,1208910709
2022-06-01,002163,海南发展,-1.3664%,-1.1676%,-4.6598%,-0.0687%,927362567
2022-06-02,300088,长信科技,-0.0529%,0.1472%,1.8592%,2.5029%,1006230847
2022-06-06,300261,雅本化学,0.5878%,0.7885%,13.1917%,17.3477%,962924273
2022-06-07,600199,金种子酒,-1.0747%,-0.8757%,-2.4394%,0.1401%,1340870216
2022-06-08,000968,蓝焰控股,-2.9534%,-2.7562%,1.9512%,4.9096%,1118570600
2022-06-09,603612,索通发展,-0.7543%,-0.5549%,10.2925%,10.5030%,777752458
2022-06-10,000552,甘肃能化,-2.1452%,-1.9472%,-0.8484%,0.6491%,866039441
2022-06-13,600110,诺德股份,-2.0983%,-1.9003%,-1.2847%,-0.9954%,1385408897
2022-06-14,002061,浙江交科,-2.0218%,-1.8236%,-3.2435%,2.3171%,994082027
2022-06-15,300339,润和软件,0.5167%,0.7174%,-2.5154%,1.8211%,1203472927
2022-06-16,000860,顺鑫农业,-1.3609%,-1.1621%,5.8898%,9.3986%,1060607014
2022-06-17,301089,拓新药业,0.4130%,0.6135%,2.8979%,4.4109%,680480858
2022-06-20,300772,运达股份,0.2234%,0.4238%,3.6452%,5.8882%,1248190389
2022-06-21,603985,恒润股份,-1.9435%,-1.7453%,5.0306%,10.0260%,1110397081
2022-06-22,603399,永杉锂业,-0.9684%,-0.7692%,1.4522%,3.4231%,802495566
2022-06-23,000400,许继电气,-0.4114%,-0.2117%,1.3861%,3.7574%,1059050209
2022-06-24,300393,中来股份,0.8096%,1.0106%,6.3920%,8.5008%,1398421540
2022-06-27,002011,盾安环境,-0.2000%,0.0000%,6.3886%,10.0460%,1115034118
2022-06-28,002291,遥望科技,0.6454%,0.8462%,-0.9956%,5.0274%,1650696588
2022-06-29,002373,千方科技,-0.2000%,0.0000%,4.7484%,8.5731%,880877248
2022-06-30,002183,怡亚通,-0.2000%,0.0000%,-2.9873%,0.9766%,1330474923
2022-07-01,300343,联创股份,-0.5167%,-0.3171%,4.1711%,5.3266%,1603814136
2022-07-04,300712,永福股份,0.6045%,0.8053%,-2.4251%,1.4221%,611576793
2022-07-05,002100,天康生物,-1.2024%,-1.0035%,-3.9364%,0.2737%,1382663828
2022-07-06,002610,ST爱康,-2.3929%,-2.1951%,1.2620%,2.4390%,1742530634
2022-07-07,002121,科陆电子,0.0803%,0.2805%,-6.6451%,1.6830%,766708015
2022-07-08,300458,全志科技,-2.0698%,-1.8717%,-7.4908%,-1.7638%,912328128
2022-07-11,600478,科力远,0.5832%,0.7839%,-5.8778%,0.7839%,1627986229
2022-07-12,600699,均胜电子,-1.9691%,-1.7709%,10.3442%,10.5547%,1445248713
2022-07-13,603069,海汽集团,-2.1588%,-1.9608%,-3.8891%,-0.6863%,864558090
2022-07-14,300393,中来股份,-1.1009%,-0.9019%,-0.2600%,2.2848%,1221332782
2022-07-15,300343,联创股份,2.5469%,2.7496%,0.8152%,4.5427%,1531888338
2022-07-18,002455,百川股份,-1.2827%,-1.0838%,3.0482%,5.2746%,884516261
2022-07-19,601975,招商南油,-0.2000%,0.0000%,3.4247%,6.4192%,973647471
2022-07-20,300393,中来股份,-0.7313%,-0.5319%,-1.9120%,1.7728%,1291710373
2022-07-21,603005,晶方科技,0.1802%,0.3805%,-2.5188%,0.4186%,1328892788
2022-07-22,603069,海汽集团,-0.9890%,-0.7899%,4.5662%,10.0158%,893344412
2022-07-25,000631,顺发恒能,-3.9505%,-3.7543%,-9.4058%,0.5119%,1105518307
2022-07-26,300745,欣锐科技,-2.0449%,-1.8468%,-0.0552%,3.5850%,659340814
2022-07-27,300393,中来股份,2.2219%,2.4243%,3.8168%,7.9234%,1416892229
2022-07-28,600330,天通股份,-1.0285%,-0.8294%,-4.1357%,-0.3456%,923585854
2022-07-29,603396,金辰股份,1.4137%,1.6153%,9.8485%,10.0585%,1548815998
2022-08-01,600477,杭萧钢构,-3.1561%,-2.9591%,-8.0829%,-1.6439%,1340009740
2022-08-02,300115,长盈精密,-0.2000%,0.0000%,-6.1511%,2.3034%,1409754299
2022-08-03,002151,北斗星通,-0.1708%,0.0291%,-4.3927%,0.0291%,1016250323
2022-08-04,300648,星云股份,1.4601%,1.6618%,-4.9071%,2.5242%,605492008
2022-08-05,300623,捷捷微电,-0.1594%,0.0406%,-1.4164%,1.6236%,945388035
2022-08-08,002517,恺英网络,-0.2000%,0.0000%,-6.1868%,0.4859%,873684961
2022-08-09,002121,科陆电子,-2.1125%,-1.9144%,0.1376%,2.2523%,1038327334
2022-08-10,603398,ST沐邦,1.5373%,1.7389%,3.4504%,4.2703%,1148518168
2022-08-11,002273,水晶光电,-0.5758%,-0.3763%,-3.5828%,-0.0753%,921135739
2022-08-12,600277,ST亿利,1.1508%,1.3521%,2.1157%,3.6701%,1532420991
2022-08-15,002139,拓邦股份,-0.9024%,-0.7032%,-0.7108%,0.8310%,1094596252
2022-08-16,000059,华锦股份,1.9789%,2.1810%,-1.9703%,2.4537%,1105706960
2022-08-17,300088,长信科技,-1.1079%,-0.9089%,5.2477%,6.6217%,1388352392
2022-08-18,002139,拓邦股份,-0.3853%,-0.1855%,-10.3302%,0.5565%,1172039407
2022-08-19,601222,林洋能源,-0.3124%,-0.1126%,-0.7624%,4.2788%,920273089
2022-08-22,600996,贵广网络,0.0945%,0.2947%,3.3329%,7.5639%,696793650
2022-08-23,605090,九丰能源,0.2568%,0.4572%,-4.6841%,2.0781%,887067186
2022-08-24,300094,国联水产,2.3710%,2.5735%,-0.9345%,3.3088%,535458654
2022-08-25,600740,山西焦化,-0.3489%,-0.1491%,-4.5208%,-0.1491%,884675723
2022-08-26,002434,万里扬,-5.1146%,-4.9196%,3.9586%,8.1362%,771955914
2022-08-29,002434,万里扬,-0.7444%,-0.5450%,-2.1054%,0.4541%,1112923660
2022-08-30,000811,冰轮环境,-0.6829%,-0.4834%,-2.6148%,3.2370%,790649932
2022-08-31,000595,新能股份,-1.7941%,-1.5957%,9.7635%,9.9734%,772131338
2022-09-01,300339,润和软件,-1.6373%,-1.4388%,-0.2513%,0.4111%,1050047288
2022-09-02,002079,苏州固锝,-0.8526%,-0.6533%,2.4105%,3.9922%,766619391
2022-09-05,600121,郑州煤电,-0.2000%,0.0000%,1.0547%,3.6107%,717547866
2022-09-06,002307,北新路桥,-4.3317%,-4.1359%,-1.3805%,-0.2954%,898664913
2022-09-07,002079,苏州固锝,-1.8302%,-1.6319%,-3.5963%,-0.2040%,1004778372
2022-09-08,300481,濮阳惠成,-0.3685%,-0.1687%,-2.9445%,0.5543%,603641046
2022-09-09,000671,ST阳光城,-1.9298%,-1.7316%,-3.6597%,-0.8658%,704363729
2022-09-13,600127,金健米业,-2.3956%,-2.1978%,-2.1760%,0.3297%,549902331
2022-09-14,002805,丰元股份,0.7082%,0.9090%,-7.7019%,2.6047%,718370742
2022-09-15,000671,ST阳光城,-1.5030%,-1.3043%,-6.2808%,-0.4348%,734777778
2022-09-16,300379,东通退,-0.2975%,-0.0976%,2.5304%,3.2211%,575530690
2022-09-19,603069,海汽集团,-1.0095%,-0.8103%,4.9882%,10.0184%,478941660
2022-09-20,002077,大港股份,-1.4899%,-1.2912%,5.3899%,7.4605%,786505269
2022-09-21,002568,百润股份,-1.7334%,-1.5349%,-4.6036%,-0.3149%,1093050118
2022-09-22,000620,盈新发展,-3.7497%,-3.5533%,-0.2000%,6.0914%,1334132083
2022-09-23,300339,润和软件,-1.8502%,-1.6519%,-6.1958%,-0.5506%,754084995
2022-09-26,000821,ST京机,0.7995%,1.0005%,-0.9890%,1.3691%,1037767973
2022-09-27,603069,海汽集团,-1.8415%,-1.6432%,-4.4546%,1.7103%,844253227
2022-09-28,002432,九安医疗,-0.6669%,-0.4675%,-2.6824%,1.2302%,1195880699
2022-09-29,002489,浙江永强,-2.6666%,-2.4691%,-7.6000%,-2.4691%,752576269
2022-09-30,000736,中交发展,0.9234%,1.1244%,0.8485%,4.7976%,814843902
2022-10-10,600230,沧州大化,-0.0022%,0.1980%,10.0343%,10.2445%,712722743
2022-10-12,000821,ST京机,-0.4154%,-0.2156%,-2.6771%,0.7547%,839664085
2022-10-13,300339,润和软件,-0.4820%,-0.2823%,0.4769%,2.7666%,1073263430
2022-10-14,000034,神州数码,-1.8538%,-1.6555%,-0.9078%,4.3044%,890921649
2022-10-17,002212,天融信,-1.0246%,-0.8255%,0.1666%,2.1095%,635606087
2022-10-18,002585,双星新材,-0.1360%,0.0640%,-1.5430%,2.4966%,734378423
2022-10-19,002101,广东鸿图,-2.0260%,-1.8278%,-10.5615%,-1.7853%,1045334707
2022-10-20,002047,宝鹰股份,-0.7922%,-0.5929%,-0.7922%,1.1858%,583180385
2022-10-21,000049,德赛电池,-0.2000%,0.0000%,2.6788%,4.1986%,999216179
2022-10-24,601890,亚星锚链,-0.0907%,0.1093%,1.2202%,3.2805%,749845987
2022-10-25,002707,众信旅游,-1.1579%,-0.9589%,-1.4316%,3.5616%,444866565
2022-10-26,603396,金辰股份,1.8959%,2.0980%,4.7463%,8.3919%,1010839614
2022-10-27,603396,金辰股份,-3.9144%,-3.7181%,-7.0696%,-0.2199%,1084559490
2022-10-28,603931,格林达,1.0788%,1.2801%,3.9464%,10.1629%,495745953
2022-10-31,002212,天融信,-0.2000%,0.0000%,-1.1800%,0.0892%,711730707
2022-11-01,002368,太极股份,-1.8862%,-1.6880%,-1.2763%,-0.1796%,1193804750
2022-11-02,300482,万孚生物,-2.7852%,-2.5878%,-4.3300%,-2.3669%,1010944948
2022-11-03,300094,国联水产,-1.4926%,-1.2939%,-0.2000%,1.4787%,490346640
2022-11-04,300393,中来股份,0.0997%,0.2999%,1.1782%,3.0590%,1003698607
2022-11-07,000049,德赛电池,-0.0539%,0.1462%,-4.9581%,0.1462%,945205103
2022-11-08,001203,大中矿业,-1.5109%,-1.3122%,6.7480%,10.1699%,1719370321
2022-11-09,300261,雅本化学,-0.5112%,-0.3115%,-2.3785%,4.6729%,868137972
2022-11-10,300253,卫宁健康,2.1172%,2.3195%,-0.6212%,5.5878%,1017877714
2022-11-11,000595,新能股份,-1.8749%,-1.6766%,-2.3535%,-1.1976%,881040912
2022-11-14,300327,中颖电子,0.0429%,0.2431%,14.8587%,20.5440%,576960669
2022-11-15,002727,一心堂,-1.7526%,-1.5542%,-0.1695%,2.7427%,971125038
2022-11-16,002424,ST百灵,-2.3579%,-2.1601%,0.3078%,3.1766%,774093856
2022-11-17,300327,中颖电子,-2.2281%,-2.0302%,-4.4591%,-0.2792%,1235241719
2022-11-18,002517,恺英网络,-0.7916%,-0.5922%,-4.6373%,-0.1481%,1213700146
2022-11-21,000722,湖南发展,-3.0009%,-2.8037%,-5.7351%,-1.7356%,670920572
2022-11-22,300077,国民技术,-2.2987%,-2.1008%,-3.9177%,0.5402%,738978427
2022-11-23,300598,诚迈科技,-1.5081%,-1.3095%,1.7635%,3.3830%,640820359
2022-11-24,000595,新能股份,-3.6143%,-3.4177%,-3.2349%,-2.0253%,642234167
2022-11-25,000620,盈新发展,-4.8537%,-4.6584%,-2.0614%,0.0000%,880831360
2022-11-28,000592,平潭发展,-1.6120%,-1.4134%,-0.9060%,0.7067%,365787900
2022-11-29,600185,珠免集团,-1.0775%,-0.8785%,-5.1730%,0.4392%,641095782
2022-11-30,300212,ST易录,-1.0170%,-0.8179%,3.2834%,7.6195%,1137985093
2022-12-01,300212,ST易录,1.8363%,2.0383%,7.1139%,15.2662%,959901638
2022-12-02,600478,科力远,-0.6406%,-0.4411%,-2.7558%,1.0587%,1350040900
2022-12-05,300339,润和软件,-1.0525%,-0.8534%,-2.8998%,1.3276%,1605985006
2022-12-06,002079,苏州固锝,-1.6704%,-1.4719%,2.9510%,5.8877%,943691235
2022-12-07,002079,苏州固锝,-1.8291%,-1.6308%,-3.1188%,-0.5436%,1141474486
2022-12-08,002334,英威腾,-1.2429%,-1.0440%,-2.9811%,-0.1160%,621430325
2022-12-09,600906,财达证券,-2.3569%,-2.1591%,-4.9679%,-1.4773%,1406863498
2022-12-12,002665,ST航高,-1.2040%,-1.0050%,-1.9570%,-0.7538%,734286661
2022-12-13,300068,ST南都,0.6338%,0.8346%,1.6431%,4.6121%,1211579741
2022-12-14,603477,巨星农牧,-1.4935%,-1.2948%,-1.5769%,3.5085%,950486778
2022-12-15,603005,晶方科技,-1.5823%,-1.3838%,-3.8402%,-0.9686%,1267427656
2022-12-16,000411,英特集团,-2.0728%,-1.8747%,-11.0210%,-1.8747%,534530996
2022-12-19,002793,罗欣药业,-2.3414%,-2.1436%,-10.1578%,-2.1436%,733748112
2022-12-20,002965,祥鑫科技,-1.3180%,-1.1191%,-2.6577%,1.1740%,574321241
2022-12-21,000523,红棉股份,-1.8729%,-1.6746%,-4.0239%,3.5885%,367001711
2022-12-22,000755,山西高速,-2.4612%,-2.2635%,-1.4921%,0.4850%,582370622
2022-12-23,000813,德展健康,-4.3054%,-4.1096%,-6.1301%,-1.8265%,605054791
2022-12-26,600313,农发种业,-2.2565%,-2.0586%,4.6966%,6.8621%,757013331
2022-12-27,600313,农发种业,-1.9737%,-1.7755%,-4.4010%,-1.2148%,1004046031
2022-12-28,600996,贵广网络,-0.2000%,0.0000%,9.8120%,10.0219%,1093467433
2022-12-29,002570,贝因美,0.7182%,0.9191%,-0.7509%,1.6544%,488395490
2022-12-30,002183,怡亚通,0.2692%,0.4696%,0.5820%,1.8785%,972506388
2023-01-03,000793,ST华闻,0.1951%,0.3954%,-2.0960%,1.8980%,672411987
2023-01-04,600223,福瑞达,1.8348%,2.0368%,-1.3021%,2.2914%,891085936
2023-01-05,002517,恺英网络,-0.2000%,0.0000%,0.6438%,1.2669%,757838859
2023-01-06,300199,翰宇药业,-0.0461%,0.1540%,-4.0462%,3.1314%,1425510729
2023-01-09,000821,ST京机,-0.7901%,-0.5907%,-2.1313%,-0.0537%,1077522562
2023-01-10,601137,博威合金,1.0335%,1.2347%,-0.8784%,4.9389%,1025162957
2023-01-11,600477,杭萧钢构,0.6355%,0.8363%,-0.4088%,3.1361%,950357282
2023-01-12,601858,中国科传,-0.8001%,-0.6008%,-5.1727%,0.5149%,571616539
2023-01-13,000665,湖北广电,-1.3667%,-1.1679%,-2.3875%,-0.8759%,711049106
2023-01-16,600446,金证股份,-0.8137%,-0.6144%,-3.0387%,0.0000%,1002758773
2023-01-17,600537,ST亿晶,1.4861%,1.6878%,0.7836%,2.2504%,810429678
2023-01-18,300366,ST创意,-0.5583%,-0.3587%,2.7567%,4.5740%,380257979
2023-01-19,002657,中科金财,-0.2000%,0.0000%,0.8223%,1.7055%,525044980
2023-01-20,600771,广誉远,1.5360%,1.7377%,-5.1558%,2.2982%,1639022800
2023-01-30,001236,弘业期货,-3.4880%,-3.2913%,0.0779%,1.0198%,1134315481
2023-01-31,000970,中科三环,-0.3919%,-0.1921%,1.0641%,3.1865%,1199688077
2023-02-01,600330,天通股份,-0.7246%,-0.5252%,1.8238%,3.0762%,1435923899
2023-02-02,300077,国民技术,-0.1375%,0.0625%,1.4859%,2.0000%,723610440
2023-02-03,300212,ST易录,-0.7519%,-0.5525%,-0.0160%,1.5101%,1092917304
2023-02-06,603000,人民网,4.0798%,4.2841%,5.3457%,9.7749%,1183733453
2023-02-07,300182,捷成股份,-0.3847%,-0.1849%,-3.7098%,-0.1849%,1182289532
2023-02-08,002101,广东鸿图,-0.1597%,0.0403%,1.0878%,4.1893%,1215164841
2023-02-09,300263,隆华科技,-0.4166%,-0.2169%,-1.1749%,3.3615%,864585064
2023-02-10,600199,金种子酒,-0.2000%,0.0000%,2.5896%,4.2932%,1177801116
2023-02-13,300212,ST易录,0.6463%,0.8471%,-2.2387%,1.9253%,975519496
2023-02-14,603000,人民网,3.6079%,3.8116%,10.1691%,10.3794%,1553245554
2023-02-15,600277,ST亿利,0.6769%,0.8778%,-3.2691%,2.8528%,1065568786
2023-02-16,002727,一心堂,-1.6223%,-1.4238%,5.4894%,9.7398%,1063960194
2023-02-17,000650,仁和药业,-0.3656%,-0.1658%,-1.3597%,-0.1658%,724161485
2023-02-20,600259,中稀有色,0.4179%,0.6184%,0.5002%,2.5356%,811904601
2023-02-21,300212,ST易录,-1.8409%,-1.6425%,1.3238%,1.9554%,923930736
2023-02-22,002803,吉宏股份,-1.8513%,-1.6530%,-1.4974%,1.2397%,451369046
2023-02-23,002670,国盛证券,0.6539%,0.8547%,-1.9076%,1.2821%,770226124
2023-02-24,002151,北斗星通,-0.9095%,-0.7102%,-1.9738%,2.0716%,936077350
2023-02-27,600230,沧州大化,-0.8196%,-0.6203%,-3.4532%,-0.2585%,661196829
2023-02-28,300212,ST易录,-0.2405%,-0.0406%,11.3862%,15.1663%,978951744
2023-03-01,300339,润和软件,-0.5689%,-0.3693%,-0.8148%,0.6976%,1232018255
2023-03-02,002131,利欧股份,0.2630%,0.4634%,0.2630%,1.8536%,856904041
2023-03-03,000034,神州数码,-0.2000%,0.0000%,-2.8856%,0.0000%,1245817366
2023-03-06,000837,秦川机床,-0.8397%,-0.6404%,-4.4957%,-0.5489%,571277046
2023-03-07,001236,弘业期货,-1.8835%,-1.6852%,1.2030%,3.8198%,746323721
2023-03-08,600072,中船科技,-2.5619%,-2.3644%,-4.7375%,-0.2489%,1425202136
2023-03-09,600006,东风股份,-3.3889%,-3.1921%,-7.4475%,-1.4510%,1051181304
2023-03-10,300058,蓝色光标,0.6193%,0.8200%,6.1491%,6.8337%,1105951046
2023-03-13,300346,南大光电,-1.6447%,-1.4462%,2.8100%,3.7503%,1319392438
2023-03-14,300346,南大光电,1.7182%,1.9201%,-1.4031%,5.1891%,1543185029
2023-03-15,002436,兴森科技,-0.8937%,-0.6944%,-0.7203%,2.3438%,959778356
2023-03-16,300579,数字认证,-1.2841%,-1.0852%,0.3992%,4.9122%,847584891
2023-03-17,002446,盛路通信,-0.5567%,-0.3571%,-3.9462%,0.0893%,900945360
2023-03-20,002436,兴森科技,-0.6111%,-0.4115%,-0.7755%,0.6584%,1241568749
2023-03-21,300339,润和软件,0.6332%,0.8340%,5.4655%,7.4225%,1734334308
2023-03-22,300687,赛意信息,0.5550%,0.7557%,-3.3708%,1.2344%,1306031583
2023-03-23,600556,天下秀,-0.6328%,-0.4333%,3.9125%,6.2832%,1347336434
2023-03-24,603000,人民网,-0.7564%,-0.5570%,3.4726%,5.2916%,1703322944
2023-03-27,600556,天下秀,-1.8913%,-1.6931%,-7.0649%,0.0996%,1646531518
2023-03-28,300379,东通退,-1.4405%,-1.2418%,-3.3012%,-0.4657%,1038135812
2023-03-29,300738,奥飞数据,-1.4616%,-1.2629%,-5.6274%,-0.7943%,916308311
2023-03-30,300671,富满微,0.1492%,0.3495%,0.8843%,4.8565%,795631645
2023-03-31,002567,唐人神,-1.5528%,-1.3542%,6.4412%,8.2482%,1074780637
2023-04-03,000034,神州数码,2.3412%,2.5437%,-3.6563%,2.5437%,1424561085
2023-04-04,002151,北斗星通,-0.2276%,-0.0277%,-0.7529%,1.3008%,1425315192
2023-04-06,300655,晶瑞电材,-0.8399%,-0.6406%,-0.8830%,0.9716%,1261527086
2023-04-07,601519,大智慧,1.3067%,1.5081%,-7.9648%,5.3364%,1220403888
2023-04-10,688088,虹软科技,-0.0999%,0.1002%,-6.3280%,4.2564%,1150263992
2023-04-11,300343,联创股份,-1.9739%,-1.7757%,-2.4407%,-0.5607%,1013270737
2023-04-12,300666,江丰电子,-1.2388%,-1.0398%,-3.0385%,0.2418%,1401863840
2023-04-13,002707,众信旅游,-0.8842%,-0.6849%,-3.8167%,-0.5871%,740284210
2023-04-14,002174,游族网络,-1.4785%,-1.2798%,-5.4966%,0.0000%,1549929762
2023-04-17,301297,富乐德,-4.5082%,-4.3126%,3.5549%,6.8051%,997242487
2023-04-18,600839,四川长虹,-2.1588%,-1.9608%,5.6765%,8.8235%,1631713006
2023-04-19,600718,东软集团,-1.5075%,-1.3089%,2.3281%,2.7923%,1277246278
2023-04-20,000034,神州数码,-1.6278%,-1.4292%,-6.6460%,-1.4292%,1075852280
2023-04-21,300161,华中数控,-1.8975%,-1.6993%,0.1256%,3.6546%,710557857
2023-04-24,600062,华润双鹤,-2.7125%,-2.5151%,-4.3875%,-1.1003%,1850021981
2023-04-25,002011,盾安环境,-2.7668%,-2.5694%,2.2282%,6.2500%,1180725712
2023-04-26,300039,上海凯宝,-1.8757%,-1.6774%,-0.0710%,5.6774%,689388232
2023-04-27,601019,山东出版,-5.5398%,-5.3452%,11.4810%,11.6927%,953687775
2023-04-28,300133,华策影视,-0.5515%,-0.3519%,2.3781%,4.8094%,1037555282
2023-05-04,002051,中工国际,-1.6899%,-1.4915%,0.8643%,2.4858%,1406579578
2023-05-05,000928,中钢国际,1.1262%,1.3274%,10.9614%,11.1726%,1221620011
2023-05-08,300693,盛弘股份,-0.3534%,-0.1536%,-4.4185%,1.3871%,608372576
2023-05-09,300020,ST银江,-2.5459%,-2.3483%,-4.6964%,0.7828%,711407690
2023-05-10,600839,四川长虹,-1.6873%,-1.4888%,-8.6282%,-1.4888%,1717988664
2023-05-11,300170,汉得信息,-2.1739%,-1.9759%,-0.0120%,4.8927%,794796621
2023-05-12,002077,大港股份,-3.4103%,-3.2136%,-0.0111%,1.9534%,823539125
2023-05-15,600811,ST东方,-1.3988%,-1.2000%,-2.5976%,-0.8000%,525257816
2023-05-16,002192,融捷股份,-1.4304%,-1.2317%,1.0846%,2.6122%,1899290027
2023-05-17,601890,亚星锚链,-1.5779%,-1.3793%,-1.1186%,-0.1839%,891278199
2023-05-18,002351,漫步者,0.6586%,0.8594%,0.0021%,3.6397%,811141679
2023-05-19,002317,众生药业,-1.6666%,-1.4681%,-0.6888%,1.9031%,1118717374
2023-05-22,002881,美格智能,-1.3819%,-1.1831%,-6.7159%,0.2427%,422799490
2023-05-23,300456,赛微电子,-1.0016%,-0.8025%,-1.7561%,5.0035%,905651613
2023-05-24,300476,胜宏科技,11.4545%,11.6661%,-0.5960%,14.6109%,1405193769
2023-05-25,002261,拓维信息,-0.8566%,-0.6574%,9.8147%,10.0247%,1334334612
2023-05-26,600839,四川长虹,0.7966%,0.9975%,1.2948%,4.9875%,1366298248
2023-05-29,601900,南方传媒,-3.0734%,-2.8764%,10.9145%,11.1256%,1009153970
2023-05-30,300182,捷成股份,-1.6672%,-1.4687%,0.7782%,2.2846%,1053965056
2023-05-31,603533,掌阅科技,-2.3530%,-2.1552%,3.6037%,9.5905%,1156558331
2023-06-01,002291,遥望科技,3.0626%,3.2658%,1.7688%,5.8559%,1451747723
2023-06-02,300017,网宿科技,-1.0152%,-0.8161%,-1.6946%,1.4962%,1374990558
2023-06-05,002519,银河电子,-0.8302%,-0.6309%,-5.8725%,-0.6309%,649418279
2023-06-06,601595,上海电影,-2.2962%,-2.0984%,9.8622%,10.0722%,1326126106
2023-06-07,600757,长江传媒,-2.8826%,-2.6853%,-8.6770%,-2.4705%,976281253
2023-06-08,000736,中交发展,-1.6622%,-1.4637%,-1.7952%,-0.3992%,990029514
2023-06-09,000034,神州数码,-0.4126%,-0.2128%,2.0596%,3.9248%,963396489
2023-06-12,600105,永鼎股份,-0.8379%,-0.6386%,6.0199%,9.5785%,834135450
2023-06-13,300075,数字政通,-0.4129%,-0.2131%,0.5112%,1.3513%,972543731
2023-06-14,001338,永顺泰,-2.9923%,-2.7951%,-5.4854%,-1.5473%,881803832
2023-06-15,000837,秦川机床,1.0537%,1.2549%,-1.4536%,1.3333%,919478516
2023-06-16,000676,智度股份,-0.4656%,-0.2660%,6.1766%,9.9734%,841434602
2023-06-19,300672,国科微,-1.0735%,-0.8745%,-0.4949%,0.2612%,1404485907
2023-06-20,600446,金证股份,-1.5372%,-1.3385%,-6.9417%,-0.4462%,1510679349
2023-06-21,603267,鸿远电子,-1.4230%,-1.2243%,-3.9789%,-1.2243%,1034871894
2023-06-26,002009,天奇股份,-2.2894%,-2.0915%,-3.5952%,-0.6536%,503959533
2023-06-27,605011,杭州热电,-7.8013%,-7.6090%,5.6056%,10.0222%,1010074086
2023-06-28,000158,常山北明,-0.2000%,0.0000%,-3.3324%,0.0000%,1104961943
2023-06-29,300456,赛微电子,-0.5509%,-0.3513%,5.5024%,7.8595%,850338237
2023-06-30,000158,常山北明,0.4195%,0.6201%,1.5346%,3.4727%,991426157
2023-07-03,002401,中远海科,-1.3533%,-1.1545%,0.9162%,2.0855%,846932778
2023-07-04,002151,北斗星通,-2.1274%,-1.9294%,-5.4867%,-1.9294%,1425079538
2023-07-05,000970,中科三环,-1.3396%,-1.1408%,-2.9926%,-1.0653%,920608929
2023-07-06,300339,润和软件,-1.5634%,-1.3649%,-5.6138%,-0.6021%,1472728154
2023-07-07,000099,中信海直,-0.2000%,0.0000%,-1.9158%,1.5155%,569792781
2023-07-10,000539,粤电力Ａ,-2.2544%,-2.0566%,-4.3089%,-1.9280%,1099519094
2023-07-11,300678,中科信息,-1.2751%,-1.0762%,-6.4752%,-0.3953%,1197000851
2023-07-12,300693,盛弘股份,-0.1291%,0.0710%,-1.9960%,1.4193%,996118914
2023-07-13,000821,ST京机,-1.2400%,-1.0411%,-2.6960%,-0.6246%,919537787
2023-07-14,300315,掌趣科技,-1.1351%,-0.9360%,-2.5377%,0.1560%,1481852801
2023-07-17,002777,久远银海,-1.3154%,-1.1165%,-3.3174%,0.1718%,1156055875
2023-07-18,600185,珠免集团,0.1404%,0.3407%,3.7144%,9.7104%,580663369
2023-07-19,300624,万兴科技,-0.2094%,-0.0095%,-4.8567%,0.0095%,959100707
2023-07-20,001337,四川黄金,-4.4425%,-4.2468%,-3.9265%,-1.7217%,1030192566
2023-07-21,000736,中交发展,-1.5099%,-1.3112%,-4.8192%,-0.0690%,722663471
2023-07-24,300130,新国都,0.7538%,0.9548%,0.5465%,2.8227%,866331375
2023-07-25,601900,南方传媒,-3.8484%,-3.6521%,-7.8861%,-3.6034%,1301505802
2023-07-26,600266,城建发展,-4.9000%,-4.7047%,-3.2793%,1.7846%,967464146
2023-07-27,002101,广东鸿图,-0.6647%,-0.4652%,-1.3361%,1.3440%,795031722
2023-07-28,000550,江铃汽车,-0.7753%,-0.5760%,1.3536%,3.9166%,853568705
2023-07-31,300002,神州泰岳,-0.3968%,-0.1970%,1.1780%,1.7734%,1140285986
2023-08-01,300475,香农芯创,-3.0279%,-2.8308%,1.9560%,3.0550%,1531778090
2023-08-02,600658,电子城,-0.6440%,-0.4444%,-1.6800%,0.5926%,717432615
2023-08-03,600446,金证股份,1.8556%,2.0576%,7.6797%,10.0137%,989620912
2023-08-04,002670,国盛证券,-2.8238%,-2.6265%,9.8095%,10.0195%,1641856159
2023-08-07,601375,中原证券,-2.1077%,-1.9096%,-4.4393%,-1.9096%,1342749106
2023-08-08,300548,长芯博创,-1.5162%,-1.3175%,-6.3861%,-0.3623%,817615778
2023-08-09,000034,神州数码,0.0529%,0.2531%,-1.4996%,0.9770%,1087039410
2023-08-10,600777,新潮能源,-1.3100%,-1.1111%,-3.5300%,-0.3704%,925410670
2023-08-11,301246,宏源药业,-1.9728%,-1.7746%,3.4864%,5.9435%,420222075
2023-08-14,002292,奥飞娱乐,-1.0205%,-0.8214%,-1.8410%,1.8480%,773527711
2023-08-15,600105,永鼎股份,-1.5022%,-1.3036%,-1.2128%,0.4345%,965205063
2023-08-16,000428,华天酒店,-1.9982%,-1.8000%,-2.1980%,-1.6000%,463792612
2023-08-17,601375,中原证券,-1.2711%,-1.0723%,-5.7702%,-0.2145%,1420662053
2023-08-18,002428,云南锗业,-2.0808%,-1.8827%,-2.7318%,0.0000%,758796090
2023-08-21,600621,华鑫股份,-0.2000%,0.0000%,0.0332%,2.4119%,1177872009
2023-08-22,002670,国盛证券,-2.0992%,-1.9011%,-6.0876%,-1.2357%,1045841774
2023-08-23,603662,柯力传感,-2.1242%,-1.9262%,-1.6522%,1.7081%,633076857
2023-08-24,300166,东方国信,-2.5436%,-2.3460%,-8.1099%,-2.2483%,829905315
2023-08-25,600621,华鑫股份,10.0594%,10.2696%,10.0594%,10.2696%,1253307786
2023-08-28,600864,哈投股份,-2.6939%,-2.4965%,-2.2263%,-0.1560%,1249642981
2023-08-29,000736,中交发展,-1.5582%,-1.3596%,-1.4224%,0.2719%,799697740
2023-08-30,002131,利欧股份,-0.2000%,0.0000%,-2.6188%,0.8071%,1423261191
2023-08-31,300456,赛微电子,-1.4959%,-1.2972%,0.2629%,1.3435%,1044915329
2023-09-01,300475,香农芯创,0.2558%,0.4562%,0.9546%,2.0074%,1094155451
2023-09-04,603005,晶方科技,-1.9358%,-1.7375%,-2.2098%,1.0974%,1302509431
2023-09-05,300762,上海瀚讯,0.1091%,0.3094%,0.7892%,2.0421%,893372942
2023-09-06,300475,香农芯创,-2.0823%,-1.8842%,-0.0062%,5.4587%,1404674954
2023-09-07,002670,国盛证券,-1.6591%,-1.4606%,-0.3945%,0.8763%,879213019
2023-09-08,300655,晶瑞电材,-1.1144%,-0.9154%,1.2980%,5.2306%,1095470693
2023-09-11,300346,南大光电,-2.4457%,-2.2480%,-2.6253%,0.3884%,1295553489
2023-09-12,300602,飞荣达,-4.1836%,-3.9876%,-5.9657%,-2.6234%,529642549
2023-09-13,002941,新疆交建,-1.2583%,-1.0594%,-1.0819%,0.0589%,726036564
2023-09-14,000767,晋控电力,-2.1698%,-1.9718%,-4.7025%,-1.1268%,574490708
2023-09-15,600155,华创云信,-2.1684%,-1.9704%,-1.7993%,-0.3695%,1589612993
2023-09-18,600776,东方通信,-2.7911%,-2.5937%,-2.0059%,2.3579%,1024996736
2023-09-19,600155,华创云信,-0.5632%,-0.3636%,-3.4694%,2.5455%,1519174368
2023-09-20,600877,电科芯片,-2.2770%,-2.0791%,-0.6020%,1.2072%,1034433210
2023-09-21,600155,华创云信,1.7399%,1.9417%,9.7416%,9.9515%,1516816798
2023-09-22,601975,招商南油,-0.7803%,-0.5809%,-0.7803%,2.9044%,845284932
2023-09-25,300624,万兴科技,4.8789%,5.0839%,14.2784%,20.0259%,883983969
2023-09-26,300002,神州泰岳,-1.2256%,-1.0267%,0.7232%,2.9774%,1178165385
2023-09-27,002317,众生药业,0.2726%,0.4731%,6.8299%,9.5204%,1240480205
2023-09-28,002941,新疆交建,-3.2162%,-3.0193%,-3.1122%,1.8740%,1074978230
2023-10-09,000727,冠捷科技,-1.6910%,-1.4925%,9.8646%,10.0746%,1216026067
2023-10-10,603005,晶方科技,-0.8218%,-0.6225%,3.9755%,8.8039%,1300916007
2023-10-11,002273,水晶光电,-0.5562%,-0.3566%,-0.4671%,2.4960%,897019012
2023-10-12,603127,昭衍新药,-0.1226%,0.0775%,1.1155%,3.8341%,983730041
2023-10-13,300456,赛微电子,-0.2000%,0.0000%,-5.6479%,0.5194%,991206216
2023-10-16,600155,华创云信,-0.9127%,-0.7134%,8.2339%,9.9881%,1359621322
2023-10-17,000813,德展健康,-3.0679%,-2.8708%,-3.5459%,-2.3923%,784904753
2023-10-18,603982,泉峰汽车,-3.2859%,-3.0890%,-7.5215%,-2.1805%,499560543
2023-10-19,603985,恒润股份,0.1109%,0.3111%,0.1420%,10.0187%,1328675474
2023-10-20,002192,融捷股份,-1.9835%,-1.7853%,-2.8502%,0.3003%,1467811727
2023-10-23,002273,水晶光电,-1.8682%,-1.6699%,4.4535%,4.6581%,873859431
2023-10-24,000536,华映科技,-2.4421%,-2.2444%,1.0457%,3.2419%,1065011101
2023-10-25,300604,长川科技,-0.3595%,-0.1597%,-0.1202%,0.6124%,1529155546
2023-10-26,300017,网宿科技,-0.3560%,-0.1562%,-1.7604%,0.0000%,864467368
2023-10-27,603306,华懋科技,-1.6693%,-1.4708%,0.4204%,1.1113%,573740055
2023-10-30,002261,拓维信息,-0.1421%,0.0579%,-2.4546%,0.0579%,1793335136
2023-10-31,000766,通化金马,-3.0802%,-2.8832%,-5.8847%,-2.5038%,1181891543
2023-11-01,002941,新疆交建,-4.1526%,-3.9566%,-7.1490%,-2.8079%,1087773344
2023-11-02,002151,北斗星通,1.7300%,1.9319%,9.8243%,10.0343%,1403962190
2023-11-03,300655,晶瑞电材,-1.3556%,-1.1568%,-0.5541%,0.4385%,766803391
2023-11-06,002261,拓维信息,-1.0924%,-0.8934%,2.9535%,3.5140%,1305938949
2023-11-07,600410,华胜天成,-0.3246%,-0.1248%,1.1709%,3.1188%,767844033
2023-11-08,000980,众泰汽车,-2.2544%,-2.0566%,-5.3362%,-1.2853%,1558763891
2023-11-09,600206,有研新材,-0.8838%,-0.6846%,-0.8838%,1.9016%,651104293
2023-11-10,300475,香农芯创,1.6061%,1.8078%,0.3118%,5.0619%,1361528901
2023-11-13,301297,富乐德,-8.3343%,-8.1425%,-3.1968%,-1.4999%,1302669901
2023-11-14,000413,ST旭电,-0.6012%,-0.4016%,-0.6012%,2.0080%,872912189
2023-11-15,601022,宁波远洋,-6.6273%,-6.4338%,-10.5136%,-4.2642%,1255352689
2023-11-16,300182,捷成股份,-0.9294%,-0.7302%,0.3471%,1.2778%,1052120443
2023-11-17,002195,岩山科技,1.9936%,2.1957%,9.8277%,10.0376%,1275563981
2023-11-20,300459,汤姆猫,-1.1181%,-0.9191%,-2.2200%,0.1838%,1646684895
2023-11-21,002317,众生药业,-1.5668%,-1.3682%,0.1987%,2.4514%,1184544756
2023-11-22,300133,华策影视,-1.4153%,-1.2165%,-4.3017%,-1.2165%,827041194
2023-11-23,300735,光弘科技,-1.6811%,-1.4826%,-6.7872%,-0.3121%,1618214585
2023-11-24,300026,红日药业,1.0567%,1.2579%,-3.3415%,2.0964%,867078704
2023-11-27,002906,华阳集团,-1.4073%,-1.2085%,-1.4915%,1.2929%,1142645583
2023-11-28,002547,ST春兴,-1.7022%,-1.5038%,-0.0122%,2.0677%,563468234
2023-11-29,002617,露笑科技,-1.9199%,-1.7217%,-2.9232%,0.1435%,738729611
2023-11-30,002238,天威视讯,-1.9695%,-1.7713%,0.6044%,5.8776%,972585984
2023-12-01,000656,金科股份,-1.8112%,-1.6129%,-3.9596%,-1.0753%,1036377991
2023-12-04,300017,网宿科技,-0.2000%,0.0000%,-4.8346%,0.7483%,905997539
2023-12-05,600335,国机汽车,-1.7515%,-1.5531%,-5.1650%,-0.1035%,872796395
2023-12-06,600777,新潮能源,-0.5686%,-0.3690%,3.1178%,4.0590%,1325976451
2023-12-07,600777,新潮能源,0.8704%,1.0714%,5.8654%,10.0000%,1024400575
2023-12-08,300017,网宿科技,-1.5140%,-1.3154%,1.1141%,2.0462%,1044773718
2023-12-11,000936,华西股份,-1.0743%,-0.8753%,-0.2000%,0.6565%,638323358
2023-12-12,000656,金科股份,-1.7773%,-1.5789%,-3.3547%,-1.0526%,940832268
2023-12-13,002424,ST百灵,-0.5567%,-0.3571%,-0.7946%,1.9048%,776806142
2023-12-14,600860,京城股份,-1.4396%,-1.2409%,-2.9709%,0.3650%,371700488
2023-12-15,301205,联特科技,-1.0099%,-0.8108%,-2.7373%,1.2906%,796276428
2023-12-18,000656,金科股份,-1.2352%,-1.0363%,1.3529%,2.5907%,1085888784
2023-12-19,300624,万兴科技,0.2503%,0.4507%,-6.5316%,0.7452%,1002457240
2023-12-20,605218,伟时电子,-2.6427%,-2.4452%,-2.5185%,-1.6578%,437959429
2023-12-21,300624,万兴科技,-0.7445%,-0.5451%,-6.3943%,0.8684%,834357131
2023-12-22,002518,科士达,-1.4753%,-1.2766%,0.3024%,1.7408%,1254898755
2023-12-25,000810,创维数字,-1.1591%,-0.9601%,4.1846%,5.0747%,977444916
2023-12-26,000810,创维数字,-3.3501%,-3.1533%,-2.6938%,3.7446%,1258709764
2023-12-27,300735,光弘科技,-2.4939%,-2.2963%,-0.5148%,1.3057%,1289043678
2023-12-28,002192,融捷股份,-0.7923%,-0.5930%,-1.0145%,1.7419%,848701062
2023-12-29,000810,创维数字,-0.9158%,-0.7165%,-0.9158%,3.6477%,1275635827
2024-01-02,002122,ST汇洲,-0.6646%,-0.4651%,-3.2202%,-0.2326%,456596598
2024-01-03,002654,万润科技,-2.0290%,-1.8309%,5.9235%,8.1197%,957035037
2024-01-04,300672,国科微,-2.1955%,-1.9976%,-1.8605%,1.1811%,996779379
2024-01-05,600200,退市苏吴,-0.4171%,-0.2174%,-0.9601%,0.5435%,563098484
2024-01-08,001314,亿道信息,2.5629%,2.7656%,-3.7714%,4.3845%,720277573
2024-01-09,001269,欧晶科技,-1.4266%,-1.2279%,3.3137%,6.3476%,484544200
2024-01-10,600186,莲花控股,-2.6753%,-2.4779%,0.5073%,4.0708%,644931952
2024-01-11,603220,中贝通信,-0.4037%,-0.2040%,-2.8225%,0.4789%,614471332
2024-01-12,002085,万丰奥威,-1.4358%,-1.2371%,-0.2000%,2.2680%,754176624
2024-01-15,601975,招商南油,-0.8296%,-0.6303%,0.1149%,0.3152%,801790761
2024-01-16,002670,国盛证券,-1.7290%,-1.5306%,-0.2000%,3.5714%,884078420
2024-01-17,002590,万安科技,-1.0721%,-0.8730%,4.8583%,5.0633%,423561301
2024-01-18,300017,网宿科技,-1.0782%,-0.8792%,-9.2339%,-0.7536%,1220978174
2024-01-19,601519,大智慧,-1.1818%,-0.9828%,-1.5500%,4.6683%,1408579853
2024-01-22,002670,国盛证券,-2.2771%,-2.0792%,5.8336%,8.9109%,1110395964
2024-01-23,605577,龙版传媒,-4.4478%,-4.2521%,2.7810%,6.4155%,1014787163
2024-01-24,601595,上海电影,-0.2812%,-0.0813%,5.2413%,8.6985%,734347672
2024-01-25,300339,润和软件,-0.2000%,0.0000%,-3.2104%,0.6791%,1066723160
2024-01-26,002761,浙江建投,-0.7107%,-0.5112%,-4.0815%,3.0675%,823228373
2024-01-29,002051,中工国际,-2.3822%,-2.1845%,-2.1398%,2.9126%,849911422
2024-01-30,605011,杭州热电,-3.7786%,-3.5822%,-10.2578%,1.8854%,530369458
2024-02-01,002865,钧达股份,-0.7694%,-0.5700%,-5.6008%,-0.0691%,732296014
2024-02-02,002624,完美世界,-3.5318%,-3.3352%,-11.3061%,-3.3352%,867949930
2024-02-05,300017,网宿科技,-3.1691%,-2.9722%,4.3888%,5.2688%,871551196
2024-02-06,300769,德方纳米,-0.7241%,-0.5247%,-5.4143%,5.2748%,651371044
2024-02-07,002517,恺英网络,-0.4872%,-0.2875%,1.6194%,7.0929%,1087908573
2024-02-08,002008,大族激光,-0.2000%,0.0000%,-1.6062%,0.2252%,1026494792
2024-02-19,300496,中科创达,-2.6594%,-2.4619%,-1.7533%,-1.2957%,1221951069
2024-02-20,603178,圣龙股份,-0.7268%,-0.5274%,9.8463%,10.0563%,553619010
2024-02-21,300053,航宇微,-1.3000%,-1.1011%,4.0001%,6.7067%,549705471
2024-02-22,600621,华鑫股份,-0.2000%,0.0000%,-0.9033%,1.7602%,1186560067
2024-02-23,300339,润和软件,-0.6362%,-0.4367%,-1.6395%,1.0917%,1510892795
2024-02-26,000821,ST京机,-1.6551%,-1.4566%,1.6917%,2.2577%,582011520
2024-02-27,300339,润和软件,-0.0722%,0.1279%,-7.7827%,0.8955%,1414385616
2024-02-28,688166,博瑞医药,-1.0313%,-0.8322%,2.8594%,6.2579%,1094917812
2024-02-29,688166,博瑞医药,-1.8132%,-1.6149%,-2.6844%,0.0969%,682235985
2024-03-01,300475,香农芯创,2.9660%,3.1691%,8.4184%,11.9722%,800156019
2024-03-04,300459,汤姆猫,-2.4611%,-2.2634%,-3.9000%,-0.8230%,1423327176
2024-03-05,002036,联创电子,0.1682%,0.3686%,-2.7772%,0.4914%,717025834
2024-03-06,300475,香农芯创,-0.7864%,-0.5870%,-0.7864%,2.3480%,1369119926
2024-03-07,600602,云赛智联,-2.5749%,-2.3774%,-1.3874%,1.4264%,1150450193
2024-03-08,600006,东风股份,-2.4753%,-2.2776%,-2.4753%,-1.1388%,1111180830
2024-03-11,300212,ST易录,-0.5318%,-0.3322%,5.2947%,6.6076%,1214687957
2024-03-12,002174,游族网络,-1.5501%,-1.3515%,2.0503%,4.9554%,783925919
2024-03-13,300002,神州泰岳,-1.6298%,-1.4313%,-4.1083%,-1.3359%,1686798027
2024-03-14,603108,润达医疗,-1.1169%,-0.9179%,-0.8877%,1.1473%,1137593545
2024-03-15,300136,信维通信,-2.4862%,-2.2885%,0.6399%,0.9808%,1350853241
2024-03-18,600621,华鑫股份,-0.2000%,0.0000%,-1.8352%,2.5535%,1255092204
2024-03-19,000766,通化金马,-0.4742%,-0.2746%,0.2938%,1.2630%,1068813303
2024-03-20,300459,汤姆猫,1.4311%,1.6327%,2.4505%,6.9388%,1282127950
2024-03-21,002409,雅克科技,1.7143%,1.9162%,2.1079%,3.4563%,1091636501
2024-03-22,002077,大港股份,-2.0476%,-1.8495%,-5.7429%,-1.2755%,856903365
2024-03-25,002042,华孚时尚,-1.5095%,-1.3109%,-3.9415%,1.8727%,882740250
2024-03-26,000736,中交发展,-2.8060%,-2.6087%,-3.2404%,1.3043%,754302868
2024-03-27,300757,罗博特科,-1.9433%,-1.7451%,1.9999%,3.3284%,1204656531
2024-03-28,300476,胜宏科技,-1.5623%,-1.3638%,-1.3807%,-1.0001%,952154359
2024-03-29,300073,当升科技,-0.0684%,0.1317%,3.6145%,6.9256%,1630437757
2024-04-01,300073,当升科技,1.2697%,1.4711%,6.1095%,8.6747%,1472583584
2024-04-02,000762,西藏矿业,-0.6216%,-0.4221%,1.3182%,3.1659%,840629260
2024-04-03,002273,水晶光电,-2.3982%,-2.2005%,-5.0219%,-0.9938%,1403136210
2024-04-08,603218,日月股份,-0.2792%,-0.0793%,-2.4980%,1.4278%,776943971
2024-04-09,002428,云南锗业,-1.5886%,-1.3900%,-4.8560%,-1.0630%,618668230
2024-04-10,000158,常山北明,-2.1204%,-1.9224%,-1.5203%,2.5231%,1248217377
2024-04-11,301511,德福科技,-6.5879%,-6.3943%,-7.1417%,-3.4085%,727293578
2024-04-12,300757,罗博特科,-0.0201%,0.1800%,-5.7776%,2.0855%,714328119
2024-04-15,300735,光弘科技,-0.2000%,0.0000%,2.6698%,5.6289%,1633816139
2024-04-16,600420,国药现代,-0.6367%,-0.4372%,0.5643%,2.7322%,1077019660
2024-04-17,300693,盛弘股份,-2.1476%,-1.9496%,-2.4117%,-0.3635%,608056110
2024-04-18,600580,卧龙电驱,-2.1876%,-1.9896%,4.4571%,5.4098%,1764171137
2024-04-19,600580,卧龙电驱,-4.1944%,-3.9984%,-10.2135%,-3.9984%,1756584251
2024-04-22,002984,森麒麟,-2.2064%,-2.0085%,-5.1004%,-0.9656%,1442162700
2024-04-23,300624,万兴科技,0.6689%,0.8698%,1.2013%,1.7962%,726038109
2024-04-24,300034,钢研高纳,-2.1017%,-1.9037%,-4.1713%,-0.7839%,806649242
2024-04-25,300475,香农芯创,-0.6086%,-0.4091%,4.0501%,5.9723%,1038207547
2024-04-26,600580,卧龙电驱,-5.9386%,-5.7444%,-3.0337%,-2.3136%,1816490174
2024-04-29,600621,华鑫股份,-1.5969%,-1.3983%,-2.7144%,0.2097%,919537461
2024-04-30,603220,中贝通信,0.4469%,0.6475%,0.0756%,1.2910%,1089689577
2024-05-06,000899,赣能股份,-1.1089%,-0.9098%,-2.9267%,-0.9098%,741235616
2024-05-07,000799,酒鬼酒,-1.3368%,-1.1380%,-3.1664%,1.0846%,1139562876
2024-05-08,601020,华钰矿业,-1.5606%,-1.3620%,-1.1071%,0.4540%,833298211
2024-05-09,601069,西部黄金,2.9360%,3.1391%,0.7545%,7.0288%,1003842845
2024-05-10,000737,北方铜业,-4.2274%,-4.0315%,-2.8522%,-1.5733%,1379614811
2024-05-13,600686,金龙汽车,-1.0420%,-0.8429%,10.2652%,10.4756%,553455140
2024-05-14,300738,奥飞数据,-0.0283%,0.1718%,0.7440%,2.5769%,965234168
2024-05-15,000801,四川九洲,-0.1203%,0.0797%,0.8349%,3.4263%,843352034
2024-05-16,002312,川发龙蟒,-0.2000%,0.0000%,5.0318%,9.3243%,1244818385
2024-05-17,600580,卧龙电驱,-0.4719%,-0.2723%,-1.6423%,0.5528%,1310669842
2024-05-20,300133,华策影视,-0.2000%,0.0000%,-1.4963%,3.3740%,1171785138
2024-05-21,603533,掌阅科技,-1.9350%,-1.7367%,-0.7478%,-0.2285%,741153026
2024-05-22,600580,卧龙电驱,-0.6021%,-0.4025%,-2.6128%,1.4089%,1306886432
2024-05-23,000519,中兵红箭,-2.1838%,-1.9858%,-5.3012%,-1.7730%,1314556449
2024-05-27,002922,伊戈尔,-1.1833%,-0.9843%,5.0444%,9.7024%,711485012
2024-05-28,603650,彤程新材,-1.4716%,-1.2729%,-1.0591%,3.6122%,1278642423
2024-05-29,002146,荣盛发展,-2.3483%,-2.1505%,-5.0338%,-1.6129%,655964600
2024-05-30,300346,南大光电,-1.5845%,-1.3860%,-3.0455%,-0.0360%,981359017
2024-05-31,300045,华力创通,0.6901%,0.8910%,-0.9853%,2.1488%,665815166
2024-06-03,300002,神州泰岳,0.0329%,0.2331%,1.5466%,3.0303%,850121534
2024-06-04,300315,掌趣科技,-1.6418%,-1.4433%,-2.6717%,-0.4124%,611360534
2024-06-05,300604,长川科技,1.6774%,1.8792%,-1.2057%,3.3221%,915613198
2024-06-06,688347,华虹宏力,-0.2000%,0.0000%,1.3993%,4.9683%,893034579
2024-06-07,603005,晶方科技,-0.2000%,0.0000%,4.3709%,5.7459%,927755760
2024-06-11,002077,大港股份,-2.5314%,-2.3338%,-2.4608%,-1.2023%,699238800
2024-06-12,300115,长盈精密,0.4416%,0.6422%,-0.9332%,2.1101%,976877126
2024-06-13,300655,晶瑞电材,-2.1245%,-1.9265%,-3.8212%,-1.0900%,650443973
2024-06-14,300475,香农芯创,-1.6355%,-1.4370%,2.9055%,3.6365%,755553884
2024-06-17,300083,创世纪,-0.9281%,-0.7289%,-0.0543%,1.0204%,712918821
2024-06-18,000099,中信海直,-0.6607%,-0.4612%,2.1615%,5.0159%,1191216713
2024-06-19,001309,德明利,-1.6820%,-1.4835%,-2.5962%,1.1712%,708180805
2024-06-20,002338,奥普光电,-3.7474%,-3.5510%,-1.7115%,0.9881%,713679474
2024-06-21,300118,东方日升,-2.4901%,-2.2925%,-4.1486%,-1.3439%,825594639
2024-06-24,002827,高争民爆,-2.6465%,-2.4490%,-2.9636%,-0.1361%,600504378
2024-06-25,000829,天音控股,-1.5334%,-1.3348%,2.1336%,3.3370%,584306839
2024-06-26,000676,智度股份,-1.9470%,-1.7488%,-4.0117%,-0.7949%,493744212
2024-06-27,002351,漫步者,-2.4936%,-2.2959%,0.3537%,3.1668%,548714037
2024-06-28,300115,长盈精密,-0.5403%,-0.3407%,-2.1571%,-0.3407%,1004679093
2024-07-01,601020,华钰矿业,-0.9566%,-0.7574%,-2.0916%,1.5905%,872391447
2024-07-02,000049,德赛电池,-0.5695%,-0.3699%,4.4809%,9.5767%,757036404
2024-07-03,603171,税友股份,-10.3005%,-10.1107%,-8.7765%,-0.0598%,1149426653
2024-07-04,000957,中通客车,-1.7500%,-1.5516%,-0.2968%,1.5516%,531728868
2024-07-05,600501,航天晨光,-1.7521%,-1.5537%,-5.3502%,-0.2119%,574478892
2024-07-08,000737,北方铜业,-0.4098%,-0.2101%,2.0037%,2.8361%,1149057887
2024-07-09,605111,新洁能,-1.3493%,-1.1505%,-2.2031%,-0.6245%,778160022
2024-07-10,300458,全志科技,3.0381%,3.2413%,-1.0079%,3.2413%,943269707
2024-07-11,300735,光弘科技,-2.1141%,-1.9161%,-1.6583%,2.0985%,1184105052
2024-07-12,603171,税友股份,-3.6405%,-3.4440%,-9.1453%,-3.2561%,721394909
2024-07-15,300459,汤姆猫,-2.1923%,-1.9943%,-0.7692%,-0.5698%,608203514
2024-07-16,300136,信维通信,-1.9542%,-1.7560%,-5.0359%,-1.1390%,1572773965
2024-07-17,000034,神州数码,-0.2000%,0.0000%,-0.5359%,0.9916%,891584237
2024-07-18,300604,长川科技,-1.3732%,-1.1744%,-0.8009%,2.2057%,1230631695
2024-07-19,300827,上能电气,-0.2384%,-0.0385%,5.0987%,7.5420%,477052064
2024-07-22,300339,润和软件,-0.6835%,-0.4840%,-2.6175%,0.7260%,1120732147
2024-07-23,600006,东风股份,-1.7488%,-1.5504%,-7.2401%,-1.5504%,975258971
2024-07-24,300775,三角防务,-0.8297%,-0.6304%,0.0984%,2.3225%,855352833
2024-07-25,300776,帝尔激光,-0.3413%,-0.1415%,-1.2300%,-0.0202%,447484702
2024-07-26,300775,三角防务,-1.3413%,-1.1425%,-0.7072%,1.2377%,932517036
2024-07-29,000521,长虹美菱,-1.3031%,-1.1042%,-4.0608%,-0.2761%,586627947
2024-07-30,605111,新洁能,-1.8882%,-1.6899%,5.9160%,9.3425%,789237709
2024-07-31,300638,广和通,3.2513%,3.4547%,2.9987%,5.8140%,596268257
2024-08-01,600006,东风股份,-2.3648%,-2.1670%,-5.6757%,-1.7846%,1304423171
2024-08-02,688631,莱斯信息,-1.6566%,-1.4581%,-11.4668%,1.0713%,613381263
2024-08-05,002865,钧达股份,1.4198%,1.6213%,9.7796%,9.9895%,563841743
2024-08-06,300002,神州泰岳,-0.7989%,-0.5995%,1.9562%,3.8369%,767110734
2024-08-07,002519,银河电子,1.6264%,1.8282%,-5.3137%,2.0110%,410750030
2024-08-08,300613,富瀚微,1.5491%,1.7508%,-0.2249%,5.3774%,550677154
2024-08-09,600711,盛屯矿业,-1.2455%,-1.0466%,5.0277%,5.2329%,771234480
2024-08-12,002488,金固股份,-5.0238%,-4.8287%,5.4019%,5.6075%,566175478
2024-08-13,605111,新洁能,0.0227%,0.2228%,-3.5075%,0.7959%,851489837
2024-08-14,300184,力源信息,-1.8754%,-1.6771%,6.5019%,9.0147%,442081253
2024-08-15,000550,江铃汽车,-2.9580%,-2.7608%,-5.2982%,-0.6693%,1052951035
2024-08-16,002897,意华股份,-2.1179%,-1.9199%,-3.8715%,-0.7131%,594092900
2024-08-19,300339,润和软件,-1.7999%,-1.6015%,-3.7998%,-1.1511%,796704619
2024-08-20,600114,东睦股份,-1.5423%,-1.3437%,2.1315%,2.3338%,651238594
2024-08-21,001287,中电港,1.2986%,1.5000%,-6.1940%,3.0556%,799443568
2024-08-22,603663,三祥新材,-1.6696%,-1.4712%,-6.6372%,-0.6964%,452524346
2024-08-23,000034,神州数码,0.5461%,0.7468%,-1.3162%,0.9958%,901402796
2024-08-26,000829,天音控股,-0.2000%,0.0000%,-2.1255%,1.5873%,645462353
2024-08-27,002941,新疆交建,-4.2911%,-4.0952%,-5.3377%,-1.0476%,719529354
2024-08-28,300364,中文在线,-2.7224%,-2.5250%,-2.2531%,-1.2918%,1029110445
2024-08-29,300073,当升科技,-0.2674%,-0.0675%,1.0144%,3.3089%,826417790
2024-08-30,002130,沃尔核材,-1.4296%,-1.2309%,-8.3013%,-0.6517%,1438271203
2024-09-02,002387,维信诺,-5.1585%,-4.9635%,-3.5543%,-1.7518%,597712032
2024-09-03,300073,当升科技,-0.5929%,-0.3934%,5.7599%,7.1131%,768417224
2024-09-04,301487,盟固利,-0.2000%,0.0000%,-7.1882%,0.0000%,781013402
2024-09-05,300180,华峰超纤,-2.1211%,-1.9231%,-2.3612%,0.9615%,682421999
2024-09-09,300290,ST荣科,-1.3873%,-1.1885%,-0.9555%,1.1885%,475131560
2024-09-11,300073,当升科技,-1.5133%,-1.3147%,-0.8879%,0.1565%,1017547748
2024-09-12,000099,中信海直,-2.2847%,-2.0868%,-4.7730%,0.3366%,1097764738
2024-09-13,601096,宏盛华源,-1.9283%,-1.7301%,-1.9283%,3.7074%,536053263
2024-09-18,301297,富乐德,-6.4600%,-6.2663%,-4.8950%,-1.3767%,681848580
2024-09-19,600171,上海贝岭,-0.5001%,-0.3005%,2.4514%,5.0075%,1310528317
2024-09-20,002681,奋达科技,-0.7058%,-0.5063%,-2.7291%,0.0000%,541319504
2024-09-23,002130,沃尔核材,-0.2000%,0.0000%,4.8132%,5.4828%,1037175795
2024-09-24,300364,中文在线,1.8622%,2.0642%,8.7933%,18.3486%,892128573
2024-09-25,002312,川发龙蟒,-1.3033%,-1.1044%,1.7615%,2.3316%,1094118236
2024-09-26,600621,华鑫股份,2.4050%,2.6076%,7.6873%,7.9676%,794601351
2024-09-27,300757,罗博特科,-0.2000%,0.0000%,18.1363%,19.2489%,1133420574
2024-09-30,002785,万里石,5.4681%,5.6738%,-0.9439%,8.2624%,408840509
2024-10-08,002756,永兴材料,-3.3344%,-3.1376%,-10.5919%,-3.1376%,1375679695
2024-10-09,688048,长光华芯,2.5297%,2.7324%,-8.6222%,2.7324%,633857632
2024-10-10,002487,大金重工,-2.7757%,-2.5784%,-7.4302%,-2.2617%,764947515
2024-10-11,300773,拉卡拉,6.4023%,6.6088%,4.5190%,7.6759%,1352684973
2024-10-15,300459,汤姆猫,-3.0110%,-2.8139%,3.4760%,4.9784%,1499510945
2024-10-16,300459,汤姆猫,-1.8684%,-1.6701%,3.3456%,10.0209%,1286921869
2024-10-17,300229,拓尔思,-1.0919%,-0.8929%,3.7842%,7.2024%,1005320720
2024-10-18,300229,拓尔思,1.5727%,1.7745%,1.4012%,4.6938%,1111491500
2024-10-21,603920,世运电路,1.6914%,1.8933%,5.1303%,9.8107%,1512829216
2024-10-22,688347,华虹宏力,-1.8095%,-1.6112%,-4.4921%,-0.3008%,1459536927
2024-10-23,002487,大金重工,-1.8350%,-1.6367%,-1.7920%,0.5599%,1414342601
2024-10-24,002335,科华数据,-2.2062%,-2.0083%,7.5457%,10.1868%,595820431
2024-10-25,300475,香农芯创,-1.0273%,-0.8282%,-3.8678%,-0.6349%,1538994221
2024-10-28,300459,汤姆猫,0.7700%,0.9709%,-3.4976%,1.7476%,1229080047
2024-10-29,601519,大智慧,-1.7314%,-1.5330%,-1.2602%,1.1792%,1541532006
2024-10-30,300134,大富科技,-1.4837%,-1.2850%,-1.0752%,2.1612%,972417863
2024-10-31,300773,拉卡拉,-1.1798%,-0.9808%,-10.5146%,-0.9808%,1134878733
2024-11-01,300722,新余国科,2.6189%,2.8217%,-1.3557%,4.2043%,912127602
2024-11-04,600559,老白干酒,-1.3499%,-1.1511%,1.1416%,1.4868%,1094516231
2024-11-05,300459,汤姆猫,-0.2000%,0.0000%,3.0850%,6.3830%,1465721915
2024-11-06,000627,ST天茂,-2.2544%,-2.0566%,9.8157%,10.0257%,1564158489
2024-11-07,300641,正丹股份,0.1143%,0.3146%,-1.5355%,1.7300%,1084798388
2024-11-08,600198,大唐电信,-0.1198%,0.0802%,2.8443%,5.2927%,1527262146
2024-11-11,000839,国安股份,-1.6548%,-1.4563%,-6.2618%,-1.2136%,1463304687
2024-11-12,002756,永兴材料,-0.7017%,-0.5023%,6.4102%,8.0143%,1659131661
2024-11-13,300253,卫宁健康,-4.4707%,-4.2750%,-4.5861%,-0.9243%,1281920580
2024-11-14,601028,玉龙股份,-0.1220%,0.0780%,-2.1481%,1.9501%,715619863
2024-11-15,300101,振芯科技,1.2868%,1.4883%,-8.0587%,1.9986%,1259843407
2024-11-18,002051,中工国际,-4.4603%,-4.2646%,-6.9728%,-3.2805%,745351521
2024-11-19,601828,美凯龙,-4.1538%,-3.9578%,1.9088%,6.0686%,732371063
2024-11-20,002747,埃斯顿,-1.2440%,-1.0451%,-2.0683%,0.5501%,1362208540
2024-11-21,300045,华力创通,-1.1371%,-0.9381%,-6.7975%,-0.9381%,1227875418
2024-11-22,300224,正海磁材,-3.4736%,-3.2769%,-0.1238%,3.5056%,1067170795
2024-11-25,300438,鹏辉能源,-1.7930%,-1.5947%,-5.9929%,-1.4207%,1011474979
2024-11-26,603099,长白山,-2.3956%,-2.1979%,0.8863%,5.8995%,861053318
2024-11-27,603712,七一二,-1.6722%,-1.4737%,-1.9876%,1.1579%,1148377972
2024-11-28,000981,山子高科,-1.8932%,-1.6949%,-1.3288%,0.0000%,1270801922
2024-11-29,300130,新国都,-0.4834%,-0.2837%,-0.4024%,0.6891%,950785164
2024-12-02,603005,晶方科技,0.9582%,1.1593%,-0.4105%,2.6699%,1720640457
2024-12-03,300456,赛微电子,1.4315%,1.6330%,-4.9982%,5.3314%,1208829004
2024-12-04,300083,创世纪,-0.7064%,-0.5070%,1.6993%,3.6755%,1067956831
2024-12-05,300068,ST南都,-1.1278%,-0.9288%,-0.5608%,0.2580%,1619935389
2024-12-06,000917,电广传媒,-1.1102%,-0.9112%,-3.6134%,-0.9112%,1137356609
2024-12-09,600577,精达股份,2.3655%,2.5680%,-1.4072%,4.3807%,1425890115
2024-12-10,001287,中电港,-2.6102%,-2.4126%,-4.1477%,-1.2063%,1753744346
2024-12-11,000536,华映科技,-0.2000%,0.0000%,-2.3185%,0.3263%,1441479096
2024-12-12,600787,中储股份,-1.3561%,-1.1573%,-5.5951%,-1.0287%,1167492228
2024-12-13,300087,ST荃银,-1.1119%,-0.9129%,1.7898%,2.9876%,1000960238
2024-12-16,600859,王府井,-1.7036%,-1.5051%,-5.2521%,-1.2041%,1478522122
2024-12-17,603220,中贝通信,0.1794%,0.3797%,2.8771%,10.0844%,956796968
2024-12-18,002416,爱施德,-4.0278%,-3.8317%,-2.9020%,0.5259%,1434636128
2024-12-19,605111,新洁能,-0.2807%,-0.0808%,-2.2456%,0.7275%,1294979322
2024-12-20,600529,山东药玻,-1.0158%,-0.8166%,-5.3544%,-0.8166%,1026001935
2024-12-23,002335,科华数据,-0.2369%,-0.0370%,-1.1452%,5.5453%,1250967365
2024-12-24,688676,金盘科技,1.2155%,1.4168%,2.3735%,7.7024%,1448638106
2024-12-25,000801,四川九洲,-1.1832%,-0.9843%,0.4556%,1.8373%,1308942300
2024-12-26,600864,哈投股份,-0.9836%,-0.7844%,-0.3306%,2.8762%,1293724029
2024-12-27,601137,博威合金,1.1198%,1.3211%,7.4741%,9.7857%,1361587769
2024-12-30,002139,拓邦股份,-0.1294%,0.0706%,-5.0673%,0.0706%,1207794132
2024-12-31,300290,ST荣科,-1.9194%,-1.7212%,-5.4566%,1.1802%,1090796619
2025-01-02,600529,山东药玻,-1.0888%,-0.8897%,-5.4945%,0.7350%,1001031300
2025-01-03,002155,湖南黄金,-1.2039%,-1.0049%,-1.9487%,0.7456%,998812285
2025-01-06,301171,易点天下,-3.2535%,-3.0566%,3.0816%,3.2849%,830789083
2025-01-07,600577,精达股份,-3.3852%,-3.1884%,-2.3717%,-1.3043%,1243642110
2025-01-08,603308,应流股份,1.7260%,1.9279%,0.0486%,3.4204%,1045375284
2025-01-09,002436,兴森科技,-2.2597%,-2.0619%,-5.3494%,0.4686%,981038728
2025-01-10,300641,正丹股份,-2.8904%,-2.6931%,-1.6857%,-0.4422%,1138096065
2025-01-13,600967,内蒙一机,-2.2642%,-2.0664%,3.3552%,6.7730%,875364335
2025-01-14,300496,中科创达,-0.6336%,-0.4341%,-0.8975%,2.0193%,1145871946
2025-01-15,002396,星网锐捷,0.4225%,0.6231%,-0.0460%,2.5325%,782276707
2025-01-16,002607,中公教育,-1.1165%,-0.9174%,1.9386%,4.8930%,1264762056
2025-01-17,300613,富瀚微,0.4361%,0.6367%,-1.6096%,0.6539%,1081565048
2025-01-20,300738,奥飞数据,0.5701%,0.7708%,1.4172%,2.3125%,1103625600
2025-01-21,000099,中信海直,-2.1860%,-1.9880%,-3.1376%,-0.2485%,1036552679
2025-01-22,002127,南极电商,0.0086%,0.2088%,2.0942%,3.9666%,809085086
2025-01-23,300634,彩讯股份,2.4955%,2.6981%,19.2353%,19.5967%,867036898
2025-01-24,300459,汤姆猫,1.1321%,1.3333%,-5.1950%,2.3333%,1905480610
2025-01-27,300687,赛意信息,3.4652%,3.6688%,2.6232%,4.5117%,612249600
2025-02-05,002402,和而泰,-0.9812%,-0.7821%,3.8182%,4.4132%,1218548584
2025-02-06,601869,长飞光纤,-3.2634%,-3.0665%,0.4638%,2.7854%,1343333021
2025-02-07,002126,银轮股份,-1.0016%,-0.8024%,-1.7141%,-0.5350%,1571378684
2025-02-10,000810,创维数字,-1.0834%,-0.8844%,-2.7144%,-0.3401%,1540130777
2025-02-11,000737,北方铜业,-3.2021%,-3.0052%,-4.1338%,-2.0725%,1590444801
2025-02-12,002335,科华数据,-0.1716%,0.0284%,-4.8137%,0.2516%,1224143517
2025-02-13,688048,长光华芯,-4.2726%,-4.0767%,-4.9434%,-1.1191%,1021008773
2025-02-14,000801,四川九洲,-4.1000%,-3.9039%,-3.3200%,0.8408%,1612411517
2025-02-17,600552,凯盛科技,-2.7908%,-2.5934%,-6.1437%,-1.6781%,994843519
2025-02-18,688362,甬矽电子,-0.9804%,-0.7812%,4.8575%,6.8125%,1282179494
2025-02-19,688037,芯源微,-0.4309%,-0.2312%,-2.4252%,2.6058%,1608411168
2025-02-20,603882,金域医学,-1.5990%,-1.4004%,-0.8217%,1.2189%,1437950934
2025-02-21,002987,京北方,-0.0162%,0.1840%,7.2744%,10.2721%,1289912853
2025-02-24,688116,天奈科技,-0.4518%,-0.2521%,0.7866%,4.3285%,1265469091
2025-02-25,002698,博实股份,0.6367%,0.8374%,1.9162%,4.4828%,1249861104
2025-02-26,300182,捷成股份,-1.5565%,-1.3579%,-2.4608%,0.9053%,1485521906
2025-02-27,300580,贝斯特,-3.1237%,-2.9267%,-11.4578%,-2.7899%,1488872187
2025-02-28,605179,一鸣食品,-3.6902%,-3.4937%,-3.4693%,-1.4594%,895487446
2025-03-03,600186,莲花控股,-1.0649%,-0.8658%,-2.6506%,-0.8658%,1145270310
2025-03-04,301316,慧博云通,-0.6091%,-0.4095%,-0.4975%,1.1914%,1014500430
2025-03-05,603927,中科软,0.4421%,0.6427%,4.2515%,5.7841%,1311465366
2025-03-06,600633,浙数文化,-1.7609%,-1.5625%,0.2751%,6.5897%,1809389698
2025-03-07,300100,双林股份,1.6990%,1.9009%,-0.9776%,6.2245%,1360344998
2025-03-10,600361,创新新材,-1.6077%,-1.4091%,4.4924%,6.5759%,1366844595
2025-03-11,002617,露笑科技,0.3919%,0.5924%,2.7592%,6.6351%,1262396736
2025-03-12,600633,浙数文化,-1.0792%,-0.8802%,-3.6494%,-0.8802%,1725299091
2025-03-13,002366,融发核电,-1.1642%,-0.9653%,-0.0071%,2.3166%,961287080
2025-03-14,300674,宇信科技,-1.4637%,-1.2650%,-1.8354%,-0.5209%,1054262201
2025-03-17,300134,大富科技,1.1584%,1.3597%,-1.8053%,1.3597%,980891373
2025-03-18,600577,精达股份,-0.7189%,-0.5195%,-2.1461%,-0.2597%,1240075185
2025-03-19,002428,云南锗业,-0.6916%,-0.4922%,-3.4629%,-0.4027%,1185694862
2025-03-20,603915,国茂股份,-0.9200%,-0.7208%,-7.4968%,-0.7208%,1055683499
2025-03-21,600072,中船科技,1.5017%,1.7033%,1.0054%,2.1292%,1385711861
2025-03-24,600577,精达股份,-2.7804%,-2.5830%,-7.0811%,6.5191%,1270342836
2025-03-25,300641,正丹股份,0.0617%,0.2619%,-2.5920%,1.4217%,1346239278
2025-03-26,300687,赛意信息,-2.2128%,-2.0148%,-2.7072%,0.6716%,817862705
2025-03-27,600353,旭光电子,-0.2000%,0.0000%,-2.3407%,0.5952%,587324731
2025-03-28,300133,华策影视,-1.9465%,-1.7483%,2.7557%,3.2275%,892758611
2025-03-31,300638,广和通,-0.3886%,-0.1888%,-2.6520%,0.2832%,1309753550
2025-04-01,000969,安泰科技,0.4933%,0.6939%,0.9554%,2.6214%,772483296
2025-04-02,002364,中恒电气,-2.4213%,-2.2235%,-0.5919%,2.8121%,777528250
2025-04-03,300641,正丹股份,-5.3000%,-5.1052%,-0.2380%,5.8671%,1105009607
2025-04-07,600746,江苏索普,-2.0244%,-1.8263%,1.6245%,4.3374%,624529478
2025-04-08,300170,汉得信息,-1.8391%,-1.6407%,3.7995%,5.3816%,1476804543
2025-04-09,002131,利欧股份,1.7602%,1.9621%,3.0669%,6.8672%,1433595785
2025-04-10,002131,利欧股份,-1.7816%,-1.5833%,-0.2000%,1.8999%,1346826216
2025-04-11,601069,西部黄金,-1.9460%,-1.7478%,6.9590%,9.3801%,1477129846
2025-04-14,001287,中电港,-0.2963%,-0.0964%,-5.0649%,1.1090%,1394641481
2025-04-15,000422,湖北宜化,-2.3117%,-2.1138%,-4.0173%,-1.9512%,1172788200
2025-04-16,603099,长白山,-1.1335%,-0.9345%,1.8593%,2.7759%,731843780
2025-04-17,300687,赛意信息,-0.0218%,0.1783%,-4.1190%,0.2496%,786977001
2025-04-18,300641,正丹股份,-0.2720%,-0.0721%,-1.0286%,2.4524%,1277130197
2025-04-21,300718,长盛轴承,-0.7947%,-0.5953%,-3.7814%,0.4498%,1077253463
2025-04-22,300199,翰宇药业,0.0114%,0.2116%,0.7864%,2.3977%,865916646
2025-04-23,603662,柯力传感,-0.1845%,0.0155%,-1.8712%,0.8984%,1163987563
2025-04-24,605358,立昂微,-2.4987%,-2.3011%,-3.6676%,-1.3651%,1062437305
2025-04-25,300687,赛意信息,3.1945%,3.3979%,5.6386%,9.4461%,811223273
2025-04-28,300624,万兴科技,-0.5477%,-0.3481%,0.1652%,1.4273%,824750751
2025-04-29,603662,柯力传感,-0.1233%,0.0767%,3.0173%,4.0486%,935906963
2025-04-30,300718,长盛轴承,-0.0236%,0.1766%,1.9167%,2.5980%,1507326985
2025-05-06,002436,兴森科技,0.3438%,0.5443%,0.8876%,1.7885%,1710369045
2025-05-07,000712,锦龙股份,-2.7530%,-2.5556%,-1.9295%,0.4122%,977287400
2025-05-08,002400,省广集团,-1.0969%,-0.8979%,-4.3005%,-0.8979%,1157873146
2025-05-09,603883,老百姓,-0.4059%,-0.2062%,2.2718%,3.4021%,993595181
2025-05-12,603009,北特科技,-0.2000%,0.0000%,-5.0239%,0.6508%,1063685294
2025-05-13,000801,四川九洲,-2.1759%,-1.9779%,-3.2801%,-1.9779%,1677358463
2025-05-14,601606,长城军工,-0.8410%,-0.6417%,-5.6843%,-0.4991%,1011192857
2025-05-15,000981,山子高科,-2.1588%,-1.9608%,5.1868%,7.3529%,1139713620
2025-05-16,603667,五洲新春,0.6535%,0.8543%,4.2998%,6.7046%,1343391790
2025-05-19,000422,湖北宜化,2.0705%,2.2727%,0.1132%,10.3448%,1210766235
2025-05-20,300102,乾照光电,-2.0514%,-1.8533%,-4.3235%,-0.9266%,843201231
2025-05-21,000582,北部湾港,-0.8688%,-0.6695%,1.4721%,3.5706%,1190394271
2025-05-22,300718,长盛轴承,-1.5751%,-1.3765%,-3.3955%,-0.2622%,1455373482
2025-05-23,601069,西部黄金,-3.0179%,-2.8207%,-2.2351%,0.7835%,1014053825
2025-05-26,600577,精达股份,-0.6044%,-0.4049%,-3.5704%,-0.4049%,930570071
2025-05-27,301078,孩子王,-0.6840%,-0.4846%,-1.5139%,-0.1384%,1482289263
2025-05-28,603009,北特科技,-0.8316%,-0.6323%,-0.3222%,1.2849%,1211833435
2025-05-29,600577,精达股份,-1.4957%,-1.2970%,-5.3828%,-0.9079%,1450601032
2025-05-30,301078,孩子王,-2.6656%,-2.4681%,3.9780%,5.0048%,1242265562
2025-06-03,301078,孩子王,-1.9750%,-1.7768%,2.9556%,4.0800%,1347210067
2025-06-04,301078,孩子王,2.5404%,2.7430%,-6.5728%,2.8706%,1371725251
2025-06-05,002031,巨轮智能,-1.7048%,-1.5064%,-2.7466%,-1.0429%,1464231682
2025-06-06,300475,香农芯创,1.8054%,2.0073%,1.9620%,2.6346%,855058682
2025-06-09,300170,汉得信息,0.2296%,0.4300%,-1.6497%,1.6662%,1474238698
2025-06-10,603127,昭衍新药,-1.0629%,-0.8638%,-1.7736%,-0.1016%,1035753754
2025-06-11,603920,世运电路,-0.7693%,-0.5699%,-0.6554%,1.5957%,1449841553
2025-06-12,000970,中科三环,0.3466%,0.5471%,-4.1038%,1.0160%,1243100408
2025-06-13,300327,中颖电子,-2.0378%,-1.8397%,-1.1393%,0.3679%,712672029
2025-06-16,601069,西部黄金,-3.5234%,-3.3267%,-3.2539%,-0.2248%,1383961660
2025-06-17,000555,神州信息,0.4720%,0.6726%,-1.0213%,2.9148%,1217501426
2025-06-18,603920,世运电路,-0.2367%,-0.0368%,-1.1545%,1.6906%,1410378246
2025-06-19,688322,奥比中光-W,-0.2702%,-0.0704%,-3.4509%,0.4925%,1027903697
2025-06-20,603688,石英股份,-1.9284%,-1.7302%,0.9988%,3.0418%,1687551753
2025-06-23,002402,和而泰,-0.2000%,0.0000%,0.6819%,3.3838%,1367538829
2025-06-24,600589,大位科技,0.8671%,1.0681%,1.2672%,3.0708%,1039511394
2025-06-25,002436,兴森科技,-1.1387%,-0.9397%,-1.1387%,2.3493%,1678482540
2025-06-26,001696,宗申动力,-0.7908%,-0.5914%,-0.6545%,0.2730%,1440903798
2025-06-27,002416,爱施德,1.6963%,1.8982%,-0.8033%,3.0198%,1148074142
2025-06-30,300364,中文在线,-1.3309%,-1.1321%,-1.3686%,-0.0377%,1643324055
2025-07-01,601020,华钰矿业,1.4685%,1.6702%,-0.4691%,3.2326%,1122698593
2025-07-02,300677,英科医疗,0.4361%,0.6367%,0.6348%,1.6712%,896043978
2025-07-03,300762,上海瀚讯,-0.6397%,-0.4401%,-3.0580%,0.0000%,1126936613
2025-07-04,300010,ST豆神,1.7343%,1.9362%,-3.4996%,3.4169%,1348588508
2025-07-07,300570,太辰光,-1.3297%,-1.1309%,6.3043%,8.5859%,1619960954
2025-07-08,603881,数据港,-0.1629%,0.0371%,1.3412%,3.2430%,1277901965
2025-07-09,603220,中贝通信,-1.4481%,-1.2494%,-0.9578%,0.0446%,852477625
2025-07-10,600259,中稀有色,1.4178%,1.6194%,5.3803%,9.8071%,1566282643
2025-07-11,601020,华钰矿业,-0.5387%,-0.3391%,-3.5395%,-0.0969%,1565367619
2025-07-14,002276,万马股份,-0.6121%,-0.4125%,-0.8868%,0.7563%,1367021508
2025-07-15,002153,石基信息,-4.8699%,-4.6746%,-6.2434%,-2.5665%,1653853044
2025-07-16,002317,众生药业,0.0445%,0.2446%,6.8878%,8.6850%,1218820142
2025-07-17,603185,弘元绿能,-1.4828%,-1.2841%,-3.1932%,2.6217%,1260331749
2025-07-18,002176,江特电机,0.4530%,0.6536%,0.9753%,2.0915%,781135488
2025-07-21,688221,前沿生物-U,-2.4050%,-2.2072%,7.2251%,8.9189%,819195174
2025-07-22,300136,信维通信,-0.1159%,0.0842%,-0.4943%,2.3990%,1721780206
2025-07-23,002534,西子洁能,-9.9804%,-9.7902%,-8.5133%,-5.0350%,1189332440
2025-07-24,603127,昭衍新药,-1.6810%,-1.4825%,4.8074%,7.6597%,1259672748
2025-07-25,000683,博源化工,-3.5300%,-3.3333%,-1.4268%,0.5263%,1532999365
2025-07-28,300638,广和通,-1.3341%,-1.1352%,-0.6024%,0.2197%,1411477578
2025-07-29,600446,金证股份,-0.4384%,-0.2387%,-6.8758%,-0.0477%,1887413041
2025-07-30,603612,索通发展,-1.2613%,-1.0624%,-1.0402%,2.3018%,1042695290
2025-07-31,300010,ST豆神,1.0362%,1.2373%,2.8341%,3.5996%,1295263161
2025-08-01,300638,广和通,-1.4261%,-1.2274%,1.9551%,2.8266%,1400010163
2025-08-04,300677,英科医疗,-0.7427%,-0.5433%,-3.0431%,1.4230%,1457914242
2025-08-05,300913,兆龙互连,-1.7516%,-1.5532%,-2.5562%,-0.9204%,1370130300
2025-08-06,603662,柯力传感,-0.8069%,-0.6076%,-0.5179%,0.0000%,1278223176
2025-08-07,000970,中科三环,-0.9840%,-0.7849%,0.1565%,2.2119%,1510793687
2025-08-08,300773,拉卡拉,-1.2300%,-1.0311%,0.2614%,1.1546%,1207548412
2025-08-11,002335,科华数据,0.1219%,0.3222%,0.5797%,1.0329%,1540880425
2025-08-12,000547,航天发展,-1.4075%,-1.2088%,1.2272%,3.4066%,1417644016
2025-08-13,603881,数据港,-0.2000%,0.0000%,1.0757%,4.7009%,1560931305
2025-08-14,300674,宇信科技,-1.6260%,-1.4274%,1.5263%,2.1036%,1782629015
2025-08-15,300290,ST荣科,-1.1044%,-0.9054%,0.2307%,5.0442%,1411634279
2025-08-18,001287,中电港,-0.6493%,-0.4498%,2.1367%,2.8787%,1571839365
2025-08-19,688800,瑞可达,-5.9932%,-5.7990%,-8.0442%,-5.7990%,1410664995
2025-08-20,600559,老白干酒,-0.1440%,0.0561%,-2.3279%,0.1121%,1095861394
2025-08-21,300290,ST荣科,-2.0571%,-1.8590%,1.0516%,5.0111%,1481087018
2025-08-22,300170,汉得信息,1.2018%,1.4032%,3.4046%,7.6673%,1908498798
2025-08-25,002544,普天科技,-1.1568%,-0.9578%,-0.7358%,1.3026%,1295396764
2025-08-26,000099,中信海直,-1.3537%,-1.1549%,-3.5419%,0.4381%,1814318550
2025-08-27,688800,瑞可达,0.9589%,1.1600%,7.1369%,8.2011%,1045782867
2025-08-28,000970,中科三环,0.2431%,0.4435%,0.0532%,2.7875%,1676274132
2025-08-29,300285,国瓷材料,-0.2438%,-0.0439%,-0.4190%,2.0613%,1478644215
2025-09-01,300747,锐科激光,-0.3773%,-0.1775%,-7.6186%,-0.1775%,1334389287
2025-09-02,002747,埃斯顿,-0.0773%,0.1228%,-2.9397%,1.0233%,1727265393
2025-09-03,601579,会稽山,-3.5247%,-3.3281%,3.6333%,4.0329%,1115786792
2025-09-04,002407,多氟多,-1.0070%,-0.8079%,9.9251%,10.1351%,1261646629
2025-09-05,600478,科力远,2.2859%,2.4883%,0.7322%,3.5770%,964486890
2025-09-08,000875,电投绿能,-1.7793%,-1.5809%,-2.4812%,0.0000%,1326278167
2025-09-09,300065,海兰信,-1.4099%,-1.2112%,-1.9360%,-0.4213%,1148534258
2025-09-10,300133,华策影视,-0.4227%,-0.2230%,-0.7569%,0.2230%,1446153524
2025-09-11,688205,德科立,-3.0358%,-2.8387%,-4.2158%,-1.1613%,1505151762
2025-09-12,301389,隆扬电子,-2.8818%,-2.6845%,-2.8521%,0.5784%,1658630065
2025-09-15,601311,骆驼股份,-1.5598%,-1.3612%,-2.1943%,-0.9074%,1259254476
2025-09-16,002544,普天科技,-0.0145%,0.1857%,-0.3483%,2.0050%,1183962574
2025-09-17,603063,禾望电气,-0.1136%,0.0865%,-2.1870%,1.2972%,1524645243
2025-09-18,002544,普天科技,-0.9845%,-0.7854%,-2.0188%,1.5708%,1321906937
2025-09-19,300236,上海新阳,-0.2000%,0.0000%,3.2235%,3.4269%,1124255964
2025-09-22,002428,云南锗业,-1.1592%,-0.9602%,-5.1333%,0.4458%,1622443410
2025-09-23,300913,兆龙互连,-3.2456%,-3.0487%,-2.3207%,-2.1069%,1388287258
2025-09-24,300568,星源材质,-0.6302%,-0.4307%,-0.9888%,1.1486%,1242699670
2025-09-25,300236,上海新阳,-2.0934%,-1.8954%,-5.2391%,-0.7031%,1767236513
2025-09-26,300185,通裕重工,1.7138%,1.9157%,2.9897%,5.7471%,1198178955
2025-09-29,300378,鼎捷数智,3.3311%,3.5346%,4.9361%,6.4265%,1393322515
2025-09-30,300568,星源材质,1.7871%,1.9890%,1.4445%,3.8409%,1671281439
2025-10-09,002611,东方精工,-0.2000%,0.0000%,-0.4691%,1.8321%,1654819787
2025-10-10,000712,锦龙股份,-5.1813%,-4.9863%,0.2777%,2.3224%,1108763001
2025-10-13,300353,东土科技,0.6141%,0.8148%,-7.0450%,1.1111%,1307106191
2025-10-14,300768,迪普科技,-2.7830%,-2.5857%,2.5710%,6.5347%,737114255
2025-10-15,002611,东方精工,-1.1092%,-0.9102%,-4.5858%,-0.9102%,1818373976
2025-10-16,002497,雅化集团,-1.5062%,-1.3075%,-1.8794%,3.1131%,1230752263
2025-10-17,600179,安通控股,0.9671%,1.1682%,9.8367%,10.0467%,981606547
2025-10-20,300007,汉威科技,1.0338%,1.2350%,1.6599%,2.1751%,1233439760
2025-10-21,688766,普冉股份,-3.1969%,-2.9999%,-3.4176%,-0.9348%,1594680771
2025-10-22,002240,盛新锂能,1.6528%,1.8546%,9.8151%,10.0251%,1283253395
2025-10-23,000980,众泰汽车,0.0595%,0.2597%,1.6164%,5.7143%,1457589926
2025-10-24,001287,中电港,1.4698%,1.6714%,9.8602%,10.0702%,1422890342
2025-10-27,300468,四方精创,-0.1734%,0.0266%,0.8894%,3.5106%,1573695893
2025-10-28,603200,上海洗霸,-0.1885%,0.0115%,6.4333%,9.5807%,1278111960
2025-10-29,300199,翰宇药业,-4.6370%,-4.4415%,-10.4185%,-4.4415%,1490263500
2025-10-30,601975,招商南油,-1.3953%,-1.1965%,-3.1883%,0.2991%,1426385938
2025-10-31,600531,豫光金铅,-1.1146%,-0.9155%,-2.0292%,-0.3329%,1318961201
2025-11-03,002366,融发核电,-0.2000%,0.0000%,2.2307%,3.4063%,1293797674
2025-11-04,301357,北方长龙,-3.2900%,-3.0931%,-2.1177%,1.6773%,1383722909
2025-11-05,002364,中恒电气,-1.2879%,-1.0891%,5.9782%,7.2734%,1153305637
2025-11-06,600744,华银电力,-2.0767%,-1.8786%,-1.7880%,0.7225%,1391722539
2025-11-07,002617,露笑科技,0.0206%,0.2208%,-0.7513%,0.8830%,1476721039
2025-11-10,600744,华银电力,0.0815%,0.2817%,-2.7326%,0.8451%,1182105727
2025-11-11,002617,露笑科技,-0.2000%,0.0000%,-2.5505%,0.1070%,1717137746
2025-11-12,301511,德福科技,-2.3611%,-2.1633%,2.1438%,5.0579%,1254951460
2025-11-13,300409,道氏技术,-1.1800%,-0.9810%,-0.7716%,2.4935%,1609534677
2025-11-14,600063,皖维高新,0.0905%,0.2907%,-0.0547%,2.9070%,1139687373
2025-11-17,002400,省广集团,-0.7887%,-0.5893%,2.2728%,3.5361%,1375430616
2025-11-18,300459,汤姆猫,-1.6042%,-1.4056%,-3.2090%,-1.2048%,1415766165
2025-11-19,600877,电科芯片,1.7751%,1.9770%,-1.9839%,2.4872%,1773871451
2025-11-20,603169,兰石重装,-2.2094%,-2.0115%,1.4268%,3.0651%,1316714000
2025-11-21,300236,上海新阳,-1.2020%,-1.0031%,1.5105%,4.4620%,1181461679
2025-11-24,300655,晶瑞电材,-0.3934%,-0.1936%,-0.5868%,2.2231%,1594689309
2025-11-25,002373,千方科技,-0.2000%,0.0000%,-0.5442%,2.7567%,1098112400
2025-11-26,300493,润欣科技,-0.0009%,0.1992%,2.5861%,3.9343%,764856264
2025-11-27,300455,航天智装,0.8903%,1.0914%,3.3535%,5.0930%,1579037125
2025-11-28,300229,拓尔思,-2.2967%,-2.0989%,-2.4831%,-1.3993%,1442619863
2025-12-01,300762,上海瀚讯,-1.8141%,-1.6158%,-0.6663%,2.2980%,1707258240
2025-12-02,688270,ST臻镭,-3.0448%,-2.8477%,-2.1258%,3.7124%,1125569327
2025-12-03,603667,五洲新春,5.8244%,6.0304%,-0.8934%,8.1128%,1158587114
2025-12-04,301550,斯菱智驱,-0.4568%,-0.2571%,7.6735%,10.4174%,1124494052
2025-12-05,688205,德科立,1.0334%,1.2346%,12.9721%,14.3868%,1761747814
2025-12-08,600755,厦门国贸,-2.6365%,-2.4390%,-0.4866%,2.2956%,1263169492
2025-12-09,688800,瑞可达,-2.2756%,-2.0777%,-1.1270%,-0.1234%,1500952535
2025-12-10,300655,晶瑞电材,-0.1388%,0.0612%,-3.9210%,0.1162%,1799520324
2025-12-11,603127,昭衍新药,-0.1357%,0.0643%,9.8190%,10.0289%,1027919672
2025-12-12,600353,旭光电子,0.2076%,0.4079%,-1.8300%,2.4476%,1205227825
2025-12-15,002251,步步高,-1.1165%,-0.9174%,1.2665%,7.8899%,1167035400
2025-12-16,301050,雷电微力,-1.4671%,-1.2684%,-2.6537%,-0.4429%,956888792
2025-12-17,002378,章源钨业,-2.1062%,-1.9081%,-2.3180%,2.1201%,1509680719
2025-12-18,300723,一品红,-0.8042%,-0.6048%,2.3321%,4.7811%,893871696
2025-12-19,002326,永太科技,2.0104%,2.2126%,1.5337%,5.1627%,1551972413
2025-12-22,600776,东方通信,-1.1714%,-0.9724%,-1.8838%,3.5008%,1184731636
2025-12-23,600667,太极实业,0.0481%,0.2483%,2.5285%,5.3383%,1168681905
2025-12-24,688668,鼎通科技,-2.2018%,-2.0039%,-3.0102%,-0.3314%,1560510026
2025-12-25,300827,上能电气,0.9410%,1.1421%,-0.8367%,2.6825%,1539984211
2025-12-26,603026,石大胜华,-1.9815%,-1.7833%,-6.3930%,-1.1768%,1618224469
2025-12-29,605598,上海港湾,-3.2577%,-3.0608%,-4.0505%,3.1175%,1396931718
2025-12-30,002747,埃斯顿,0.1378%,0.3381%,-0.0311%,1.2257%,946839508
2025-12-31,688160,步科股份,-4.1054%,-3.9093%,-3.8100%,-1.6623%,1282388767
2026-01-05,002549,凯美特气,-0.6097%,-0.4102%,1.2116%,1.7776%,1484541067
2026-01-06,300655,晶瑞电材,4.5529%,4.7576%,9.6422%,14.4954%,1812313237
2026-01-07,002366,融发核电,-0.0755%,0.1245%,9.7527%,9.9626%,1386179492
2026-01-08,301316,慧博云通,-0.6288%,-0.4293%,5.2729%,5.5805%,1338793840
2026-01-09,603300,海南华铁,0.4205%,0.6211%,1.2892%,2.1118%,1509670847
2026-01-12,600338,西藏珠峰,-0.1435%,0.0565%,6.5729%,10.0000%,1591725239
2026-01-13,600828,茂业商业,-5.4186%,-5.2239%,-4.3003%,7.7114%,1267902014
2026-01-14,300142,沃森生物,-0.9900%,-0.7908%,-2.0960%,0.7908%,1624004316
2026-01-15,603200,上海洗霸,-0.0596%,0.1405%,0.9583%,3.9817%,1350900285
2026-01-16,002643,万润股份,-2.3579%,-2.1601%,-3.2985%,-0.0554%,1554937742
2026-01-19,300850,新强联,-0.1788%,0.0211%,-0.7914%,2.2624%,1103604971
2026-01-20,600326,西藏天路,-1.4699%,-1.2712%,-2.4858%,-0.6780%,1560412621
2026-01-21,002536,飞龙股份,-0.0644%,0.1357%,-0.5728%,2.9861%,1533234177
2026-01-22,603712,七一二,-0.6500%,-0.4505%,-0.5600%,1.7568%,1528795932
2026-01-23,000758,中色股份,2.1623%,2.3647%,8.0059%,10.0809%,1457108097
2026-01-26,300101,振芯科技,-1.9833%,-1.7851%,0.0270%,1.7527%,1629285342
2026-01-27,603185,弘元绿能,-0.5403%,-0.3407%,-1.3572%,1.3969%,1474538423
2026-01-28,002364,中恒电气,-0.2000%,0.0000%,0.7898%,3.3746%,1503791536
2026-01-29,300377,赢时胜,-1.8300%,-1.6317%,-2.7149%,-0.1399%,1439040227
2026-01-30,300776,帝尔激光,-0.1087%,0.0914%,-3.8737%,2.0214%,1348215464
2026-02-02,002985,北摩高科,0.4963%,0.6969%,1.4326%,3.5088%,1370933325
2026-02-03,002498,汉缆股份,-1.2246%,-1.0256%,0.1416%,3.9316%,1836027641
2026-02-04,002617,露笑科技,-1.8467%,-1.6484%,-3.8227%,-1.6484%,1348709560
2026-02-05,600621,华鑫股份,-1.4036%,-1.2049%,-3.2951%,-0.4016%,1318639570
2026-02-06,603612,索通发展,0.6534%,0.8542%,-3.8344%,1.7400%,1440431751
2026-02-09,002703,浙江世宝,-0.7064%,-0.5069%,-2.8241%,0.0000%,1196709539
2026-02-10,000917,电广传媒,-1.3422%,-1.1434%,-3.1873%,-0.6157%,1187415915
2026-02-11,300469,信息发展,0.3908%,0.5913%,-3.7301%,0.5913%,916960928
2026-02-12,603220,中贝通信,-0.9582%,-0.7590%,-1.5269%,2.5806%,1165310920
2026-02-13,301018,申菱环境,0.6598%,0.8606%,3.6765%,8.0615%,1683175027
2026-02-24,301018,申菱环境,0.8332%,1.0341%,0.6262%,4.8520%,1410179137
2026-02-25,002565,顺灏股份,0.7384%,0.9393%,2.8027%,7.7019%,1524334526
2026-02-26,300814,中富电路,-2.2306%,-2.0326%,4.7451%,7.0353%,1726305974
2026-02-27,300814,中富电路,3.1384%,3.3417%,9.9053%,16.3573%,1475638406
2026-03-02,603698,航天工程,-1.4936%,-1.2949%,-5.6223%,-1.1572%,1314040154
2026-03-03,603169,兰石重装,-0.8096%,-0.6103%,-3.5967%,-0.6103%,1290607884
2026-03-04,000612,焦作万方,2.2507%,2.4532%,0.5489%,3.3390%,1233864606
2026-03-05,301293,三博脑科,-0.4159%,-0.2162%,4.1189%,9.0246%,1365563087
2026-03-06,000422,湖北宜化,4.9702%,5.1753%,0.1336%,7.6795%,1696180624
2026-03-09,002366,融发核电,-0.2000%,0.0000%,-0.6779%,0.8373%,1236637028
2026-03-10,002759,ST天际,-0.9087%,-0.7094%,4.1657%,5.8173%,1525991677
2026-03-11,001389,广合科技,-0.2809%,-0.0810%,-3.5986%,2.7460%,1460944723
2026-03-12,000973,佛塑科技,0.8220%,1.0230%,2.7457%,7.0406%,1543623418
2026-03-13,300999,金龙鱼,1.1694%,1.3707%,-0.6139%,1.4026%,1340258221
2026-03-16,300342,天银机电,-0.7953%,-0.5959%,-1.3907%,2.8844%,1363762761
2026-03-17,600328,中盐化工,-2.1313%,-1.9333%,0.8623%,1.7400%,1113488243
2026-03-18,002413,雷科防务,-1.7631%,-1.5647%,-4.1789%,-1.1380%,1783502744
2026-03-19,688063,派能科技,-1.3439%,-1.1451%,8.2757%,15.0034%,1607738945
2026-03-20,603063,禾望电气,-2.0296%,-1.8315%,-3.0969%,2.4115%,1314648167
2026-03-23,000973,佛塑科技,0.8973%,1.0984%,0.5316%,2.8680%,1519175238
2026-03-24,603026,石大胜华,-0.2127%,-0.0128%,-1.2709%,0.8423%,1627071244
2026-03-25,603063,禾望电气,0.2745%,0.4749%,-2.3349%,0.4749%,1488619683
2026-03-26,002183,怡亚通,-1.9650%,-1.7668%,-1.2590%,0.7067%,1291705394
2026-03-27,002326,永太科技,-0.5873%,-0.3878%,1.5217%,2.3266%,1475138359
2026-03-30,301511,德福科技,-0.8719%,-0.6726%,-3.4105%,-0.2740%,1297762128
2026-03-31,300775,三角防务,0.3657%,0.5662%,-0.9002%,1.7255%,1860400975
2026-04-01,301128,强瑞技术,-0.5145%,-0.3148%,-2.0531%,3.0620%,1137635076
2026-04-02,002176,江特电机,-0.3908%,-0.1910%,-4.3028%,1.1461%,1719445928
2026-04-03,002957,科瑞技术,-0.2328%,-0.0329%,9.8657%,10.0757%,827786739
2026-04-07,301526,国际复材,6.0930%,6.2992%,7.2292%,7.5241%,1511144570
2026-04-08,301511,德福科技,-1.0266%,-0.8275%,9.0388%,11.1463%,1474634392
2026-04-09,300827,上能电气,0.1462%,0.3465%,0.1462%,4.2110%,1545732206
2026-04-10,000973,佛塑科技,-1.1930%,-0.9940%,6.6410%,7.6762%,1382365525
2026-04-13,300821,东岳硅材,-2.5497%,-2.3521%,-1.1256%,-0.8553%,1493429545
2026-04-14,002176,江特电机,1.9256%,2.1277%,-3.5654%,3.9007%,1727942099
2026-04-15,000555,神州信息,2.8614%,3.0644%,1.6743%,4.8780%,1589198948
2026-04-16,300364,中文在线,-1.5713%,-1.3728%,0.3978%,1.3728%,1854287601
2026-04-17,301219,腾远钴业,0.0325%,0.2327%,-1.4903%,0.9640%,1511507561
2026-04-20,600531,豫光金铅,-0.0674%,0.1327%,0.3302%,0.6633%,1636812671
2026-04-21,688063,派能科技,-0.5064%,-0.3067%,0.8852%,3.8084%,962424525
2026-04-22,300199,翰宇药业,-1.0409%,-0.8418%,-2.5016%,1.8609%,1452849188
2026-04-23,000990,诚志股份,-0.6850%,-0.4855%,-2.6927%,1.2081%,1343435305
2026-04-24,002759,ST天际,-1.4259%,-1.2272%,2.7603%,4.1604%,1585442908
2026-04-27,000973,佛塑科技,-0.6562%,-0.4567%,-2.0755%,0.4059%,1701732633
2026-04-28,300008,天海防务,-1.3312%,-1.1324%,0.3028%,1.2582%,1128435190
2026-04-29,002181,粤传媒,1.2055%,1.4068%,9.8389%,10.0489%,1669231815
2026-04-30,002865,钧达股份,0.2336%,0.4340%,1.3112%,2.4923%,1644827647
2026-05-06,000681,视觉中国,-1.0418%,-0.8427%,2.3257%,3.9918%,1490562212
2026-05-07,002151,北斗星通,-0.9030%,-0.7037%,-0.2000%,0.4313%,1848549297
2026-05-08,002611,东方精工,-0.2000%,0.0000%,2.2121%,4.2387%,1572250654
2026-05-11,000539,粤电力Ａ,-1.1514%,-0.9524%,-0.0640%,2.8571%,1426926803
2026-05-12,688028,沃尔德,-2.2276%,-2.0296%,5.3969%,7.0848%,1057017624
2026-05-13,000539,粤电力Ａ,-1.5093%,-1.3106%,-5.6990%,7.8637%,1723399008
2026-05-14,600475,华光环能,-3.1512%,-2.9542%,-4.8304%,-0.5603%,1184867816
2026-05-15,002896,中大力德,-1.8881%,-1.6899%,0.0235%,1.2550%,1437428930
2026-05-18,688531,日联科技,-0.9961%,-0.7969%,4.3330%,4.8103%,1549587430
2026-05-19,603031,安孚科技,-4.5480%,-4.3524%,-0.4454%,0.0176%,1731529710
2026-05-20,002317,众生药业,-1.1447%,-0.9457%,-2.4181%,2.8783%,1765820852
2026-05-21,002896,中大力德,-0.1123%,0.0877%,0.3383%,1.4033%,1488885844
2026-05-22,301316,慧博云通,2.9398%,3.1429%,8.4556%,10.8940%,1339868690
2026-05-25,300201,海伦哲,1.6510%,1.8528%,3.8722%,6.3526%,1743979811
2026-05-26,300201,海伦哲,-1.1146%,-0.9156%,0.6131%,3.3571%,1580042625
2026-05-27,000690,宝新能源,0.1475%,0.3478%,1.0162%,5.0435%,1137001500
2026-05-28,002396,星网锐捷,-0.4020%,-0.2023%,-8.4037%,0.6472%,1141061012
2026-05-29,002317,众生药业,-0.1151%,0.0850%,-1.8550%,1.8267%,1211253440
2026-06-01,688258,卓易信息,2.4274%,2.6299%,3.6197%,4.6839%,1634833883
2026-06-02,688258,卓易信息,-1.6956%,-1.4971%,-3.6519%,-1.0560%,1481039904
2026-06-03,002611,东方精工,-1.3779%,-1.1791%,-2.4997%,0.6176%,1415000069
2026-06-04,600783,鲁信创投,-0.7394%,-0.5400%,-2.4822%,2.5753%,1035812489
2026-06-05,002611,东方精工,-2.3371%,-2.1393%,-2.0083%,1.5359%,1531041468
2026-06-08,301128,强瑞技术,-0.5783%,-0.3787%,8.1033%,8.9318%,1827026479
2026-06-09,600410,华胜天成,0.6376%,0.8384%,2.1451%,6.7069%,1231568614
2026-06-10,688106,金宏气体,-0.4695%,-0.2698%,11.4242%,17.3356%,1468051761
2026-06-11,688596,正帆科技,1.6540%,1.8558%,-2.7280%,9.7849%,1392634099
2026-06-12,600397,江钨装备,4.7543%,4.9592%,2.8541%,5.9103%,1384118406
2026-06-15,600531,豫光金铅,-2.3452%,-2.1474%,-0.6438%,0.5924%,1581101424
2026-06-16,300602,飞荣达,-1.7480%,-1.5496%,1.3481%,4.2975%,1594021336
2026-06-17,300323,华灿光电,-2.1623%,-1.9643%,-4.1841%,-0.8333%,1886703105
2026-06-18,301338,凯格精机,-0.7911%,-0.5917%,-4.7812%,0.8757%,1629749438
2026-06-22,300655,晶瑞电材,1.7899%,1.9918%,0.3268%,4.2765%,1864410842
2026-06-23,603031,安孚科技,-1.8260%,-1.6277%,-0.1065%,2.8812%,1313557635
2026-06-24,002654,万润科技,1.9231%,2.1252%,9.7784%,9.9883%,1553481515
2026-06-25,300938,信测标准,-1.6489%,-1.4504%,4.1271%,7.1131%,1333791163
2026-06-26,300938,信测标准,0.4849%,0.6856%,-3.5103%,0.8189%,1435662152
2026-06-29,600301,华锡有色,-1.2960%,-1.0971%,-1.2637%,-0.0323%,1409597025
2026-06-30,002506,协鑫集成,-0.8283%,-0.6289%,0.1142%,2.8302%,1509785625
2026-07-01,002643,万润股份,-3.9542%,-3.7580%,-3.9542%,0.3666%,1231490349
2026-07-02,300938,信测标准,0.4624%,0.6630%,-4.2475%,2.1731%,1382322685
2026-07-03,600783,鲁信创投,-1.2761%,-1.0772%,-10.1989%,0.4039%,1369754159
2026-07-06,603203,快克智能,-1.5211%,-1.3224%,4.4158%,7.5592%,1599724257
2026-07-07,001339,智微智能,2.4526%,2.6552%,-4.9923%,3.3462%,1246962410
2026-07-08,002768,国恩股份,-2.7137%,-2.5162%,-0.9657%,0.8499%,1331869002
2026-07-09,601133,柏诚股份,-0.2000%,0.0000%,1.2613%,8.6076%,1488323059
2026-07-10,300170,汉得信息,-1.2142%,-1.0152%,-3.1158%,1.3959%,1361470622
2026-07-13,688550,瑞联新材,-0.6239%,-0.4244%,-3.1490%,3.2841%,763119718
2026-07-14,000510,新金路,1.7688%,1.9707%,2.7813%,9.1216%,933967089
2026-07-15,603800,洪田股份,-2.1548%,-1.9568%,-6.0772%,3.2698%,1074956543
2026-07-16,301486,致尚科技,-2.0271%,-1.8289%,-13.7622%,-0.8158%,1273294055
2026-07-17,002452,长高电气,-0.2000%,0.0000%,-4.1545%,0.0000%,369005976
2026-07-20,300613,富瀚微,2.0159%,2.2180%,7.4052%,7.9699%,1018030445
2026-07-21,600110,诺德股份,-0.7347%,-0.5353%,-5.4410%,1.2848%,1460416050
2026-07-22,601975,招商南油,0.0791%,0.2793%,1.4744%,1.9553%,951713826
2026-07-23,002716,湖南白银,-7.9043%,-7.7121%,-7.5191%,-4.2416%,1357759716
2026-07-24,002326,永太科技,3.3024%,3.5058%,7.9722%,9.5159%,1407884344
2026-07-27,300483,首华燃气,-1.9883%,-1.7902%,-1.7896%,0.0000%,538599588
2026-07-28,000681,视觉中国,-0.4981%,-0.2984%,0.4559%,1.1339%,703125014
2026-07-29,300083,创世纪,-0.0168%,0.1833%,-9.0820%,0.7333%,1057369390
2026-07-30,300170,汉得信息,-2.1887%,-1.9907%,10.2740%,14.4658%,1194204386
2026-07-31,603005,晶方科技,-1.9544%,-1.7562%,-2.9520%,0.2410%,1643894323
2026-08-03,603678,火炬电子,-0.0089%,0.1912%,6.4855%,8.3652%,1660072531
2026-08-04,000592,平潭发展,-0.3553%,-0.1555%,2.5966%,4.1991%,1179514476
2026-08-05,300843,胜蓝股份,-2.9690%,-2.7719%,-0.8901%,1.5864%,1113872640
2026-08-06,688233,神工股份,0.7298%,0.9307%,5.7704%,6.6606%,1589820290
2026-08-07,688503,聚和材料,-0.7133%,-0.5139%,-2.1087%,0.1318%,1670532705
2026-08-10,300199,翰宇药业,-1.2686%,-1.0697%,2.3728%,6.7750%,1612702611
2026-08-11,688222,成都先导,-0.8114%,-0.6120%,0.6507%,4.3108%,1358637559
2026-08-12,300260,新莱应材,0.8455%,1.0465%,-2.0088%,3.2890%,1467635723
2026-08-13,688166,博瑞医药,-2.1803%,-1.9823%,-3.8505%,-0.0717%,1314147221
2026-08-14,688158,优刻得-W,-0.8450%,-0.6457%,1.8194%,2.1898%,1359146330
