序号,代码,名称,第二板日期,买入日(次日开盘),净收益率,成交额(亿),换手率(%),同行业涨停家数,跳空(%)
1,600641,先导基电,20210824,20210825,6.0983%,10.92,4.81,2,1.64
2,000629,钒钛股份,20210824,20210825,-4.0057%,10.96,3.06,2,5.00
3,600478,科力远,20210825,20210826,-1.6487%,14.39,10.80,1,0.98
4,603612,索通发展,20210831,20210901,-8.9547%,10.90,8.89,1,3.04
5,600500,中化国际,20210831,20210901,-8.7226%,18.61,4.81,2,2.06
6,601126,四方股份,20210901,20210902,6.9276%,14.41,13.67,2,-0.68
7,000935,四川双马,20210901,20210902,11.6988%,10.33,5.69,2,5.49
8,601800,中国交建,20210902,20210903,-5.7703%,27.59,3.20,2,3.54
9,600740,山西焦化,20210908,20210909,0.5431%,11.56,4.80,1,8.58
10,600691,潞化科技,20210909,20210910,4.3717%,15.19,11.34,2,1.37
11,603612,索通发展,20210909,20210910,1.7331%,14.23,9.97,1,0.03
12,002895,川恒股份,20210909,20210910,9.1586%,9.23,4.34,2,-2.28
13,000676,智度股份,20210910,20210913,10.6642%,9.60,9.12,1,-7.62
14,002155,湖南黄金,20210910,20210913,1.8506%,11.97,6.72,2,1.23
15,600259,中稀有色,20210910,20210913,3.0380%,14.03,7.15,1,5.02
16,002176,江特电机,20210913,20210914,3.1312%,69.62,13.93,2,0.80
17,002539,云图控股,20210914,20210915,9.3280%,8.41,5.14,1,3.39
18,002647,仁东控股,20210914,20210915,2.1459%,10.94,13.48,1,-1.78
19,000829,天音控股,20210923,20210924,-7.4275%,16.22,8.44,1,2.93
20,600170,上海建工,20210923,20210924,2.5521%,10.11,3.51,1,11.01
21,002108,沧州明珠,20211025,20211026,2.1054%,12.78,9.27,2,4.36
22,300672,国科微,20211025,20211026,2.8435%,12.85,3.84,1,5.46
23,002487,大金重工,20211117,20211118,0.4743%,20.59,7.32,2,2.15
24,002056,横店东磁,20211117,20211118,-3.6954%,28.53,11.72,2,1.85
25,600691,潞化科技,20211119,20211122,-1.8377%,9.97,9.23,1,2.74
26,603916,苏博特,20211119,20211122,4.3454%,8.21,9.64,1,-2.29
27,600556,天下秀,20211119,20211122,-5.3519%,16.28,6.03,2,-2.10
28,300224,正海磁材,20211124,20211125,1.4246%,21.97,13.48,2,4.48
29,002600,领益智造,20211202,20211203,-3.7701%,43.43,7.63,2,-1.76
30,000860,顺鑫农业,20211203,20211206,1.5396%,30.02,10.81,1,1.46
31,601212,白银有色,20211209,20211210,-5.2126%,9.35,3.78,1,0.59
32,000962,东方钽业,20211209,20211210,8.5570%,8.09,12.51,1,-3.48
33,002232,启明信息,20211210,20211213,5.7297%,8.93,9.21,1,9.51
34,002945,华林证券,20211217,20211220,-2.5183%,19.77,4.75,1,-4.20
35,000795,英洛华,20211221,20211222,-16.6231%,14.81,13.33,1,8.05
36,000970,中科三环,20211231,20220104,-1.2785%,22.72,13.12,2,2.02
37,002489,浙江永强,20220218,20220221,9.5525%,8.60,12.20,1,1.52
38,002075,沙钢股份,20220221,20220222,-3.4700%,9.46,6.31,1,-3.31
39,603399,永杉锂业,20220228,20220301,1.8257%,11.64,11.35,2,3.19
40,600056,中国医药,20220330,20220331,-21.5515%,36.54,9.24,2,6.98
41,002183,怡亚通,20220513,20220516,-2.6002%,10.34,5.30,1,4.49
42,601975,招商南油,20220516,20220517,3.8323%,14.40,10.82,1,0.34
43,002761,浙江建投,20220527,20220530,5.8467%,37.99,9.75,1,4.02
44,600127,金健米业,20220531,20220601,-6.5642%,8.82,14.00,1,0.00
45,600536,中国软件,20220607,20220608,6.3037%,10.53,4.58,2,4.68
46,603396,金辰股份,20220607,20220608,0.0816%,11.47,12.09,1,1.81
47,000025,特力Ａ,20220608,20220609,-20.4441%,12.50,13.05,1,7.20
48,600777,新潮能源,20220608,20220609,-0.9213%,20.23,12.24,1,2.59
49,601788,光大证券,20220609,20220610,8.5496%,22.77,4.55,2,1.81
50,600259,中稀有色,20220613,20220614,2.5665%,9.73,6.02,2,2.68
51,600335,国机汽车,20220622,20220623,-1.7164%,14.43,8.65,1,1.37
52,600399,抚顺特钢,20220624,20220627,-3.4008%,10.87,3.06,1,0.21
53,601127,赛力斯,20220624,20220627,-4.6907%,28.72,2.31,1,1.74
54,600621,华鑫股份,20220624,20220627,-12.4657%,15.16,11.13,1,3.79
55,002182,宝武镁业,20220628,20220629,-13.4292%,12.82,7.74,2,1.79
56,600348,华阳股份,20220628,20220629,-8.6061%,12.56,4.56,1,0.09
57,600929,雪天盐业,20220630,20220701,0.1434%,10.62,7.55,1,0.00
58,000629,钒钛股份,20220704,20220705,11.6356%,10.76,2.59,1,8.26
59,600166,福田汽车,20220708,20220711,-4.5033%,20.13,8.03,2,0.00
60,000728,国元证券,20220812,20220815,-5.5031%,21.28,7.02,1,-2.11
61,600230,沧州大化,20220815,20220816,-0.4730%,8.47,11.66,2,1.78
62,000059,华锦股份,20220815,20220816,6.7871%,8.81,8.15,1,-1.55
63,000755,山西高速,20220909,20220913,3.5669%,9.76,10.89,1,0.00
64,600996,贵广网络,20220913,20220914,6.2529%,16.26,10.43,1,-0.71
65,002716,湖南白银,20221109,20221110,1.7265%,8.41,10.13,1,-1.89
66,600556,天下秀,20221111,20221114,2.3396%,8.65,5.99,2,2.48
67,600095,湘财股份,20221114,20221115,17.3641%,10.62,4.87,1,-0.63
68,000032,深桑达Ａ,20221117,20221118,-3.9972%,33.32,10.66,1,0.00
69,000736,中交发展,20221125,20221128,17.6529%,11.94,10.71,1,2.67
70,002423,中粮资本,20221206,20221207,7.3323%,10.74,6.11,1,3.92
71,600415,小商品城,20221207,20221208,4.0830%,14.28,5.90,2,4.48
72,600238,ST椰岛,20221214,20221215,-7.7600%,9.75,13.77,2,9.99
73,000969,安泰科技,20221214,20221215,-3.0706%,13.50,14.49,1,-4.50
74,002077,大港股份,20221215,20221216,-7.1292%,17.23,13.64,2,2.09
75,002210,飞马国际,20221216,20221219,-10.7696%,10.07,13.87,1,0.00
76,002195,岩山科技,20230110,20230111,9.9106%,16.85,12.26,2,3.21
77,002150,正泰电源,20230111,20230112,3.5284%,8.76,9.04,1,1.85
78,003040,楚天龙,20230112,20230113,-1.8266%,12.55,12.81,1,4.34
79,001236,弘业期货,20230116,20230117,18.9380%,8.87,7.78,2,1.19
80,600095,湘财股份,20230116,20230117,1.5100%,9.12,3.38,2,7.24
81,002670,国盛证券,20230118,20230119,7.3302%,9.05,5.84,1,1.63
82,003035,南网能源,20230213,20230214,-2.4855%,12.21,3.97,1,3.43
83,002626,金达威,20230214,20230215,4.7322%,9.25,6.53,1,4.39
84,002463,沪电股份,20230323,20230324,-0.2000%,28.49,7.97,2,1.50
85,600667,太极实业,20230404,20230406,13.0356%,10.96,7.63,1,1.57
86,002222,福晶科技,20230406,20230407,4.4142%,13.79,11.76,1,2.21
87,000810,创维数字,20230407,20230410,-8.6978%,21.96,9.87,1,0.19
88,002122,ST汇洲,20230410,20230411,6.4744%,9.04,9.52,2,-4.72
89,600415,小商品城,20230413,20230414,-3.0737%,28.11,8.23,1,0.00
90,000921,海信家电,20230418,20230419,-3.3951%,9.83,5.32,1,0.92
91,002291,遥望科技,20230504,20230505,-7.1491%,23.08,12.27,2,3.11
92,601333,广深铁路,20230504,20230505,10.9802%,9.63,6.33,2,0.36
93,002351,漫步者,20230504,20230505,1.6892%,11.96,11.21,2,-0.19
94,002315,焦点科技,20230504,20230505,11.6948%,8.61,12.91,1,3.14
95,600072,中船科技,20230508,20230509,-2.8736%,26.69,9.26,2,8.22
96,000917,电广传媒,20230613,20230614,-8.2546%,10.37,8.67,2,1.71
97,603108,润达医疗,20230619,20230620,3.9952%,8.27,8.35,1,7.40
98,002079,苏州固锝,20230620,20230621,-0.9925%,8.43,7.16,1,3.28
99,603000,人民网,20230713,20230714,8.5053%,42.33,13.13,1,5.00
100,601005,重庆钢铁,20230727,20230728,-0.2000%,10.50,7.71,1,-2.30
101,000572,海马汽车,20230728,20230731,3.0695%,8.89,11.05,2,6.59
102,600369,西南证券,20230731,20230801,2.9261%,18.11,6.30,2,-0.45
103,000980,众泰汽车,20230801,20230802,-4.9084%,27.55,11.87,1,0.83
104,601777,千里科技,20230802,20230803,-6.2914%,8.64,4.20,1,2.50
105,600595,中孚实业,20230802,20230803,-3.7736%,13.24,9.72,1,-10.48
106,600906,财达证券,20230802,20230803,-7.0398%,24.95,12.90,1,10.44
107,601136,首创证券,20230804,20230807,7.2936%,18.43,3.22,2,4.24
108,000719,中原传媒,20230807,20230808,0.8338%,9.79,14.28,2,0.09
109,000851,ST高鸿,20230911,20230912,7.3310%,10.33,14.72,2,3.50
110,601901,方正证券,20231107,20231108,-6.5101%,23.30,3.11,1,1.93
111,603985,恒润股份,20231107,20231108,-14.9865%,18.55,8.82,1,9.48
112,301297,富乐德,20231109,20231110,5.6435%,17.21,9.05,2,-9.14
113,000550,江铃汽车,20231115,20231116,-2.0016%,8.10,8.54,1,5.05
114,603002,宏昌电子,20231120,20231121,2.5228%,12.19,13.60,2,-5.29
115,002195,岩山科技,20231121,20231122,-8.7451%,24.23,11.30,2,0.00
116,600621,华鑫股份,20240125,20240126,-5.6036%,16.89,9.94,1,5.65
117,601127,赛力斯,20240207,20240208,2.8336%,47.29,4.82,1,4.63
118,002317,众生药业,20240228,20240229,0.3163%,10.11,8.67,1,0.00
119,000938,紫光股份,20240301,20240304,0.0034%,64.37,9.79,1,2.21
120,600895,张江高科,20240301,20240304,-4.9988%,10.90,3.32,2,1.64
121,000723,美锦能源,20240301,20240304,-7.3451%,20.88,6.35,1,0.00
122,603533,掌阅科技,20240312,20240313,5.8197%,11.51,12.07,1,3.95
123,000801,四川九洲,20240320,20240321,-7.9993%,20.48,14.29,1,0.00
124,600580,卧龙电驱,20240321,20240322,-5.0427%,28.06,12.24,1,-0.06
125,601137,博威合金,20240322,20240325,-11.0948%,17.08,9.54,1,1.94
126,000899,赣能股份,20240417,20240418,-2.9743%,8.57,10.32,2,1.24
127,000555,神州信息,20240429,20240430,-2.2523%,15.15,11.71,2,0.59
128,603613,国联股份,20240430,20240506,-0.9541%,10.57,5.95,1,2.91
129,600990,四创电子,20240508,20240509,18.4201%,8.65,14.53,1,-3.27
130,600645,中源协和,20240509,20240510,-9.1987%,11.83,11.66,2,0.00
131,000750,国海证券,20240925,20240926,20.1253%,17.47,8.68,2,0.84
132,000627,ST天茂,20240925,20240926,9.1983%,14.61,11.05,2,-5.59
133,300085,银之杰,20240925,20240926,31.4316%,15.05,12.33,2,2.00
134,603345,安井食品,20240927,20240930,13.0962%,10.21,4.18,1,7.82
135,601888,中国中免,20240927,20240930,10.0510%,32.56,2.50,1,10.23
136,300896,爱美客,20240930,20241008,-8.1566%,32.93,7.25,1,20.19
137,601336,新华保险,20241008,20241009,1.4955%,30.29,3.22,2,-2.23
138,301078,孩子王,20241008,20241009,5.5808%,8.82,6.44,2,-7.78
139,600418,江淮汽车,20241008,20241009,7.3341%,72.86,11.98,1,-1.96
140,300337,银邦股份,20241008,20241009,19.5622%,12.65,13.83,2,-1.83
141,603613,国联股份,20241008,20241009,-5.5292%,12.46,6.51,2,-2.74
142,603605,珀莱雅,20241008,20241009,-4.6575%,11.99,2.60,1,-5.17
143,002936,郑州银行,20241008,20241009,-7.4000%,14.34,8.84,1,-5.53
144,300180,华峰超纤,20241008,20241009,17.5263%,9.13,6.98,2,1.94
145,600657,信达地产,20241015,20241016,12.7235%,10.23,7.51,2,-0.81
146,601606,长城军工,20241015,20241016,-7.3765%,11.36,12.84,2,0.47
147,000062,深圳华强,20241017,20241018,-6.2379%,41.03,13.11,1,1.24
148,000006,深振业Ａ,20241021,20241022,12.7232%,9.05,9.99,2,-0.86
149,002459,晶澳科技,20241022,20241023,1.6478%,34.23,6.57,1,1.02
150,002531,天顺风能,20241023,20241024,-2.1377%,13.76,8.29,2,-3.13
151,601727,上海电气,20241028,20241029,2.7779%,36.01,4.16,1,9.98
152,603063,禾望电气,20241028,20241029,2.3050%,9.86,13.29,2,1.58
153,002685,华东重机,20241028,20241029,-8.4615%,11.99,14.61,1,10.06
154,600839,四川长虹,20241029,20241030,17.6368%,69.38,11.28,1,2.81
155,601777,千里科技,20241029,20241030,-3.7542%,10.34,2.99,1,0.51
156,002312,川发龙蟒,20241029,20241030,9.9500%,15.89,5.54,1,10.15
157,000572,海马汽车,20241030,20241031,9.7293%,10.80,14.40,1,2.07
158,601005,重庆钢铁,20241031,20241101,-8.5250%,11.33,8.26,2,3.45
159,002281,光迅科技,20241031,20241101,-5.9634%,47.77,13.73,2,-0.07
160,002568,百润股份,20241104,20241105,-0.7293%,14.96,8.14,1,-1.60
161,603083,剑桥科技,20241104,20241105,2.5957%,9.92,8.49,1,4.48
162,603883,老百姓,20241104,20241105,-1.2537%,20.51,14.74,2,0.00
163,688660,电气风电,20241105,20241106,1.3858%,9.39,8.98,1,19.47
164,601127,赛力斯,20241105,20241106,-7.6573%,147.11,7.22,1,3.06
165,002285,世联行,20241106,20241107,11.8099%,10.02,14.09,1,0.55
166,600667,太极实业,20241106,20241107,-5.2277%,26.32,14.72,2,2.47
167,000099,中信海直,20241106,20241107,-0.5698%,20.10,8.74,2,-0.10
168,600518,康美药业,20241108,20241111,5.7421%,42.51,12.16,1,4.67
169,601216,君正集团,20241112,20241113,-9.7723%,15.82,3.44,1,4.94
170,000564,供销大集,20241113,20241114,-12.0783%,68.31,14.12,1,-0.91
171,600654,中安科,20241114,20241115,20.2447%,9.02,9.25,1,0.47
172,600629,华建集团,20241114,20241115,-4.5667%,12.38,13.57,1,-3.61
173,002605,姚记科技,20241114,20241115,-0.1379%,8.72,7.88,1,-3.07
174,003021,兆威机电,20241120,20241121,-6.1399%,13.83,10.07,1,0.00
175,603366,日出东方,20241121,20241122,16.9049%,8.21,7.85,1,1.31
176,601519,大智慧,20241202,20241203,4.6523%,16.22,8.44,1,2.64
177,601238,广汽集团,20241203,20241204,-3.9354%,29.88,3.83,1,-2.25
178,000155,川能动力,20241203,20241204,-4.0334%,16.77,7.06,2,0.15
179,002681,奋达科技,20241205,20241206,-11.3000%,8.71,7.39,2,10.01
180,001287,中电港,20241205,20241206,-3.1635%,17.68,10.12,1,-0.85
181,688165,埃夫特-U,20241205,20241206,-9.1416%,17.31,11.32,2,3.78
182,000627,ST天茂,20241206,20241209,9.5069%,13.89,6.57,2,0.61
183,002607,中公教育,20241206,20241209,-1.6408%,11.82,5.38,1,2.46
184,002181,粤传媒,20241211,20241212,12.0378%,9.43,13.73,1,0.31
185,600979,广安爱众,20241211,20241212,13.7992%,9.08,11.64,2,-6.03
186,002670,国盛证券,20241211,20241212,-8.2379%,34.31,14.09,1,9.99
187,600490,鹏欣资源,20241220,20241223,-2.8505%,8.71,11.94,2,0.00
188,002851,麦格米特,20241220,20241223,-1.1986%,22.14,8.19,1,7.01
189,603920,世运电路,20250207,20250210,-1.3517%,21.72,8.68,1,1.76
190,000536,华映科技,20250210,20250211,-4.4708%,18.10,12.51,2,-0.19
191,300251,光线传媒,20250211,20250212,18.9762%,70.00,13.69,1,7.09
192,603881,数据港,20250213,20250214,10.9666%,20.13,10.98,2,8.90
193,000967,盈峰环境,20250218,20250219,0.3569%,11.28,6.34,1,-2.36
194,000818,航锦科技,20250220,20250221,-19.1852%,39.96,14.65,1,4.73
195,000967,盈峰环境,20250221,20250224,0.4223%,10.97,5.14,1,-2.13
196,002335,科华数据,20250224,20250225,1.1885%,23.63,10.50,2,-5.06
197,600100,同方股份,20250224,20250225,-2.0958%,20.76,6.69,1,0.53
198,001309,德明利,20250224,20250225,-0.9849%,12.37,7.32,1,0.00
199,601881,中国银河,20250227,20250228,-6.7405%,67.78,5.76,1,-1.85
200,600967,内蒙一机,20250312,20250313,-2.1772%,8.98,4.48,1,4.99
201,603267,鸿远电子,20250312,20250313,0.0022%,11.55,9.65,1,1.21
202,603629,利通电子,20250313,20250314,-0.1096%,8.05,9.84,2,6.02
203,603605,珀莱雅,20250428,20250429,-0.4557%,24.02,7.01,1,-0.20
204,600410,华胜天成,20250507,20250508,-4.5450%,12.28,10.24,1,2.55
205,601908,京运通,20250516,20250519,-8.6050%,10.79,11.85,1,4.26
206,600279,重庆港,20250522,20250523,-9.2648%,8.05,10.62,1,1.17
207,000561,烽火电子,20250523,20250526,1.4651%,9.92,13.84,1,0.31
208,600259,中稀有色,20250604,20250605,2.9480%,12.14,7.29,1,3.99
209,000989,九芝堂,20250604,20250605,-5.2035%,8.44,12.63,2,-0.10
210,600353,旭光电子,20250610,20250611,8.8897%,8.26,8.58,2,-1.69
211,600530,ST交昂,20250610,20250611,-0.8309%,9.87,13.93,1,0.00
212,001298,好上好,20250626,20250627,14.0819%,9.58,13.23,1,3.86
213,601606,长城军工,20250626,20250627,6.5178%,13.15,7.54,2,0.57
214,600927,永安期货,20250708,20250709,0.0347%,10.79,4.57,2,-0.06
215,603486,科沃斯,20250715,20250716,-0.9454%,17.92,4.68,1,0.26
216,001287,中电港,20250716,20250717,-4.5222%,13.41,8.04,1,3.20
217,600201,生物股份,20250717,20250718,-6.0925%,11.10,11.03,1,0.00
218,600751,海航科技,20250718,20250721,4.2933%,12.34,12.18,1,-1.96
219,601003,柳钢股份,20250718,20250721,10.9001%,13.92,9.39,1,2.99
220,002265,建设工业,20250718,20250721,12.9440%,19.05,5.51,1,0.15
221,002266,浙富控股,20250722,20250723,9.9916%,14.39,7.65,1,10.25
222,600682,南京新百,20250724,20250725,-2.9820%,10.59,11.20,1,-4.93
223,600117,西宁特钢,20250730,20250731,-1.8377%,9.94,7.39,1,1.67
224,600581,ST八钢,20250730,20250731,-6.7723%,9.78,14.88,2,1.79
225,001267,汇绿生态,20250731,20250801,-5.1637%,9.31,11.24,1,-3.07
226,603516,淳中科技,20250801,20250804,0.3547%,13.83,10.57,1,0.32
227,000534,万泽股份,20250804,20250805,-6.5742%,10.08,11.90,2,1.68
228,601606,长城军工,20250805,20250806,17.9843%,37.56,12.33,1,0.98
229,600808,马钢股份,20250806,20250807,-3.3675%,15.08,6.44,1,0.49
230,601929,吉视传媒,20250808,20250811,2.5001%,11.24,12.50,1,9.63
231,600366,宁波韵升,20250808,20250811,-4.6612%,18.10,11.68,1,7.37
232,600246,万通发展,20250811,20250812,1.3523%,11.49,7.33,2,7.39
233,601137,博威合金,20250813,20250814,1.0013%,19.02,8.81,2,2.42
234,002670,国盛证券,20250813,20250814,2.8211%,33.64,10.94,2,0.00
235,002549,凯美特气,20250813,20250814,-6.9327%,8.09,7.97,2,10.02
236,000561,烽火电子,20250813,20250814,2.9430%,8.09,8.62,2,6.80
237,002939,长城证券,20250814,20250815,18.6631%,45.67,12.24,1,0.37
238,601609,金田股份,20250814,20250815,14.3961%,9.09,5.17,1,5.87
239,600737,中粮糖业,20250815,20250818,9.2246%,27.11,9.67,1,5.69
240,688519,南亚新材,20250818,20250819,-3.2736%,10.36,7.08,2,-0.28
241,002645,华宏科技,20250818,20250819,2.4368%,11.58,12.91,1,4.53
242,600601,方正科技,20250818,20250819,-1.8005%,30.04,9.93,2,0.81
243,600110,诺德股份,20250818,20250819,4.6145%,8.18,6.18,2,7.79
244,603083,剑桥科技,20250819,20250820,1.4670%,12.93,7.53,1,-0.59
245,000799,酒鬼酒,20250820,20250821,1.2051%,20.22,10.40,1,2.42
246,002428,云南锗业,20250820,20250821,-5.5256%,18.46,10.16,2,1.09
247,002190,成飞集成,20250821,20250822,8.5785%,20.09,13.02,1,5.98
248,000617,中油资本,20250822,20250825,1.7072%,81.49,5.76,1,1.60
249,002838,道恩股份,20250822,20250825,-2.5562%,8.93,7.69,2,1.16
250,002212,天融信,20250822,20250825,-6.2489%,10.05,8.52,1,7.39
251,002402,和而泰,20250825,20250826,2.4032%,27.76,8.68,1,0.91
252,000877,天山股份,20250825,20250826,-5.4002%,13.14,2.65,1,0.83
253,600118,中国卫星,20250826,20250827,5.4719%,42.19,9.91,1,1.01
254,002053,云南能投,20250828,20250829,12.1380%,8.05,6.73,2,-1.04
255,601869,长飞光纤,20250829,20250901,-2.7380%,17.05,4.64,1,1.37
256,000831,中国稀土,20250829,20250901,-0.0136%,51.66,8.54,2,1.15
257,002074,国轩高科,20250901,20250902,-2.5520%,63.16,9.29,2,2.95
258,000661,长春高新,20250902,20250903,-2.5553%,26.98,5.53,1,1.14
259,601069,西部黄金,20250902,20250903,8.1105%,9.60,4.61,1,5.43
260,600977,中国电影,20250908,20250909,-0.8397%,13.17,4.46,1,4.18
261,300539,横河精密,20250908,20250909,-3.0607%,8.10,10.15,2,1.58
262,603200,上海洗霸,20250908,20250909,0.7994%,18.45,10.81,1,-0.43
263,603516,淳中科技,20250910,20250911,8.0818%,14.05,5.66,1,3.74
264,002181,粤传媒,20250910,20250911,-3.1814%,11.18,10.99,1,2.10
265,600601,方正科技,20250912,20250915,2.9138%,37.08,8.14,2,2.21
266,603127,昭衍新药,20250915,20250916,-2.4068%,23.92,9.53,1,1.37
267,600977,中国电影,20250915,20250916,-5.4559%,34.23,8.95,1,4.26
268,002183,怡亚通,20250916,20250917,-5.5458%,20.08,13.12,1,-0.99
269,603626,科森科技,20250917,20250918,3.0640%,12.92,14.95,1,6.53
270,002129,TCL中环,20250925,20250926,-1.4946%,31.50,8.63,1,-1.59
271,605376,博迁新材,20250930,20251009,-2.8317%,12.44,7.32,1,-0.66
272,002670,国盛证券,20250930,20251009,-6.5849%,53.36,13.67,1,-5.51
273,002150,正泰电源,20250930,20251009,-4.9457%,8.91,12.62,1,0.58
274,000923,河钢资源,20251009,20251010,-5.6175%,9.31,7.91,2,-3.46
275,000021,深科技,20251009,20251010,0.3388%,53.30,11.20,1,-2.53
276,603301,振德医疗,20251010,20251013,23.6300%,11.69,8.13,1,-9.90
277,002941,新疆交建,20251010,20251013,4.4402%,19.59,14.35,2,-5.18
278,601611,中国核建,20251010,20251013,-1.9494%,13.56,4.38,2,1.88
279,601212,白银有色,20251010,20251013,19.3457%,12.79,3.52,2,-0.39
280,600635,大众公用,20251010,20251013,5.5296%,13.11,7.94,2,-3.68
281,002549,凯美特气,20251013,20251014,-2.8445%,25.90,14.09,2,5.28
282,601606,长城军工,20251013,20251014,5.4740%,50.53,14.06,1,2.08
283,300260,新莱应材,20251013,20251014,-0.5054%,26.80,14.83,1,9.80
284,605188,国光连锁,20251014,20251015,2.2497%,8.45,9.26,1,3.11
285,601126,四方股份,20251016,20251017,1.8950%,28.69,13.38,2,-3.38
286,600629,华建集团,20251016,20251017,2.5249%,18.45,5.33,1,1.43
287,002885,京泉华,20251016,20251017,-4.9727%,8.05,13.03,2,-1.03
288,001267,汇绿生态,20251021,20251022,-3.0008%,11.29,10.91,1,4.10
289,002542,ST中岩,20251022,20251023,-8.0396%,8.79,11.33,2,0.00
290,605188,国光连锁,20251022,20251023,-4.7439%,10.54,9.67,1,0.22
291,001267,汇绿生态,20251027,20251028,-1.3201%,18.80,14.86,2,3.67
292,601231,环旭电子,20251027,20251028,-0.6670%,22.58,3.74,1,-0.39
293,000969,安泰科技,20251028,20251029,-0.1150%,22.60,9.64,1,3.25
294,600516,方大炭素,20251029,20251030,-4.6449%,23.53,9.65,2,0.80
295,000657,中钨高新,20251029,20251030,-1.0833%,17.52,5.00,1,6.03
296,603256,宏和科技,20251029,20251030,-6.3015%,8.84,2.41,1,-3.15
297,603067,振华股份,20251030,20251031,0.7227%,16.46,9.47,1,0.00
298,002759,ST天际,20251031,20251103,4.3336%,13.04,8.52,2,0.03
299,000572,海马汽车,20251103,20251104,9.2246%,10.10,8.71,1,9.50
300,000592,平潭发展,20251103,20251104,8.0950%,11.25,7.63,1,6.68
301,600308,华泰股份,20251104,20251105,1.6587%,8.58,12.65,2,-4.44
302,002518,科士达,20251107,20251110,-6.1625%,14.99,5.17,2,1.51
303,688233,神工股份,20251111,20251112,1.6786%,16.23,13.32,1,-4.16
304,300997,欢乐家,20251111,20251112,1.4862%,9.86,10.11,2,0.12
305,000688,国城矿业,20251111,20251112,-0.3764%,11.05,4.29,1,-1.01
306,000069,华侨城Ａ,20251111,20251112,-4.6628%,9.49,4.89,2,-0.68
307,600737,中粮糖业,20251112,20251113,-3.4012%,15.98,4.02,1,3.26
308,001203,大中矿业,20251114,20251117,8.7149%,8.27,2.36,1,7.71
309,002565,顺灏股份,20251208,20251209,2.6501%,15.18,10.98,2,1.76
310,000901,航天科技,20251208,20251209,0.5553%,9.42,5.11,2,2.01
311,000905,厦门港务,20251208,20251209,13.8563%,13.57,14.63,1,6.09
312,600973,宝胜股份,20251208,20251209,-5.8240%,12.76,14.65,2,4.17
313,002596,海南瑞泽,20251222,20251223,-0.2000%,9.41,14.29,1,10.02
314,002046,国机精工,20251222,20251223,-3.9203%,15.06,6.71,2,-0.99
315,000566,海南海药,20251222,20251223,1.0914%,13.03,13.20,2,6.91
316,000981,山子高科,20251222,20251223,-6.7039%,24.23,7.13,2,5.21
317,601106,中国一重,20251222,20251223,-3.2921%,16.45,5.89,2,-0.24
318,600179,安通控股,20251223,20251224,22.6938%,8.03,4.25,1,-2.44
319,603698,航天工程,20251224,20251225,11.2348%,18.11,10.65,1,5.01
320,600759,ST洲际,20251229,20251230,-4.0197%,15.54,11.55,1,1.19
321,600736,苏州高新,20251229,20251230,-5.3466%,9.97,12.37,2,-0.97
322,600266,城建发展,20260105,20260106,15.3018%,8.29,7.42,2,4.88
323,601698,中国卫通,20260105,20260106,11.1032%,112.63,7.03,1,1.73
324,605358,立昂微,20260106,20260107,-5.2695%,19.93,6.36,2,3.74
325,002788,鹭燕医药,20260107,20260108,8.8856%,12.02,13.06,2,-0.04
326,600435,北方导航,20260107,20260108,2.6008%,19.13,6.51,2,0.91
327,603650,彤程新材,20260108,20260109,-1.3040%,34.81,10.21,1,-0.23
328,600637,东方明珠,20260108,20260109,9.8734%,19.11,4.85,1,10.10
329,601611,中国核建,20260108,20260109,3.4640%,28.45,5.72,1,3.38
330,603778,国晟科技,20260106,20260112,11.3971%,11.21,8.51,2,7.98
331,000917,电广传媒,20260112,20260113,-8.1376%,24.99,13.57,2,5.51
332,000969,安泰科技,20260112,20260113,-6.4355%,19.92,7.06,1,10.07
333,600877,电科芯片,20260113,20260114,-3.0542%,34.30,13.15,1,-0.62
334,002465,海格通信,20260113,20260114,-10.2046%,74.41,12.66,1,10.02
335,002153,石基信息,20260115,20260116,2.8749%,11.41,4.44,1,-9.36
336,600410,华胜天成,20260115,20260116,-17.5234%,8.74,3.27,1,-1.97
337,300758,七彩化学,20260115,20260116,-14.6256%,9.12,12.69,1,-5.81
338,002796,世嘉科技,20260116,20260119,-0.5382%,10.00,10.55,2,1.96
339,601096,宏盛华源,20260119,20260120,0.9146%,9.64,11.65,1,1.70
340,000949,新乡化纤,20260120,20260121,-2.1260%,10.56,8.99,1,4.57
341,000506,招金黄金,20260120,20260121,3.0173%,16.79,10.68,2,2.50
342,601212,白银有色,20260121,20260122,25.4713%,40.89,6.69,1,-3.73
343,603256,宏和科技,20260122,20260123,-2.2348%,21.36,5.27,2,1.58
344,600759,ST洲际,20260122,20260123,5.6490%,17.91,10.67,2,0.47
345,600770,综艺股份,20260122,20260123,-0.8100%,11.96,13.79,2,-3.68
346,002636,金安国纪,20260123,20260126,-0.2787%,20.25,11.20,2,-0.47
347,002149,西部材料,20260123,20260126,2.1287%,29.49,14.31,1,-1.29
348,600916,中国黄金,20260126,20260127,13.9076%,15.34,9.37,1,6.31
349,002506,协鑫集成,20260126,20260127,9.5536%,13.46,6.74,2,-2.03
350,688323,瑞华泰,20260126,20260127,-3.1656%,8.17,13.65,1,-3.57
351,603052,可川科技,20260128,20260129,6.6697%,8.82,7.85,1,2.38
352,603626,科森科技,20260209,20260210,-0.0912%,8.71,6.09,2,3.38
353,002624,完美世界,20260209,20260210,4.3666%,12.78,3.31,1,0.09
354,002015,协鑫能科,20260209,20260210,-5.1557%,20.30,9.82,2,-0.53
355,002099,海翔药业,20260209,20260210,2.8237%,9.04,6.86,1,0.00
356,601869,长飞光纤,20260210,20260211,6.0030%,31.90,3.83,2,-1.61
357,601872,招商轮船,20260225,20260226,9.1722%,29.66,2.61,1,-0.76
358,002378,章源钨业,20260226,20260227,15.7133%,36.11,8.39,2,4.43
359,002428,云南锗业,20260226,20260227,7.8547%,17.52,6.09,2,0.61
360,600498,烽火通信,20260227,20260302,6.0048%,76.12,12.35,1,6.71
361,603629,利通电子,20260302,20260303,-6.2873%,19.14,12.32,1,-4.11
362,000035,中国天楹,20260302,20260303,-9.8761%,9.52,5.42,1,-0.91
363,600452,涪陵电力,20260302,20260303,-7.4797%,11.93,5.45,2,-1.86
364,002913,奥士康,20260306,20260309,1.9906%,10.23,6.66,1,-2.44
365,000839,国安股份,20260311,20260312,-7.8846%,23.12,14.99,1,4.52
366,601868,中国能建,20260312,20260313,-3.3547%,174.88,14.75,1,0.00
367,601330,绿色动力,20260312,20260313,-6.0961%,9.57,11.09,2,-0.11
368,605162,新中港,20260408,20260409,-6.3836%,9.01,13.90,1,-5.09
369,002384,东山精密,20260409,20260410,8.3403%,121.27,6.76,2,0.30
370,600345,长江通信,20260410,20260413,-1.3284%,13.83,12.22,2,1.18
371,600396,华电辽能,20260414,20260415,-5.7295%,14.60,12.72,2,1.25
372,002051,中工国际,20260415,20260416,0.1497%,13.99,9.89,2,-3.05
373,603698,航天工程,20260415,20260416,12.3776%,8.23,3.93,2,-3.37
374,002468,申通快递,20260416,20260417,-4.8854%,22.75,8.70,1,-0.11
375,300905,宝丽迪,20260417,20260420,-12.7213%,8.78,11.60,2,13.44
376,603618,杭电股份,20260423,20260424,-5.2801%,30.80,14.80,2,0.80
377,600726,华电能源,20260424,20260427,12.0219%,28.12,6.67,1,-2.76
378,600338,西藏珠峰,20260427,20260428,1.0839%,28.43,13.07,1,0.36
379,000062,深圳华强,20260427,20260428,-8.2066%,38.93,10.29,1,1.35
380,605289,罗曼股份,20260428,20260429,-3.0370%,9.58,5.80,2,0.95
381,000593,德龙汇能,20260428,20260429,0.7261%,13.14,14.89,2,1.77
382,603629,利通电子,20260429,20260430,5.1700%,13.41,4.00,2,8.43
383,605168,三人行,20260429,20260430,-2.8201%,9.57,9.79,2,0.54
384,603317,天味食品,20260429,20260430,1.0816%,8.24,4.84,2,-2.15
385,002081,金螳螂,20260429,20260430,21.8018%,15.55,11.88,1,-3.63
386,002645,华宏科技,20260430,20260506,0.6887%,9.60,6.73,1,0.89
387,000567,海德股份,20260430,20260506,1.4625%,10.06,8.01,1,-0.90
388,002181,粤传媒,20260506,20260507,2.0033%,27.27,14.09,1,0.33
389,000783,长江证券,20260506,20260507,-6.1659%,22.39,4.97,1,0.59
390,000967,盈峰环境,20260507,20260508,-2.6710%,44.89,8.59,1,-0.74
391,603256,宏和科技,20260507,20260508,1.8337%,30.83,2.51,2,0.60
392,603738,泰晶科技,20260508,20260511,0.4512%,9.28,5.15,2,7.79
393,002929,润建股份,20260508,20260511,-2.2124%,16.52,9.83,2,0.97
394,002317,众生药业,20260508,20260511,-3.3547%,9.12,5.36,2,2.06
395,002865,钧达股份,20260511,20260512,-5.2028%,27.54,11.70,2,2.12
396,002030,达安基因,20260511,20260512,-5.3696%,11.94,12.16,2,-2.05
397,600078,澄星股份,20260511,20260512,-5.9244%,9.28,9.06,1,0.00
398,000672,上峰材料,20260512,20260513,-3.1694%,9.56,6.13,1,2.69
399,002208,合肥城建,20260513,20260514,2.9531%,17.01,12.33,1,5.61
400,002782,可立克,20260514,20260515,-3.9070%,14.89,11.83,1,-0.56
401,600758,辽宁能源,20260519,20260520,-8.4768%,9.88,14.97,1,0.39
402,603938,三孚股份,20260519,20260520,11.2143%,15.68,8.73,2,4.28
403,600563,法拉电子,20260520,20260521,-5.0231%,11.93,3.44,2,3.52
404,002782,可立克,20260520,20260521,-5.4977%,12.68,8.73,1,0.03
405,002897,意华股份,20260525,20260526,-3.1881%,13.04,9.25,2,6.03
406,603663,三祥新材,20260525,20260526,5.6755%,11.71,5.15,2,0.00
407,002432,九安医疗,20260525,20260526,-1.6083%,25.69,6.67,1,5.12
408,002741,光华科技,20260525,20260526,-0.8778%,12.12,10.32,1,0.36
409,002980,华盛昌,20260525,20260526,-17.0607%,14.93,11.83,2,4.32
410,600186,莲花控股,20260525,20260526,1.3382%,31.50,14.17,1,0.46
411,000506,招金黄金,20260615,20260616,0.8579%,9.03,6.63,1,0.07
412,601696,中银证券,20260615,20260616,5.9148%,16.29,4.77,1,-0.87
413,002585,双星新材,20260616,20260617,8.8618%,8.56,6.95,2,-3.21
414,002851,麦格米特,20260616,20260617,4.3388%,47.99,6.07,1,3.32
415,600549,厦门钨业,20260616,20260617,-2.5476%,47.50,4.01,2,2.03
416,603516,淳中科技,20260616,20260617,-2.2846%,8.98,3.37,2,2.97
417,603045,福达合金,20260616,20260617,1.5934%,14.30,12.36,2,-5.86
418,605289,罗曼股份,20260616,20260617,0.1530%,9.96,5.22,2,2.00
419,600186,莲花控股,20260617,20260618,-2.4811%,29.34,11.68,1,1.57
420,002297,博云新材,20260622,20260623,-5.9611%,12.21,6.91,1,7.82
421,002068,黑猫股份,20260622,20260623,2.3808%,10.01,12.41,1,4.35
422,002805,丰元股份,20260622,20260623,-1.3872%,10.51,13.47,2,-0.41
423,000783,长江证券,20260623,20260624,-1.8843%,27.73,5.46,1,0.32
424,601869,长飞光纤,20260623,20260624,6.9230%,128.86,5.67,2,-2.17
425,002631,德尔未来,20260624,20260625,1.8598%,9.32,12.38,1,-1.92
426,002080,中材科技,20260625,20260626,3.7986%,33.87,2.26,1,2.43
427,603713,密尔克卫,20260625,20260626,1.4517%,9.15,7.17,1,-0.86
428,600141,兴发集团,20260625,20260626,8.0527%,55.40,10.08,1,-3.12
429,002254,泰和新材,20260625,20260626,-6.4741%,21.96,13.21,1,1.83
430,603650,彤程新材,20260629,20260630,2.0640%,56.35,9.95,2,-0.44
431,000566,海南海药,20260630,20260701,22.0227%,9.02,14.50,1,-1.80
432,002738,中矿资源,20260701,20260702,1.5859%,12.69,2.77,1,0.00
433,000603,盛达资源,20260701,20260702,-4.5907%,12.77,7.77,1,4.76
434,001331,胜通能源,20260701,20260702,-0.2950%,8.41,5.04,1,1.66
435,002674,兴业科技,20260805,20260806,7.3851%,8.10,10.67,1,0.26
436,002080,中材科技,20260805,20260806,6.6431%,26.44,3.37,2,-0.10
437,002348,高乐股份,20260805,20260806,1.1615%,11.24,10.41,1,-3.14
438,000506,招金黄金,20260810,20260811,-8.8580%,23.07,13.08,1,5.32
439,600641,先导基电,20260810,20260811,-3.7837%,9.81,3.12,2,-1.98
440,605179,一鸣食品,20260811,20260812,14.8929%,11.02,10.37,2,0.62
441,000859,国风新材,20260811,20260812,-0.8736%,12.55,13.99,2,-0.95
442,000593,德龙汇能,20260813,20260814,-6.1361%,9.86,10.25,1,-4.35
