日期,主口径回踩,T+2追,破MA5回踩,触及MA5,仅首板回踩
2021-08-17,1.000000,1.000000,1.000000,1.000000,1.000000
2021-08-18,1.000000,1.067964,1.000000,1.000000,1.000000
2021-08-19,1.000000,1.007863,1.000000,0.968430,1.000000
2021-08-20,1.038761,1.024497,1.000000,1.006955,1.026906
2021-08-23,1.045117,1.022158,1.024774,0.999255,1.048536
2021-08-24,1.034151,1.004419,1.012270,0.983257,1.045569
2021-08-25,1.041441,1.008252,1.032271,0.986467,1.057028
2021-08-26,1.033811,1.003748,1.019815,0.977224,1.055271
2021-08-27,1.024291,1.001629,1.002965,0.965104,1.058675
2021-08-30,1.016343,1.013763,0.996648,0.954420,1.069172
2021-08-31,1.024943,1.018429,1.010039,0.947477,1.075213
2021-09-01,1.026590,1.020169,1.013343,0.952217,1.044856
2021-09-02,1.039231,1.037950,1.032154,0.960166,1.077856
2021-09-03,1.034746,1.034267,1.028831,0.954019,1.059632
2021-09-06,1.044496,1.051949,1.045122,0.962885,1.060806
2021-09-07,1.055200,1.067545,1.055915,0.970009,1.086203
2021-09-08,1.078760,1.086145,1.081119,0.994736,1.096356
2021-09-09,1.080056,1.096699,1.078871,0.994036,1.112967
2021-09-10,1.065535,1.085081,1.059690,0.980107,1.098006
2021-09-13,1.085993,1.110790,1.073592,0.999042,1.120549
2021-09-14,1.055378,1.082780,1.046934,0.971176,1.094669
2021-09-15,1.070753,1.097087,1.063861,0.991492,1.109450
2021-09-16,1.055047,1.092102,1.042512,0.977454,1.091598
2021-09-17,1.053870,1.087308,1.042154,0.981665,1.084551
2021-09-22,1.071396,1.100663,1.064569,1.005449,1.107487
2021-09-23,1.065094,1.095963,1.058038,1.003669,1.089414
2021-09-24,1.038597,1.075312,1.031250,0.985612,1.058024
2021-09-27,1.010065,1.067688,1.013759,0.966434,1.028414
2021-09-28,1.005128,1.058933,1.006884,0.957952,1.041082
2021-09-29,0.973891,1.029995,0.975942,0.938824,1.007588
2021-09-30,0.981721,1.045247,0.992023,0.955222,1.032407
2021-10-08,0.994671,1.072578,1.024525,0.977662,1.013411
2021-10-11,0.958132,1.059619,1.013076,0.967756,0.984251
2021-10-12,0.953375,1.047029,0.989153,0.945813,0.967916
2021-10-13,0.938572,1.022831,0.973398,0.929799,0.953218
2021-10-14,0.909145,1.019863,0.962254,0.913743,0.933351
2021-10-15,0.906045,1.013624,0.953836,0.909754,0.920307
2021-10-18,0.919648,1.021619,0.938512,0.914613,0.931486
2021-10-19,0.937898,1.023393,0.945268,0.927575,0.931638
2021-10-20,0.944265,1.010778,0.931222,0.913529,0.945596
2021-10-21,0.943257,0.997811,0.922496,0.891875,0.948078
2021-10-22,0.959788,1.002644,0.928322,0.890928,0.932385
2021-10-25,0.968016,1.009620,0.934694,0.906433,0.943904
2021-10-26,0.939647,0.991305,0.906810,0.875238,0.930926
2021-10-27,0.941859,0.999791,0.905668,0.878494,0.934306
2021-10-28,0.959701,1.005123,0.895303,0.873627,0.925630
2021-10-29,0.957464,1.006090,0.880046,0.869542,0.949021
2021-11-01,0.941256,1.019852,0.890256,0.880132,0.954580
2021-11-02,0.912407,1.005917,0.857131,0.865474,0.944635
2021-11-03,0.901694,1.003430,0.890119,0.858813,0.933081
2021-11-04,0.932469,1.024263,0.921098,0.884427,0.965437
2021-11-05,0.959764,1.029596,0.943665,0.893980,0.949752
2021-11-08,0.984031,1.041801,0.982381,0.918190,0.950171
2021-11-09,0.978914,1.040850,0.973745,0.914709,0.950381
2021-11-10,0.985193,1.051589,0.983995,0.917986,0.951383
2021-11-11,1.015431,1.071526,1.017253,0.949617,0.954522
2021-11-12,1.039526,1.087533,1.037789,0.964858,0.970779
2021-11-15,1.046396,1.095723,1.038627,0.971710,0.971410
2021-11-16,1.028345,1.079576,1.019383,0.964294,0.959239
2021-11-17,1.045270,1.094652,1.026276,0.985562,0.972142
2021-11-18,1.029617,1.084413,1.010888,0.968868,0.954381
2021-11-19,1.029712,1.078718,1.015175,0.967563,0.960434
2021-11-22,1.039024,1.088506,1.024665,0.976854,0.975582
2021-11-23,1.043445,1.095278,1.029121,0.977873,0.982466
2021-11-24,1.051707,1.101508,1.036172,0.982084,0.984234
2021-11-25,1.059233,1.099658,1.042033,0.985192,0.975483
2021-11-26,1.050838,1.090560,1.032243,0.975859,0.972657
2021-11-29,1.059599,1.091615,1.041816,0.984784,0.986698
2021-11-30,1.072259,1.100069,1.060165,0.996779,0.986785
2021-12-01,1.085465,1.115724,1.077792,1.009069,0.991565
2021-12-02,1.069684,1.096729,1.057991,0.993281,0.974333
2021-12-03,1.070411,1.088736,1.058537,0.997265,0.971574
2021-12-06,1.056081,1.074619,1.051327,0.988539,0.959873
2021-12-07,1.059589,1.073550,1.049278,0.985823,0.949704
2021-12-08,1.064500,1.077828,1.056525,0.991625,0.958867
2021-12-09,1.060245,1.073919,1.052046,0.984264,0.954801
2021-12-10,1.057856,1.072638,1.054761,0.985274,0.954838
2021-12-13,1.053914,1.069273,1.051745,0.979528,0.953117
2021-12-14,1.056235,1.072446,1.048740,0.976228,0.958113
2021-12-15,1.065999,1.079300,1.059581,0.981348,0.964257
2021-12-16,1.073848,1.095120,1.066425,0.990374,0.975232
2021-12-17,1.075878,1.103267,1.071759,0.990481,0.975794
2021-12-20,1.084722,1.114931,1.083500,0.997045,0.973180
2021-12-21,1.087026,1.132004,1.087113,0.999485,0.977538
2021-12-22,1.087399,1.125434,1.084571,0.994954,0.978294
2021-12-23,1.073968,1.099437,1.065581,0.976596,0.970828
2021-12-24,1.058149,1.084923,1.051639,0.961729,0.951527
2021-12-27,1.065614,1.090893,1.057653,0.966676,0.951184
2021-12-28,1.058144,1.083062,1.055775,0.955792,0.943822
2021-12-29,1.048860,1.090319,1.049272,0.944885,0.939165
2021-12-30,1.060726,1.114594,1.061946,0.957153,0.950063
2021-12-31,1.067651,1.128901,1.070051,0.970399,0.952064
2022-01-04,1.097239,1.155262,1.096379,0.997302,0.971146
2022-01-05,1.079534,1.137128,1.076473,0.978945,0.954163
2022-01-06,1.098570,1.159475,1.090486,1.000495,0.969089
2022-01-07,1.062635,1.117835,1.054828,0.966495,0.941541
2022-01-10,1.075148,1.122798,1.070780,0.973666,0.947276
2022-01-11,1.070540,1.120641,1.067823,0.967386,0.943622
2022-01-12,1.080785,1.135471,1.082697,0.977004,0.955438
2022-01-13,1.081311,1.140690,1.088517,0.978010,0.949201
2022-01-14,1.075325,1.139343,1.085641,0.970699,0.946875
2022-01-17,1.089646,1.155329,1.100831,0.979060,0.959915
2022-01-18,1.063042,1.118583,1.077062,0.952158,0.938189
2022-01-19,1.061302,1.125264,1.074679,0.943340,0.943738
2022-01-20,1.045028,1.107724,1.068540,0.929195,0.935256
2022-01-21,1.028065,1.091592,1.042202,0.908351,0.905058
2022-01-24,1.022211,1.067287,1.030873,0.893875,0.893624
2022-01-25,0.994150,1.021014,0.997293,0.864583,0.859542
2022-01-26,1.000894,1.016941,0.999835,0.859952,0.861960
2022-01-27,0.948978,0.967183,0.956086,0.817961,0.822530
2022-01-28,0.950697,0.966736,0.959631,0.827765,0.823310
2022-02-07,1.016584,0.998892,0.973580,0.863825,0.845902
2022-02-08,1.024389,1.012405,0.975361,0.870456,0.854759
2022-02-09,1.023759,1.005263,0.974762,0.869921,0.872044
2022-02-10,1.053893,1.036526,1.003453,0.895527,0.908024
2022-02-11,1.032660,1.021407,0.983236,0.883403,0.892384
2022-02-14,1.001171,0.994559,0.962773,0.860820,0.884313
2022-02-15,0.982908,0.985908,0.946285,0.845116,0.864700
2022-02-16,0.982536,1.008899,0.945927,0.844797,0.860922
2022-02-17,0.981673,0.982734,0.945096,0.844055,0.843621
2022-02-18,0.983239,1.027967,0.946605,0.835704,0.852109
2022-02-21,0.975731,1.051575,0.939377,0.851189,0.874158
2022-02-22,0.957291,1.014865,0.921624,0.808393,0.880430
2022-02-23,0.956303,1.005679,0.920269,0.751734,0.879410
2022-02-24,0.960568,1.025877,0.912443,0.707045,0.858503
2022-02-25,0.953342,1.002448,0.908839,0.689020,0.856934
2022-02-28,0.936514,0.974066,0.890275,0.666921,0.859245
2022-03-01,0.949406,0.977123,0.901296,0.670412,0.867927
2022-03-02,0.957541,0.998296,0.909398,0.676193,0.879780
2022-03-03,0.969062,1.026012,0.927919,0.681412,0.879258
2022-03-04,0.935711,0.994519,0.897143,0.655040,0.859727
2022-03-07,0.928643,0.991571,0.891672,0.646488,0.858340
2022-03-08,0.911339,0.958226,0.879401,0.638673,0.837140
2022-03-09,0.913519,0.958484,0.881001,0.627553,0.839900
2022-03-10,0.922124,0.956737,0.899605,0.635081,0.851139
2022-03-11,0.935930,0.952301,0.908246,0.642986,0.846478
2022-03-14,0.912981,0.925790,0.894057,0.625162,0.837678
2022-03-15,0.867433,0.881477,0.847911,0.591908,0.829225
2022-03-16,0.884145,0.887328,0.862731,0.592717,0.857271
2022-03-17,0.885704,0.885850,0.872750,0.592717,0.869607
2022-03-18,0.904445,0.901401,0.893650,0.592717,0.877661
2022-03-21,0.912733,0.904128,0.912190,0.611871,0.900438
2022-03-22,0.926484,0.928549,0.930517,0.637520,0.876833
2022-03-23,0.909042,0.900909,0.907907,0.618831,0.858421
2022-03-24,0.908622,0.893938,0.906671,0.616405,0.851173
2022-03-25,0.903374,0.880461,0.893148,0.607113,0.843233
2022-03-28,0.889148,0.875027,0.888726,0.603365,0.836349
2022-03-29,0.867810,0.855884,0.891152,0.590165,0.839763
2022-03-30,0.867729,0.851429,0.917675,0.587094,0.845571
2022-03-31,0.955226,0.937283,0.918137,0.646293,0.841471
2022-04-01,0.943158,0.947824,0.865126,0.638128,0.834936
2022-04-06,0.952209,0.965230,0.884494,0.655997,0.848048
2022-04-07,0.909969,0.921941,0.845258,0.627832,0.824195
2022-04-08,0.904058,0.933410,0.839767,0.622823,0.818666
2022-04-11,0.875583,0.894686,0.813317,0.602606,0.797763
2022-04-12,0.889282,0.911612,0.826042,0.609494,0.799657
2022-04-13,0.839189,0.877074,0.779511,0.572046,0.770355
2022-04-14,0.843784,0.854458,0.783779,0.571474,0.778911
2022-04-15,0.843784,0.767223,0.783779,0.571474,0.756904
2022-04-18,0.843784,0.697882,0.786795,0.571474,0.750326
2022-04-19,0.843784,0.689827,0.776692,0.571474,0.747456
2022-04-20,0.843784,0.730447,0.769608,0.571474,0.744406
2022-04-21,0.820313,0.744363,0.769608,0.555578,0.716417
2022-04-22,0.799817,0.749730,0.764110,0.541697,0.695087
2022-04-25,0.775707,0.682523,0.687138,0.507165,0.657837
2022-04-26,0.717215,0.655332,0.689285,0.482405,0.645545
2022-04-27,0.689112,0.620610,0.681362,0.454679,0.622549
2022-04-28,0.676596,0.617426,0.673684,0.435582,0.600876
2022-04-29,0.676596,0.608414,0.673064,0.398976,0.609721
2022-05-05,0.676596,0.676263,0.748123,0.443469,0.653675
2022-05-06,0.676596,0.668063,0.755746,0.447988,0.649440
2022-05-09,0.674907,0.696960,0.839601,0.497695,0.675540
2022-05-10,0.707058,0.751773,0.911456,0.552268,0.699102
2022-05-11,0.708932,0.793698,0.962287,0.585129,0.690137
2022-05-12,0.722451,0.812078,0.984571,0.598679,0.697512
2022-05-13,0.714856,0.783130,0.949474,0.577338,0.682023
2022-05-16,0.708780,0.822188,0.996828,0.606132,0.679002
2022-05-17,0.715413,0.781954,0.948048,0.576471,0.677038
2022-05-18,0.708172,0.735686,0.891953,0.542362,0.681670
2022-05-19,0.707818,0.695279,0.842963,0.512573,0.679187
2022-05-20,0.725489,0.687483,0.833511,0.506825,0.683810
2022-05-23,0.710805,0.673569,0.816641,0.496567,0.691486
2022-05-24,0.713789,0.676396,0.820069,0.498652,0.665890
2022-05-25,0.713789,0.676396,0.820069,0.498652,0.673739
2022-05-26,0.713789,0.676396,0.820069,0.498652,0.671397
2022-05-27,0.713789,0.676396,0.820069,0.498652,0.670591
2022-05-30,0.713789,0.676396,0.820069,0.498652,0.673890
2022-05-31,0.713789,0.676396,0.820069,0.498652,0.678356
2022-06-01,0.713789,0.677243,0.820069,0.498652,0.681697
2022-06-02,0.713789,0.706596,0.820069,0.498652,0.686942
2022-06-06,0.713789,0.700000,0.820069,0.483853,0.693007
2022-06-07,0.712543,0.695164,0.820069,0.477051,0.688340
2022-06-08,0.706070,0.678286,0.796128,0.475462,0.689061
2022-06-09,0.694885,0.665440,0.776376,0.469929,0.674658
2022-06-10,0.718394,0.678833,0.793604,0.482807,0.686137
2022-06-13,0.717147,0.677284,0.786058,0.480444,0.694457
2022-06-14,0.732528,0.691052,0.791395,0.492164,0.702673
2022-06-15,0.722689,0.680005,0.786521,0.481860,0.691422
2022-06-16,0.722705,0.673776,0.786609,0.480117,0.691835
2022-06-17,0.726049,0.672084,0.784746,0.477726,0.700073
2022-06-20,0.726043,0.673734,0.785010,0.476068,0.699924
2022-06-21,0.720521,0.665774,0.790079,0.471446,0.686390
2022-06-22,0.710931,0.660640,0.777526,0.465546,0.683124
2022-06-23,0.726337,0.673346,0.787764,0.474033,0.700090
2022-06-24,0.727422,0.680503,0.785792,0.472809,0.707691
2022-06-27,0.732261,0.688642,0.790821,0.475353,0.715969
2022-06-28,0.737319,0.690714,0.793905,0.475770,0.724467
2022-06-29,0.716997,0.673790,0.770327,0.461566,0.693806
2022-06-30,0.717546,0.672726,0.770003,0.461343,0.695869
2022-07-01,0.717824,0.667149,0.769164,0.459228,0.696210
2022-07-04,0.724050,0.667639,0.772349,0.462478,0.700318
2022-07-05,0.718168,0.661033,0.761707,0.457713,0.691784
2022-07-06,0.712393,0.656276,0.754816,0.454685,0.686184
2022-07-07,0.711827,0.656816,0.752850,0.453701,0.689783
2022-07-08,0.711048,0.654862,0.751750,0.451606,0.682348
2022-07-11,0.715705,0.660156,0.757489,0.454866,0.673326
2022-07-12,0.703505,0.646106,0.746313,0.447444,0.660615
2022-07-13,0.704362,0.651785,0.749064,0.447340,0.665898
2022-07-14,0.701447,0.638161,0.740918,0.448513,0.671199
2022-07-15,0.691619,0.629395,0.729531,0.439192,0.664026
2022-07-18,0.704027,0.643921,0.746341,0.447407,0.678774
2022-07-19,0.706313,0.647189,0.754249,0.447246,0.678424
2022-07-20,0.715694,0.653267,0.755417,0.445627,0.688301
2022-07-21,0.704165,0.651735,0.743297,0.436812,0.685402
2022-07-22,0.708728,0.653306,0.743803,0.443159,0.690318
2022-07-25,0.701593,0.647986,0.740951,0.440092,0.678290
2022-07-26,0.712190,0.654628,0.748901,0.439886,0.684888
2022-07-27,0.723363,0.664983,0.755374,0.443471,0.695360
2022-07-28,0.731717,0.673057,0.758973,0.449668,0.704735
2022-07-29,0.720430,0.670629,0.745265,0.445420,0.701686
2022-08-01,0.718842,0.672144,0.742009,0.443346,0.705589
2022-08-02,0.698151,0.660264,0.713509,0.434877,0.680340
2022-08-03,0.700288,0.656378,0.716922,0.432702,0.670839
2022-08-04,0.714523,0.652565,0.733896,0.423969,0.673570
2022-08-05,0.714940,0.649443,0.726198,0.420722,0.671200
2022-08-08,0.726832,0.661738,0.737849,0.432922,0.687608
2022-08-09,0.726882,0.666018,0.736117,0.436430,0.694307
2022-08-10,0.734865,0.670985,0.738138,0.442677,0.705914
2022-08-11,0.739660,0.678078,0.739547,0.446745,0.705895
2022-08-12,0.730771,0.670150,0.732394,0.443757,0.695174
2022-08-15,0.727820,0.667617,0.733972,0.444423,0.704412
2022-08-16,0.729375,0.670218,0.739098,0.445876,0.709020
2022-08-17,0.726874,0.663737,0.737000,0.438916,0.707127
2022-08-18,0.728835,0.664303,0.741009,0.441633,0.710249
2022-08-19,0.719701,0.657113,0.731510,0.433433,0.696855
2022-08-22,0.714190,0.657438,0.725278,0.431185,0.693705
2022-08-23,0.717809,0.659094,0.731796,0.435408,0.702585
2022-08-24,0.694558,0.645360,0.709953,0.424453,0.678855
2022-08-25,0.686182,0.641619,0.697087,0.419811,0.673191
2022-08-26,0.673478,0.627226,0.689029,0.411235,0.665753
2022-08-29,0.679239,0.627349,0.686224,0.409820,0.668674
2022-08-30,0.682427,0.624972,0.685636,0.413018,0.660325
2022-08-31,0.672261,0.624921,0.679779,0.408091,0.648801
2022-09-01,0.675840,0.627124,0.676537,0.413650,0.644704
2022-09-02,0.664928,0.623247,0.675210,0.401857,0.641618
2022-09-05,0.683330,0.627758,0.687432,0.406357,0.647354
2022-09-06,0.677491,0.626603,0.685173,0.408122,0.646820
2022-09-07,0.675847,0.620467,0.677772,0.407533,0.639538
2022-09-08,0.661445,0.608923,0.674220,0.397250,0.632517
2022-09-09,0.657940,0.606968,0.674698,0.390772,0.619140
2022-09-13,0.653328,0.605152,0.680013,0.385884,0.614218
2022-09-14,0.652874,0.606944,0.682198,0.389172,0.608937
2022-09-15,0.662905,0.620005,0.682020,0.399603,0.606849
2022-09-16,0.622351,0.600631,0.654676,0.381290,0.590341
2022-09-19,0.608145,0.590654,0.641552,0.374490,0.585192
2022-09-20,0.613521,0.604469,0.653195,0.375218,0.595001
2022-09-21,0.606617,0.605536,0.660863,0.376922,0.598274
2022-09-22,0.597073,0.591931,0.655348,0.367686,0.597403
2022-09-23,0.579060,0.576704,0.636344,0.354818,0.581267
2022-09-26,0.576679,0.567659,0.623251,0.351222,0.575292
2022-09-27,0.589182,0.572773,0.635388,0.353504,0.582579
2022-09-28,0.597571,0.571912,0.651126,0.350835,0.578511
2022-09-29,0.603609,0.557943,0.658577,0.343741,0.565796
2022-09-30,0.595566,0.519795,0.629050,0.326176,0.552711
2022-10-10,0.578371,0.518760,0.607123,0.328334,0.546569
2022-10-11,0.542941,0.518760,0.585703,0.328334,0.551676
2022-10-12,0.503680,0.518760,0.543351,0.328334,0.559592
2022-10-13,0.492649,0.518760,0.531450,0.328334,0.570961
2022-10-14,0.492649,0.518760,0.531450,0.328334,0.580124
2022-10-17,0.492649,0.541959,0.531450,0.328334,0.598489
2022-10-18,0.492649,0.544873,0.531450,0.328334,0.593967
2022-10-19,0.492649,0.541532,0.531450,0.328334,0.585011
2022-10-20,0.540541,0.551206,0.531450,0.328334,0.577962
2022-10-21,0.539562,0.545663,0.532150,0.329048,0.578508
2022-10-24,0.521622,0.527520,0.514471,0.316404,0.571985
2022-10-25,0.496065,0.505184,0.492989,0.302022,0.562803
2022-10-26,0.510103,0.516753,0.510564,0.305392,0.575257
2022-10-27,0.486719,0.505708,0.495615,0.269148,0.569544
2022-10-28,0.497941,0.500914,0.495615,0.269148,0.551746
2022-10-31,0.496903,0.503208,0.484901,0.273897,0.559660
2022-11-01,0.508085,0.511321,0.502329,0.277762,0.566725
2022-11-02,0.508512,0.511418,0.504451,0.278172,0.568271
2022-11-03,0.508166,0.511584,0.498755,0.279440,0.565464
2022-11-04,0.508361,0.517305,0.500496,0.280008,0.570296
2022-11-07,0.516083,0.520557,0.497616,0.281271,0.573688
2022-11-08,0.520940,0.524001,0.494826,0.282689,0.576698
2022-11-09,0.525532,0.524847,0.497498,0.285135,0.578409
2022-11-10,0.525225,0.529122,0.497863,0.283644,0.580930
2022-11-11,0.525471,0.522129,0.497606,0.281187,0.575741
2022-11-14,0.531045,0.521655,0.503467,0.286238,0.577632
2022-11-15,0.534489,0.528953,0.508835,0.288361,0.582061
2022-11-16,0.535326,0.527802,0.509676,0.288895,0.579998
2022-11-17,0.538946,0.533067,0.512874,0.290283,0.588067
2022-11-18,0.531244,0.523559,0.505953,0.285192,0.586589
2022-11-21,0.530599,0.520675,0.505028,0.286595,0.588963
2022-11-22,0.526946,0.512255,0.501263,0.284787,0.576129
2022-11-23,0.521526,0.503878,0.492680,0.279345,0.565172
2022-11-24,0.523257,0.502825,0.496583,0.276855,0.565553
2022-11-25,0.515927,0.500362,0.489081,0.272770,0.555757
2022-11-28,0.512380,0.501103,0.484751,0.270677,0.552775
2022-11-29,0.518175,0.511937,0.490877,0.273591,0.560291
2022-11-30,0.518453,0.512049,0.490015,0.273876,0.561499
2022-12-01,0.522535,0.512679,0.491360,0.275322,0.561191
2022-12-02,0.526385,0.512110,0.495468,0.277483,0.562257
2022-12-05,0.537149,0.521762,0.505151,0.285093,0.569851
2022-12-06,0.531471,0.518440,0.495324,0.281206,0.561173
2022-12-07,0.533851,0.522501,0.493271,0.281708,0.558586
2022-12-08,0.530294,0.515929,0.493324,0.279813,0.559642
2022-12-09,0.531020,0.516025,0.495494,0.280443,0.561749
2022-12-12,0.526351,0.511391,0.490536,0.278928,0.558262
2022-12-13,0.530796,0.513520,0.494080,0.281441,0.559334
2022-12-14,0.536642,0.514602,0.498416,0.286332,0.554580
2022-12-15,0.525810,0.506823,0.489322,0.279758,0.548817
2022-12-16,0.522325,0.504344,0.485412,0.278316,0.549907
2022-12-19,0.509769,0.493017,0.474422,0.272349,0.537111
2022-12-20,0.495980,0.479949,0.463176,0.263413,0.527742
2022-12-21,0.500899,0.480500,0.467753,0.265761,0.530542
2022-12-22,0.486132,0.464859,0.457177,0.254289,0.531723
2022-12-23,0.480710,0.456641,0.448523,0.248418,0.518338
2022-12-26,0.474676,0.458488,0.451934,0.251089,0.518922
2022-12-27,0.477624,0.480501,0.455592,0.262120,0.518146
2022-12-28,0.463527,0.455621,0.439214,0.248547,0.510874
2022-12-29,0.456047,0.433525,0.432248,0.236494,0.504035
2022-12-30,0.462899,0.460531,0.440524,0.240925,0.513047
2023-01-03,0.469866,0.452395,0.447154,0.238239,0.523959
2023-01-04,0.474198,0.451670,0.451276,0.239488,0.522426
2023-01-05,0.464413,0.437338,0.439318,0.234546,0.509165
2023-01-06,0.458825,0.425128,0.436482,0.231724,0.499610
2023-01-09,0.458265,0.424833,0.438768,0.231441,0.498039
2023-01-10,0.451209,0.421793,0.438438,0.227878,0.500578
2023-01-11,0.451381,0.414825,0.430767,0.227964,0.498759
2023-01-12,0.455769,0.411532,0.430337,0.227563,0.497135
2023-01-13,0.452214,0.409479,0.431724,0.225385,0.492190
2023-01-16,0.457424,0.410576,0.438814,0.226347,0.491759
2023-01-17,0.457702,0.413863,0.439925,0.224253,0.490993
2023-01-18,0.467917,0.414887,0.451048,0.230240,0.489515
2023-01-19,0.461134,0.411896,0.443557,0.226688,0.483480
2023-01-20,0.461999,0.411597,0.446397,0.226393,0.484019
2023-01-30,0.472401,0.420524,0.455849,0.230246,0.492301
2023-01-31,0.475517,0.421057,0.459439,0.231313,0.495366
2023-02-01,0.485265,0.429698,0.467084,0.235538,0.504685
2023-02-02,0.482874,0.429921,0.464219,0.234397,0.501022
2023-02-03,0.482737,0.431495,0.464302,0.234172,0.501634
2023-02-06,0.482352,0.430779,0.464083,0.234084,0.500151
2023-02-07,0.487643,0.435014,0.469805,0.236521,0.503289
2023-02-08,0.483808,0.431071,0.465673,0.234002,0.499584
2023-02-09,0.490027,0.435711,0.469866,0.237241,0.503913
2023-02-10,0.489876,0.435086,0.470196,0.237262,0.499822
2023-02-13,0.492879,0.438990,0.473187,0.238547,0.503156
2023-02-14,0.493337,0.439699,0.471511,0.238346,0.502102
2023-02-15,0.499386,0.444808,0.476520,0.240391,0.507724
2023-02-16,0.485577,0.433073,0.463666,0.233650,0.493945
2023-02-17,0.483704,0.429362,0.461794,0.232113,0.488457
2023-02-20,0.489159,0.434578,0.468739,0.235112,0.492648
2023-02-21,0.486598,0.434035,0.467476,0.233837,0.490022
2023-02-22,0.484108,0.432571,0.466198,0.232889,0.488853
2023-02-23,0.478423,0.426108,0.457901,0.229912,0.482994
2023-02-24,0.474840,0.422618,0.456060,0.228069,0.484442
2023-02-27,0.472023,0.417367,0.452478,0.225763,0.480907
2023-02-28,0.473499,0.418091,0.456510,0.226382,0.483572
2023-03-01,0.476278,0.421621,0.457478,0.227651,0.488385
2023-03-02,0.471784,0.418303,0.453414,0.225585,0.485760
2023-03-03,0.472474,0.417488,0.453567,0.228099,0.483741
2023-03-06,0.470581,0.414133,0.451836,0.225513,0.478585
2023-03-07,0.461912,0.405567,0.443636,0.222041,0.470834
2023-03-08,0.464653,0.409007,0.448206,0.222132,0.473843
2023-03-09,0.466544,0.410496,0.448178,0.222047,0.474231
2023-03-10,0.456788,0.402434,0.439505,0.216914,0.467852
2023-03-13,0.459063,0.404485,0.441097,0.217019,0.471624
2023-03-14,0.457935,0.398906,0.435678,0.214789,0.469391
2023-03-15,0.462837,0.402574,0.439707,0.216836,0.471094
2023-03-16,0.452123,0.392911,0.430466,0.212537,0.467000
2023-03-17,0.455869,0.396986,0.435181,0.213138,0.473104
2023-03-20,0.451374,0.392244,0.426959,0.212677,0.467180
2023-03-21,0.449350,0.391082,0.425783,0.213254,0.467456
2023-03-22,0.457996,0.397224,0.431504,0.217109,0.474581
2023-03-23,0.467196,0.405499,0.436828,0.220050,0.477232
2023-03-24,0.466332,0.407673,0.436114,0.219446,0.481164
2023-03-27,0.477602,0.417765,0.444428,0.226118,0.486447
2023-03-28,0.469490,0.404182,0.439751,0.221390,0.474964
2023-03-29,0.466742,0.397542,0.435314,0.216554,0.470570
2023-03-30,0.458509,0.388366,0.427507,0.211868,0.464298
2023-03-31,0.467881,0.396441,0.433186,0.219246,0.477692
2023-04-03,0.494244,0.415166,0.453847,0.234152,0.506654
2023-04-04,0.491784,0.411666,0.453493,0.232773,0.503376
2023-04-06,0.497648,0.414833,0.449252,0.232370,0.505086
2023-04-07,0.509336,0.419795,0.457340,0.235685,0.512275
2023-04-10,0.499861,0.413445,0.443518,0.231253,0.496984
2023-04-11,0.501202,0.416224,0.441534,0.232160,0.508444
2023-04-12,0.506744,0.415934,0.441522,0.233879,0.518698
2023-04-13,0.500098,0.410885,0.437034,0.230860,0.505818
2023-04-14,0.497080,0.407800,0.433349,0.228739,0.504319
2023-04-17,0.484567,0.399030,0.421774,0.223543,0.496099
2023-04-18,0.491405,0.403029,0.424926,0.227359,0.496656
2023-04-19,0.491982,0.402949,0.421275,0.228733,0.499328
2023-04-20,0.492365,0.402454,0.420004,0.231779,0.509410
2023-04-21,0.475611,0.389206,0.406334,0.225126,0.495940
2023-04-24,0.474736,0.389008,0.402883,0.225531,0.501957
2023-04-25,0.474141,0.388050,0.402553,0.226640,0.496663
2023-04-26,0.474227,0.398868,0.398232,0.226344,0.492872
2023-04-27,0.457455,0.398575,0.396304,0.226513,0.478708
2023-04-28,0.467200,0.400290,0.409905,0.224672,0.493933
2023-05-04,0.482324,0.406929,0.421672,0.230948,0.509968
2023-05-05,0.476614,0.403253,0.418465,0.229835,0.502331
2023-05-08,0.470311,0.403492,0.414563,0.227949,0.501341
2023-05-09,0.474011,0.401637,0.413117,0.232483,0.486351
2023-05-10,0.469175,0.396323,0.410739,0.226946,0.483957
2023-05-11,0.467148,0.392737,0.408384,0.221329,0.482046
2023-05-12,0.466209,0.390521,0.406005,0.218437,0.476331
2023-05-15,0.466035,0.391820,0.407217,0.217279,0.476366
2023-05-16,0.461526,0.389706,0.404301,0.213569,0.463346
2023-05-17,0.461043,0.392382,0.405002,0.212941,0.462960
2023-05-18,0.455926,0.392776,0.402219,0.210567,0.461686
2023-05-19,0.450537,0.400218,0.394905,0.208464,0.457610
2023-05-22,0.456295,0.409091,0.396887,0.211014,0.460069
2023-05-23,0.462266,0.406731,0.397373,0.208788,0.455492
2023-05-24,0.469974,0.411659,0.405240,0.209122,0.465935
2023-05-25,0.470920,0.414806,0.410218,0.211335,0.466237
2023-05-26,0.465317,0.406500,0.407020,0.208992,0.459039
2023-05-29,0.469096,0.411833,0.414661,0.209696,0.458933
2023-05-30,0.470298,0.410928,0.415802,0.207878,0.460061
2023-05-31,0.457859,0.396953,0.411417,0.202921,0.451209
2023-06-01,0.456669,0.391998,0.414779,0.202383,0.446942
2023-06-02,0.449543,0.386347,0.408805,0.198545,0.444098
2023-06-05,0.453737,0.388718,0.416001,0.201335,0.448233
2023-06-06,0.444744,0.380852,0.405163,0.195106,0.439359
2023-06-07,0.450062,0.384178,0.407060,0.199165,0.448629
2023-06-08,0.454338,0.384916,0.405830,0.197614,0.448780
2023-06-09,0.456607,0.385806,0.409842,0.197465,0.455838
2023-06-12,0.458970,0.388279,0.412970,0.197135,0.459283
2023-06-13,0.456894,0.386332,0.411846,0.195929,0.460881
2023-06-14,0.453403,0.388110,0.408527,0.195251,0.457979
2023-06-15,0.446955,0.382010,0.402722,0.190800,0.454609
2023-06-16,0.444416,0.375770,0.399869,0.188848,0.457317
2023-06-19,0.442950,0.371926,0.397634,0.186739,0.461941
2023-06-20,0.439822,0.370068,0.394282,0.184671,0.457129
2023-06-21,0.435030,0.367068,0.391422,0.185249,0.446797
2023-06-26,0.430215,0.361764,0.383391,0.184320,0.434121
2023-06-27,0.429512,0.362543,0.384401,0.185742,0.433584
2023-06-28,0.427567,0.362103,0.380707,0.187180,0.427466
2023-06-29,0.436085,0.366232,0.390306,0.190370,0.431349
2023-06-30,0.438823,0.368580,0.392290,0.192468,0.435490
2023-07-03,0.439079,0.368493,0.394152,0.192645,0.434487
2023-07-04,0.443020,0.370489,0.400228,0.195161,0.439011
2023-07-05,0.442747,0.369322,0.398354,0.193911,0.433318
2023-07-06,0.444885,0.371938,0.401887,0.195125,0.436229
2023-07-07,0.440028,0.366898,0.395915,0.192154,0.431546
2023-07-10,0.439864,0.366730,0.396277,0.191655,0.430890
2023-07-11,0.448078,0.372090,0.404172,0.195111,0.435098
2023-07-12,0.449071,0.374835,0.403972,0.195147,0.433538
2023-07-13,0.450009,0.370986,0.403987,0.195856,0.429316
2023-07-14,0.443770,0.365398,0.397754,0.191584,0.426077
2023-07-17,0.441074,0.362656,0.394768,0.189987,0.424260
2023-07-18,0.439359,0.363246,0.394421,0.189572,0.425441
2023-07-19,0.440206,0.365025,0.394420,0.191345,0.426697
2023-07-20,0.430492,0.357351,0.386377,0.186813,0.419632
2023-07-21,0.427409,0.355778,0.382158,0.186184,0.413322
2023-07-24,0.425883,0.351947,0.379898,0.183009,0.411493
2023-07-25,0.426144,0.355800,0.381377,0.183322,0.412597
2023-07-26,0.431142,0.361338,0.387176,0.184579,0.414561
2023-07-27,0.420551,0.357742,0.377503,0.180482,0.404160
2023-07-28,0.429851,0.362307,0.384748,0.183373,0.410783
2023-07-31,0.441739,0.372376,0.392346,0.187291,0.423553
2023-08-01,0.439293,0.370885,0.391211,0.186272,0.418171
2023-08-02,0.439006,0.368768,0.388837,0.185547,0.416834
2023-08-03,0.442978,0.369645,0.389623,0.186105,0.422770
2023-08-04,0.441254,0.371285,0.388631,0.186562,0.420545
2023-08-07,0.437442,0.370055,0.384320,0.186706,0.415173
2023-08-08,0.431816,0.363812,0.381581,0.182914,0.410375
2023-08-09,0.425249,0.359435,0.376532,0.179717,0.405222
2023-08-10,0.425651,0.361276,0.377718,0.180890,0.407414
2023-08-11,0.412721,0.352913,0.366182,0.174449,0.394530
2023-08-14,0.408851,0.347740,0.365380,0.171982,0.390192
2023-08-15,0.414523,0.356306,0.372750,0.174834,0.392161
2023-08-16,0.410427,0.350202,0.369463,0.172453,0.390029
2023-08-17,0.406860,0.350047,0.364645,0.172541,0.385220
2023-08-18,0.397075,0.339434,0.355940,0.167788,0.374192
2023-08-21,0.395770,0.335726,0.354851,0.166228,0.373198
2023-08-22,0.393562,0.329888,0.351670,0.162578,0.374794
2023-08-23,0.381453,0.320671,0.348256,0.160419,0.362109
2023-08-24,0.364797,0.309907,0.335413,0.154799,0.350657
2023-08-25,0.345994,0.303083,0.316822,0.149636,0.336327
2023-08-28,0.360319,0.317380,0.334302,0.156808,0.339428
2023-08-29,0.360319,0.298062,0.333195,0.161549,0.345024
2023-08-30,0.360319,0.297036,0.317003,0.146241,0.342812
2023-08-31,0.360319,0.282328,0.308613,0.143434,0.340086
2023-09-01,0.360319,0.267820,0.297668,0.129571,0.328272
2023-09-04,0.359959,0.265080,0.297096,0.134014,0.327661
2023-09-05,0.353829,0.265228,0.299672,0.140946,0.316100
2023-09-06,0.346011,0.257491,0.288974,0.137824,0.312591
2023-09-07,0.341822,0.253492,0.288176,0.140525,0.309020
2023-09-08,0.334795,0.253977,0.277401,0.134679,0.302002
2023-09-11,0.338962,0.247385,0.276324,0.131480,0.302950
2023-09-12,0.340635,0.248113,0.280474,0.134177,0.304623
2023-09-13,0.345597,0.250332,0.285502,0.139240,0.303859
2023-09-14,0.351030,0.252775,0.291560,0.143374,0.304142
2023-09-15,0.354673,0.256179,0.291993,0.148223,0.304925
2023-09-18,0.353602,0.251768,0.292229,0.146834,0.302787
2023-09-19,0.342315,0.245077,0.287069,0.139602,0.299285
2023-09-20,0.333898,0.238783,0.277329,0.134911,0.296349
2023-09-21,0.332774,0.235937,0.276400,0.132599,0.295195
2023-09-22,0.336351,0.238598,0.278835,0.133304,0.294568
2023-09-25,0.339041,0.241097,0.279324,0.134494,0.297438
2023-09-26,0.324303,0.234771,0.267568,0.128830,0.294273
2023-09-27,0.320991,0.235879,0.265022,0.127348,0.292753
2023-09-28,0.315432,0.237656,0.260433,0.124529,0.294512
2023-10-09,0.302171,0.235357,0.245751,0.117217,0.300949
2023-10-10,0.295224,0.225904,0.240465,0.114522,0.303976
2023-10-11,0.298003,0.223879,0.244823,0.113643,0.298165
2023-10-12,0.302318,0.227886,0.248365,0.113980,0.301020
2023-10-13,0.307495,0.233871,0.252011,0.116429,0.307107
2023-10-16,0.313285,0.237511,0.254846,0.119546,0.305832
2023-10-17,0.309430,0.231596,0.252318,0.117659,0.302075
2023-10-18,0.311723,0.236059,0.255052,0.118075,0.301925
2023-10-19,0.302031,0.228829,0.246072,0.113631,0.293045
2023-10-20,0.301355,0.226020,0.246630,0.112169,0.288315
2023-10-23,0.302498,0.227886,0.247552,0.111970,0.288177
2023-10-24,0.304332,0.229845,0.249666,0.112994,0.289760
2023-10-25,0.306584,0.232408,0.253327,0.114926,0.294784
2023-10-26,0.308491,0.232784,0.254118,0.115429,0.296837
2023-10-27,0.309833,0.232000,0.256385,0.115041,0.296629
2023-10-30,0.312817,0.231907,0.258344,0.114985,0.298599
2023-10-31,0.309339,0.229439,0.254777,0.113712,0.297786
2023-11-01,0.309962,0.229836,0.255556,0.113735,0.298828
2023-11-02,0.304675,0.225038,0.251657,0.111353,0.295030
2023-11-03,0.306382,0.225798,0.252338,0.111929,0.299071
2023-11-06,0.312357,0.229078,0.257561,0.114197,0.309823
2023-11-07,0.315435,0.230527,0.259138,0.115040,0.315508
2023-11-08,0.311239,0.226958,0.254997,0.113113,0.318328
2023-11-09,0.304278,0.221000,0.248900,0.110082,0.305983
2023-11-10,0.301802,0.222069,0.246829,0.109308,0.303402
2023-11-13,0.303797,0.219926,0.247817,0.108544,0.304732
2023-11-14,0.305122,0.221129,0.249789,0.108401,0.308552
2023-11-15,0.304105,0.222380,0.248719,0.108684,0.307817
2023-11-16,0.301862,0.220811,0.246817,0.108038,0.307577
2023-11-17,0.303604,0.222967,0.247981,0.108994,0.308272
2023-11-20,0.304669,0.224784,0.249297,0.109892,0.310653
2023-11-21,0.302203,0.221839,0.246986,0.108119,0.308029
2023-11-22,0.298006,0.219852,0.243933,0.106823,0.305431
2023-11-23,0.298001,0.218414,0.243498,0.105882,0.304613
2023-11-24,0.295524,0.217176,0.242898,0.104866,0.300393
2023-11-27,0.295004,0.215056,0.241935,0.104333,0.296888
2023-11-28,0.298156,0.216553,0.244477,0.104722,0.298967
2023-11-29,0.296068,0.213412,0.242803,0.104092,0.295203
2023-11-30,0.295538,0.212716,0.243463,0.104665,0.294372
2023-12-01,0.294214,0.210769,0.242562,0.103810,0.294497
2023-12-04,0.296855,0.211943,0.245663,0.105147,0.295928
2023-12-05,0.294620,0.213360,0.245801,0.105939,0.295509
2023-12-06,0.294353,0.214633,0.246799,0.105711,0.293063
2023-12-07,0.292961,0.214874,0.241769,0.104952,0.289453
2023-12-08,0.288930,0.209958,0.238478,0.102132,0.285881
2023-12-11,0.292995,0.211677,0.240865,0.102562,0.288483
2023-12-12,0.296730,0.214739,0.245960,0.104475,0.291556
2023-12-13,0.292372,0.212734,0.242432,0.103246,0.290685
2023-12-14,0.294392,0.211347,0.243655,0.102924,0.289487
2023-12-15,0.292569,0.208443,0.239584,0.102112,0.287787
2023-12-18,0.286036,0.205021,0.234213,0.100131,0.283827
2023-12-19,0.283954,0.201103,0.232214,0.099538,0.281327
2023-12-20,0.279392,0.197738,0.227901,0.098239,0.277239
2023-12-21,0.277456,0.197188,0.226125,0.096830,0.276009
2023-12-22,0.276477,0.194669,0.223450,0.096233,0.267953
2023-12-25,0.271944,0.191199,0.217445,0.095267,0.265597
2023-12-26,0.268285,0.190830,0.217763,0.094555,0.265139
2023-12-27,0.267346,0.188619,0.217270,0.093405,0.259728
2023-12-28,0.273009,0.192337,0.220952,0.092615,0.261073
2023-12-29,0.270638,0.192945,0.215747,0.091969,0.262629
2024-01-02,0.269472,0.193594,0.216295,0.092369,0.259062
2024-01-03,0.267812,0.190973,0.216358,0.090837,0.256595
2024-01-04,0.264190,0.187046,0.217359,0.089063,0.253541
2024-01-05,0.258773,0.182319,0.212841,0.086331,0.247664
2024-01-08,0.251222,0.177208,0.207861,0.084297,0.245204
2024-01-09,0.250271,0.174066,0.208366,0.083449,0.242653
2024-01-10,0.247913,0.174331,0.206984,0.083304,0.239040
2024-01-11,0.253826,0.175012,0.211791,0.084598,0.242511
2024-01-12,0.250104,0.171371,0.208411,0.081781,0.238732
2024-01-15,0.251272,0.171091,0.209156,0.082060,0.237580
2024-01-16,0.248709,0.170674,0.208103,0.080413,0.236529
2024-01-17,0.242845,0.164253,0.200854,0.077902,0.231317
2024-01-18,0.242346,0.162830,0.200052,0.076549,0.232006
2024-01-19,0.239882,0.158372,0.197685,0.075285,0.225376
2024-01-22,0.228112,0.150681,0.186894,0.070859,0.216227
2024-01-23,0.218611,0.148369,0.183137,0.069259,0.209370
2024-01-24,0.219172,0.145896,0.185025,0.068900,0.210572
2024-01-25,0.226590,0.145912,0.185983,0.071428,0.214915
2024-01-26,0.215475,0.139996,0.183272,0.068987,0.211207
2024-01-29,0.221686,0.139448,0.180898,0.069467,0.206845
2024-01-30,0.226209,0.138478,0.180234,0.069836,0.197861
2024-01-31,0.216336,0.135085,0.172367,0.065727,0.192075
2024-02-01,0.201605,0.129574,0.160630,0.059395,0.184813
2024-02-02,0.193493,0.124313,0.152067,0.054279,0.176442
2024-02-05,0.190955,0.122683,0.151699,0.054279,0.168849
2024-02-06,0.183124,0.117651,0.164109,0.054279,0.160684
2024-02-07,0.183124,0.117651,0.177245,0.054279,0.151549
2024-02-08,0.183124,0.117651,0.178565,0.054279,0.150592
2024-02-19,0.183124,0.117651,0.178037,0.054279,0.157076
2024-02-20,0.183124,0.117651,0.175463,0.054279,0.152778
2024-02-21,0.183124,0.117651,0.178235,0.054279,0.154666
2024-02-22,0.183124,0.117651,0.181337,0.054279,0.155180
2024-02-23,0.183124,0.117140,0.180347,0.054279,0.155056
2024-02-26,0.183124,0.112941,0.177443,0.054279,0.155804
2024-02-27,0.183154,0.112547,0.181649,0.054279,0.161159
2024-02-28,0.182941,0.112416,0.183157,0.054279,0.153931
2024-02-29,0.185076,0.113728,0.189659,0.054279,0.158957
2024-03-01,0.182941,0.112416,0.186191,0.054279,0.160823
2024-03-04,0.179524,0.111920,0.186749,0.054279,0.163626
2024-03-05,0.178704,0.111406,0.189402,0.054279,0.162822
2024-03-06,0.178704,0.111464,0.189099,0.054279,0.164636
2024-03-07,0.176001,0.109804,0.180815,0.053458,0.162092
2024-03-08,0.177423,0.110691,0.181992,0.053890,0.164882
2024-03-11,0.179763,0.112151,0.184121,0.054600,0.167586
2024-03-12,0.178111,0.111120,0.181744,0.054099,0.167319
2024-03-13,0.176276,0.109976,0.180446,0.053542,0.167389
2024-03-14,0.175550,0.109522,0.179702,0.053321,0.165765
2024-03-15,0.175550,0.109522,0.179702,0.053321,0.167368
2024-03-18,0.175550,0.109522,0.179702,0.053321,0.172254
2024-03-19,0.175550,0.109522,0.179702,0.053321,0.171366
2024-03-20,0.175550,0.110407,0.179702,0.053321,0.173424
2024-03-21,0.175550,0.110271,0.179702,0.053321,0.174172
2024-03-22,0.168765,0.106649,0.179702,0.051393,0.171908
2024-03-25,0.164752,0.103146,0.176224,0.050769,0.168190
2024-03-26,0.164814,0.102547,0.176582,0.050943,0.167654
2024-03-27,0.159507,0.098800,0.170880,0.049801,0.163203
2024-03-28,0.159108,0.100104,0.174327,0.051302,0.166525
2024-03-29,0.157250,0.097392,0.175349,0.051566,0.166198
2024-04-01,0.158860,0.097522,0.176625,0.052730,0.168354
2024-04-02,0.161867,0.098163,0.177355,0.053454,0.167289
2024-04-03,0.159095,0.096435,0.174818,0.053656,0.162727
2024-04-08,0.155129,0.094654,0.171593,0.054310,0.159071
2024-04-09,0.158266,0.095788,0.176839,0.055124,0.160610
2024-04-10,0.154465,0.094197,0.171918,0.053342,0.156707
2024-04-11,0.154016,0.093691,0.171811,0.053063,0.156687
2024-04-12,0.155612,0.094848,0.173269,0.052991,0.156063
2024-04-15,0.149351,0.091884,0.166841,0.051567,0.149355
2024-04-16,0.144521,0.088696,0.161931,0.049639,0.141586
2024-04-17,0.147988,0.089935,0.169475,0.050504,0.142155
2024-04-18,0.146431,0.088663,0.166704,0.050337,0.141863
2024-04-19,0.146510,0.088495,0.167780,0.050455,0.143035
2024-04-22,0.141589,0.084854,0.160924,0.048406,0.138075
2024-04-23,0.140634,0.083846,0.159964,0.047051,0.136006
2024-04-24,0.141847,0.085040,0.159239,0.047938,0.138566
2024-04-25,0.143292,0.086291,0.162361,0.048306,0.138842
2024-04-26,0.143422,0.086624,0.163382,0.048400,0.139889
2024-04-29,0.145841,0.088259,0.167224,0.049222,0.143212
2024-04-30,0.148116,0.089753,0.167643,0.049989,0.141105
2024-05-06,0.154145,0.094000,0.176746,0.052242,0.145783
2024-05-07,0.153965,0.094342,0.178158,0.052228,0.147536
2024-05-08,0.151852,0.092941,0.174628,0.051512,0.145542
2024-05-09,0.151718,0.092943,0.174522,0.051513,0.146255
2024-05-10,0.151906,0.092432,0.173722,0.051395,0.145471
2024-05-13,0.151921,0.092508,0.173361,0.051641,0.145875
2024-05-14,0.153410,0.092811,0.175133,0.052309,0.145389
2024-05-15,0.151343,0.091129,0.172205,0.051329,0.144789
2024-05-16,0.150758,0.090788,0.171944,0.051328,0.144226
2024-05-17,0.154646,0.093130,0.176364,0.052838,0.145432
2024-05-20,0.155312,0.093531,0.177124,0.052903,0.146898
2024-05-21,0.153504,0.092442,0.175062,0.052312,0.146013
2024-05-22,0.151303,0.091116,0.172551,0.051810,0.145987
2024-05-23,0.150621,0.090706,0.171774,0.051347,0.142153
2024-05-24,0.152456,0.091811,0.173867,0.051853,0.140703
2024-05-27,0.144930,0.087279,0.165284,0.049293,0.139819
2024-05-28,0.147641,0.088911,0.167374,0.048952,0.137755
2024-05-29,0.145940,0.087887,0.166960,0.048831,0.136643
2024-05-30,0.140160,0.084406,0.160747,0.046897,0.131482
2024-05-31,0.140393,0.084546,0.159915,0.046975,0.131047
2024-06-03,0.140393,0.089620,0.155498,0.046975,0.127365
2024-06-04,0.140393,0.086836,0.154901,0.045864,0.127388
2024-06-05,0.141384,0.085330,0.155994,0.045239,0.124799
2024-06-06,0.133763,0.083863,0.145105,0.042800,0.124143
2024-06-07,0.130755,0.084490,0.142306,0.041838,0.123266
2024-06-11,0.131188,0.085569,0.153872,0.041976,0.125280
2024-06-12,0.131188,0.087785,0.160934,0.041976,0.128024
2024-06-13,0.131188,0.082953,0.172126,0.041976,0.128503
2024-06-14,0.136241,0.082880,0.170880,0.042557,0.130256
2024-06-17,0.141441,0.085157,0.178446,0.045204,0.133933
2024-06-18,0.143996,0.086871,0.180738,0.046485,0.135497
2024-06-19,0.143169,0.085876,0.182035,0.045237,0.133587
2024-06-20,0.142050,0.085205,0.182499,0.045058,0.131389
2024-06-21,0.137987,0.082767,0.174214,0.043769,0.128912
2024-06-24,0.133572,0.080120,0.170981,0.042369,0.126692
2024-06-25,0.131010,0.078656,0.169567,0.041556,0.124813
2024-06-26,0.130960,0.079272,0.168401,0.041540,0.129819
2024-06-27,0.130960,0.076667,0.159070,0.041540,0.129581
2024-06-28,0.130960,0.080571,0.166238,0.041540,0.132653
2024-07-01,0.130960,0.078928,0.156356,0.039082,0.133617
2024-07-02,0.130481,0.078665,0.152152,0.038952,0.135817
2024-07-03,0.131679,0.079122,0.157511,0.039178,0.132656
2024-07-04,0.132218,0.077000,0.157511,0.038420,0.130314
2024-07-05,0.132004,0.078216,0.158925,0.038912,0.127704
2024-07-08,0.128613,0.075509,0.154616,0.038361,0.126775
2024-07-09,0.125924,0.073930,0.151649,0.037258,0.129574
2024-07-10,0.125798,0.073194,0.148881,0.037221,0.131589
2024-07-11,0.125798,0.074887,0.152372,0.037221,0.132988
2024-07-12,0.125798,0.074321,0.152372,0.033310,0.129200
2024-07-15,0.125798,0.071232,0.143446,0.031157,0.129679
2024-07-16,0.127298,0.072247,0.139463,0.030415,0.131098
2024-07-17,0.128647,0.072749,0.132969,0.028055,0.127251
2024-07-18,0.131900,0.073911,0.129879,0.027847,0.126549
2024-07-19,0.133200,0.073083,0.133033,0.028004,0.125580
2024-07-22,0.131275,0.071834,0.133503,0.028606,0.125466
2024-07-23,0.132246,0.071218,0.135620,0.027581,0.126312
2024-07-24,0.130143,0.070474,0.133566,0.028084,0.121636
2024-07-25,0.125205,0.067186,0.129701,0.026495,0.122477
2024-07-26,0.126269,0.066441,0.128332,0.026791,0.122532
2024-07-29,0.126003,0.066080,0.128475,0.027653,0.125082
2024-07-30,0.124789,0.066601,0.128475,0.028329,0.125321
2024-07-31,0.127365,0.067351,0.129172,0.028355,0.126587
2024-08-01,0.132711,0.070792,0.134594,0.028973,0.128686
2024-08-02,0.128778,0.068256,0.128432,0.027906,0.126715
2024-08-05,0.125392,0.066010,0.123337,0.026842,0.123707
2024-08-06,0.127503,0.067994,0.124901,0.027429,0.124045
2024-08-07,0.126825,0.067046,0.125625,0.027347,0.122970
2024-08-08,0.127037,0.067332,0.125658,0.027629,0.122429
2024-08-09,0.125854,0.066432,0.124428,0.027132,0.120556
2024-08-12,0.125943,0.066375,0.125070,0.027400,0.119192
2024-08-13,0.125533,0.065803,0.125477,0.027165,0.118589
2024-08-14,0.124416,0.065684,0.124870,0.026717,0.117819
2024-08-15,0.123954,0.065504,0.124643,0.026440,0.117488
2024-08-16,0.123882,0.066694,0.123731,0.026788,0.115745
2024-08-19,0.120911,0.064791,0.121542,0.025854,0.114713
2024-08-20,0.119608,0.063798,0.120883,0.025739,0.114851
2024-08-21,0.117270,0.061161,0.116868,0.024525,0.113484
2024-08-22,0.119941,0.061665,0.118560,0.025056,0.111152
2024-08-23,0.117936,0.061575,0.118939,0.025525,0.110647
2024-08-26,0.118237,0.062322,0.119474,0.025736,0.111337
2024-08-27,0.118259,0.061967,0.119627,0.025685,0.107760
2024-08-28,0.117969,0.060881,0.117716,0.025250,0.108354
2024-08-29,0.118320,0.060915,0.118124,0.025020,0.109603
2024-08-30,0.119894,0.061336,0.118920,0.025124,0.111710
2024-09-02,0.117504,0.060942,0.118013,0.024883,0.110624
2024-09-03,0.118559,0.061855,0.119280,0.025192,0.111968
2024-09-04,0.120044,0.061835,0.118772,0.025449,0.109853
2024-09-05,0.119619,0.061637,0.119194,0.025276,0.109709
2024-09-06,0.115788,0.059602,0.115775,0.024334,0.105975
2024-09-09,0.115932,0.059748,0.115970,0.024114,0.106138
2024-09-10,0.115690,0.059407,0.116836,0.023947,0.105941
2024-09-11,0.114339,0.057966,0.115695,0.023752,0.105338
2024-09-12,0.114328,0.057561,0.116229,0.023858,0.106354
2024-09-13,0.113966,0.056686,0.115515,0.023711,0.105788
2024-09-18,0.113923,0.056698,0.115276,0.024026,0.105685
2024-09-19,0.115921,0.057662,0.117326,0.024517,0.107649
2024-09-20,0.115656,0.058382,0.116988,0.024803,0.107585
2024-09-23,0.116913,0.059127,0.117644,0.025064,0.108397
2024-09-24,0.121251,0.060702,0.122468,0.025650,0.111746
2024-09-25,0.125147,0.062276,0.127713,0.026301,0.114883
2024-09-26,0.130390,0.064466,0.133901,0.027344,0.118827
2024-09-27,0.135618,0.067105,0.139256,0.028280,0.123333
2024-09-30,0.148611,0.073234,0.153509,0.030816,0.135136
2024-10-08,0.157973,0.077169,0.165037,0.032644,0.143492
2024-10-09,0.146017,0.070732,0.154334,0.030107,0.133383
2024-10-10,0.143717,0.069799,0.154309,0.029528,0.132182
2024-10-11,0.138835,0.067326,0.150119,0.028514,0.127563
2024-10-14,0.141496,0.068505,0.153102,0.029040,0.131812
2024-10-15,0.140577,0.067729,0.151255,0.028842,0.129909
2024-10-16,0.140711,0.067582,0.150858,0.028899,0.129885
2024-10-17,0.140556,0.067602,0.151614,0.028815,0.130309
2024-10-18,0.144716,0.070067,0.157086,0.029841,0.134386
2024-10-21,0.150750,0.072843,0.162428,0.031058,0.139174
2024-10-22,0.150625,0.073375,0.163226,0.031211,0.136999
2024-10-23,0.153036,0.073505,0.165740,0.031485,0.136652
2024-10-24,0.152164,0.072644,0.165103,0.031367,0.135384
2024-10-25,0.157475,0.074975,0.169563,0.032345,0.137652
2024-10-28,0.161167,0.076875,0.173490,0.033208,0.140995
2024-10-29,0.159990,0.076077,0.173487,0.033032,0.139568
2024-10-30,0.156017,0.074103,0.170067,0.032174,0.139978
2024-10-31,0.159336,0.075766,0.173389,0.032794,0.142891
2024-11-01,0.151247,0.072166,0.164422,0.031129,0.135514
2024-11-04,0.150277,0.071849,0.163524,0.030930,0.136266
2024-11-05,0.155021,0.074118,0.165656,0.031906,0.140176
2024-11-06,0.162379,0.077635,0.168242,0.033421,0.141359
2024-11-07,0.158287,0.075679,0.165122,0.032578,0.144024
2024-11-08,0.163720,0.074647,0.170789,0.033697,0.144271
2024-11-11,0.172677,0.075232,0.187430,0.036980,0.146284
2024-11-12,0.171433,0.074440,0.186086,0.036223,0.143938
2024-11-13,0.170861,0.073582,0.185551,0.035841,0.143121
2024-11-14,0.167256,0.071296,0.181164,0.034965,0.139207
2024-11-15,0.166043,0.070898,0.179193,0.034932,0.136741
2024-11-18,0.164185,0.070470,0.177094,0.034575,0.134597
2024-11-19,0.163383,0.070297,0.178001,0.034182,0.135461
2024-11-20,0.163489,0.071179,0.179419,0.034827,0.140558
2024-11-21,0.164079,0.069697,0.180211,0.034313,0.139859
2024-11-22,0.160879,0.068055,0.177259,0.033354,0.136794
2024-11-25,0.162984,0.068976,0.180346,0.033038,0.138122
2024-11-26,0.159789,0.065805,0.175972,0.032105,0.133105
2024-11-27,0.162937,0.067338,0.177397,0.032878,0.134476
2024-11-28,0.165278,0.068038,0.179497,0.033155,0.135286
2024-11-29,0.165610,0.068893,0.178838,0.033444,0.136368
2024-12-02,0.167337,0.070076,0.181257,0.034023,0.139569
2024-12-03,0.168259,0.069234,0.181594,0.033417,0.139853
2024-12-04,0.166872,0.067951,0.179701,0.033003,0.137142
2024-12-05,0.167091,0.067789,0.179750,0.033083,0.138779
2024-12-06,0.165470,0.067297,0.178576,0.032995,0.139160
2024-12-09,0.166016,0.067536,0.179883,0.033280,0.140078
2024-12-10,0.167475,0.067908,0.180596,0.033782,0.142790
2024-12-11,0.169920,0.068823,0.182228,0.034034,0.146346
2024-12-12,0.172512,0.069393,0.185323,0.034348,0.148175
2024-12-13,0.168767,0.067855,0.181463,0.033567,0.146058
2024-12-16,0.167686,0.067364,0.180484,0.033232,0.144771
2024-12-17,0.162193,0.064808,0.175251,0.032087,0.137497
2024-12-18,0.162385,0.064922,0.176029,0.032047,0.137234
2024-12-19,0.158277,0.063788,0.172425,0.031318,0.134940
2024-12-20,0.157491,0.063376,0.172160,0.030941,0.134310
2024-12-23,0.152058,0.060912,0.165811,0.029511,0.127992
2024-12-24,0.153436,0.062288,0.166991,0.029482,0.128137
2024-12-25,0.154086,0.061468,0.164671,0.029462,0.125562
2024-12-26,0.161176,0.065094,0.168001,0.031058,0.129237
2024-12-27,0.160006,0.064970,0.171492,0.030994,0.127847
2024-12-30,0.157281,0.064392,0.167150,0.030742,0.125903
2024-12-31,0.151442,0.061864,0.160563,0.029640,0.122162
2025-01-02,0.149828,0.061244,0.157924,0.029630,0.121166
2025-01-03,0.150503,0.059045,0.150767,0.028062,0.117304
2025-01-06,0.150503,0.059575,0.150507,0.027740,0.114143
2025-01-07,0.150503,0.064636,0.160948,0.030221,0.114122
2025-01-08,0.150503,0.064592,0.166945,0.030200,0.115960
2025-01-09,0.151629,0.062317,0.157262,0.029136,0.116581
2025-01-10,0.150779,0.060264,0.150619,0.027981,0.110471
2025-01-13,0.150691,0.059380,0.146059,0.027134,0.105900
2025-01-14,0.153120,0.060338,0.145268,0.027557,0.108173
2025-01-15,0.146817,0.057854,0.145268,0.026423,0.106808
2025-01-16,0.149388,0.058867,0.145527,0.026885,0.107669
2025-01-17,0.149554,0.058932,0.145689,0.026915,0.108653
2025-01-20,0.148310,0.058442,0.144477,0.026691,0.110344
2025-01-21,0.145739,0.057429,0.141972,0.026229,0.112028
2025-01-22,0.144433,0.056914,0.140700,0.025994,0.110974
2025-01-23,0.144433,0.056914,0.140700,0.025994,0.109058
2025-01-24,0.144433,0.056914,0.140700,0.025994,0.110375
2025-01-27,0.144433,0.055387,0.140700,0.025994,0.107534
2025-02-05,0.149819,0.058081,0.145947,0.025994,0.105885
2025-02-06,0.153452,0.058839,0.149486,0.027054,0.109169
2025-02-07,0.153610,0.059036,0.149640,0.027093,0.109968
2025-02-10,0.153709,0.059627,0.148717,0.027124,0.110196
2025-02-11,0.153876,0.058801,0.147793,0.027153,0.110902
2025-02-12,0.154314,0.060516,0.148628,0.027102,0.113117
2025-02-13,0.152745,0.059566,0.145836,0.026827,0.110670
2025-02-14,0.155015,0.060493,0.147207,0.027843,0.111562
2025-02-17,0.155965,0.060888,0.148659,0.028243,0.113466
2025-02-18,0.152111,0.059893,0.144311,0.027620,0.110240
2025-02-19,0.154166,0.060895,0.146383,0.028185,0.112970
2025-02-20,0.154459,0.060861,0.146611,0.028171,0.113814
2025-02-21,0.155289,0.061200,0.147340,0.028354,0.116040
2025-02-24,0.154515,0.061394,0.146830,0.028176,0.115460
2025-02-25,0.154059,0.060919,0.146868,0.028021,0.115197
2025-02-26,0.155676,0.061636,0.148376,0.028314,0.116500
2025-02-27,0.154784,0.061199,0.147934,0.028184,0.115157
2025-02-28,0.150897,0.059518,0.144203,0.027417,0.110492
2025-03-03,0.151149,0.059579,0.144709,0.027422,0.109759
2025-03-04,0.151994,0.059880,0.145341,0.027343,0.110165
2025-03-05,0.152474,0.060077,0.146057,0.027407,0.111148
2025-03-06,0.155039,0.061134,0.148625,0.027847,0.113310
2025-03-07,0.153516,0.060406,0.147411,0.027611,0.112436
2025-03-10,0.153999,0.060340,0.148088,0.027682,0.112706
2025-03-11,0.154465,0.060618,0.148737,0.027787,0.113268
2025-03-12,0.154577,0.060493,0.149120,0.027745,0.114000
2025-03-13,0.153463,0.060564,0.148087,0.027555,0.111985
2025-03-14,0.152852,0.060262,0.147337,0.027447,0.111717
2025-03-17,0.153904,0.060769,0.149355,0.027753,0.112611
2025-03-18,0.154778,0.060826,0.150065,0.027871,0.112922
2025-03-19,0.155425,0.060953,0.150336,0.028040,0.112875
2025-03-20,0.155316,0.060858,0.150749,0.027960,0.112505
2025-03-21,0.153209,0.060200,0.148728,0.027433,0.110373
2025-03-24,0.151736,0.059677,0.147000,0.027158,0.108489
2025-03-25,0.150414,0.059260,0.146214,0.026723,0.107122
2025-03-26,0.150867,0.059177,0.147409,0.026807,0.107298
2025-03-27,0.147613,0.057389,0.144808,0.026006,0.105128
2025-03-28,0.146056,0.055786,0.143059,0.025425,0.103652
2025-03-31,0.144114,0.054569,0.140807,0.025019,0.101717
2025-04-01,0.147063,0.055985,0.143657,0.025240,0.103522
2025-04-02,0.146589,0.055608,0.143491,0.025034,0.103075
2025-04-03,0.148403,0.056476,0.144912,0.025193,0.102722
2025-04-07,0.138448,0.052963,0.136643,0.023763,0.095159
2025-04-08,0.138286,0.053330,0.136788,0.023820,0.095108
2025-04-09,0.131951,0.052283,0.134139,0.022802,0.092864
2025-04-10,0.132422,0.053287,0.136050,0.022689,0.094707
2025-04-11,0.128474,0.051077,0.131184,0.021728,0.092352
2025-04-14,0.131255,0.051471,0.133922,0.022135,0.094914
2025-04-15,0.131176,0.050992,0.134138,0.022123,0.095126
2025-04-16,0.127411,0.049999,0.132156,0.021460,0.093352
2025-04-17,0.127123,0.049767,0.131217,0.021434,0.093825
2025-04-18,0.123208,0.047493,0.126609,0.019883,0.091047
2025-04-21,0.124369,0.047941,0.126222,0.020129,0.093361
2025-04-22,0.125182,0.048254,0.126742,0.020260,0.094263
2025-04-23,0.119298,0.045986,0.129854,0.019308,0.091980
2025-04-24,0.120112,0.044222,0.129189,0.019440,0.093012
2025-04-25,0.115181,0.043272,0.124466,0.018383,0.091928
2025-04-28,0.113344,0.042401,0.120176,0.017291,0.089441
2025-04-29,0.113333,0.042586,0.116419,0.016845,0.088730
2025-04-30,0.116428,0.043250,0.116920,0.017199,0.087513
2025-05-06,0.116048,0.043497,0.116920,0.017134,0.089325
2025-05-07,0.115592,0.043348,0.115311,0.017067,0.089416
2025-05-08,0.119810,0.044929,0.115808,0.017690,0.090606
2025-05-09,0.119153,0.044683,0.113322,0.017593,0.089547
2025-05-12,0.119732,0.044900,0.113208,0.017678,0.090480
2025-05-13,0.124635,0.046739,0.113208,0.018402,0.090717
2025-05-14,0.125043,0.046892,0.113208,0.018463,0.091143
2025-05-15,0.123644,0.046159,0.113208,0.018256,0.089698
2025-05-16,0.125452,0.047269,0.113208,0.018402,0.090872
2025-05-19,0.125505,0.048772,0.113585,0.018612,0.091397
2025-05-20,0.126207,0.048854,0.113896,0.018452,0.091052
2025-05-21,0.125973,0.048808,0.114032,0.018498,0.090167
2025-05-22,0.123102,0.047637,0.111508,0.018132,0.088713
2025-05-23,0.121294,0.046761,0.111077,0.018045,0.087983
2025-05-26,0.122874,0.047379,0.111203,0.018355,0.088314
2025-05-27,0.124210,0.047768,0.112239,0.018488,0.089253
2025-05-28,0.122973,0.047181,0.111155,0.018145,0.088528
2025-05-29,0.123325,0.047271,0.111081,0.018109,0.088789
2025-05-30,0.120581,0.046357,0.107726,0.017690,0.086783
2025-06-03,0.120774,0.046623,0.107922,0.017809,0.087849
2025-06-04,0.120218,0.046598,0.107109,0.017721,0.088664
2025-06-05,0.120376,0.046647,0.107209,0.017624,0.087538
2025-06-06,0.120774,0.046381,0.106610,0.017537,0.086968
2025-06-09,0.121545,0.046998,0.106967,0.017648,0.088151
2025-06-10,0.120637,0.047136,0.106145,0.017508,0.087777
2025-06-11,0.121043,0.047280,0.107166,0.017651,0.087872
2025-06-12,0.121464,0.047171,0.107251,0.017715,0.088746
2025-06-13,0.119091,0.046135,0.105505,0.017430,0.086608
2025-06-16,0.120237,0.046748,0.107229,0.017625,0.087274
2025-06-17,0.119877,0.047005,0.107226,0.017485,0.086428
2025-06-18,0.118086,0.046513,0.104567,0.017044,0.084929
2025-06-19,0.115099,0.046024,0.101809,0.016749,0.083064
2025-06-20,0.112593,0.044628,0.100074,0.016308,0.081507
2025-06-23,0.114885,0.046144,0.102120,0.016851,0.083405
2025-06-24,0.112905,0.045313,0.099627,0.016501,0.082631
2025-06-25,0.113270,0.045218,0.099914,0.016397,0.082325
2025-06-26,0.113480,0.045387,0.100789,0.016338,0.082635
2025-06-27,0.113070,0.045231,0.099639,0.016223,0.082751
2025-06-30,0.115600,0.046846,0.102141,0.016734,0.084855
2025-07-01,0.115597,0.046936,0.101789,0.016630,0.084423
2025-07-02,0.113007,0.046069,0.099911,0.016506,0.083235
2025-07-03,0.113587,0.046254,0.100016,0.016550,0.083873
2025-07-04,0.112270,0.045293,0.099595,0.016207,0.083109
2025-07-07,0.112903,0.045422,0.100521,0.016220,0.083307
2025-07-08,0.115023,0.046572,0.102205,0.016568,0.084620
2025-07-09,0.114886,0.046744,0.101746,0.016574,0.084728
2025-07-10,0.114172,0.046357,0.101102,0.016520,0.084063
2025-07-11,0.113594,0.045891,0.100869,0.016436,0.083202
2025-07-14,0.114301,0.046077,0.101390,0.016513,0.083229
2025-07-15,0.112473,0.045265,0.099902,0.016065,0.082081
2025-07-16,0.112096,0.045066,0.099746,0.016032,0.081630
2025-07-17,0.112671,0.044987,0.100170,0.016162,0.082231
2025-07-18,0.114111,0.045156,0.101169,0.016321,0.082222
2025-07-21,0.115623,0.045440,0.101834,0.016506,0.082883
2025-07-22,0.114466,0.045001,0.100897,0.016349,0.082449
2025-07-23,0.113932,0.044293,0.100367,0.016314,0.082245
2025-07-24,0.116478,0.044779,0.102415,0.016750,0.083609
2025-07-25,0.116016,0.044411,0.102237,0.016763,0.083356
2025-07-28,0.116191,0.044344,0.101930,0.016856,0.083723
2025-07-29,0.116817,0.044496,0.102306,0.016934,0.084352
2025-07-30,0.116438,0.044510,0.102119,0.016887,0.083695
2025-07-31,0.114615,0.043928,0.100768,0.016628,0.082812
2025-08-01,0.114871,0.043767,0.101191,0.016654,0.082725
2025-08-04,0.116032,0.044079,0.102196,0.016824,0.083349
2025-08-05,0.116086,0.043999,0.102278,0.016843,0.083597
2025-08-06,0.116383,0.044182,0.102301,0.016861,0.083751
2025-08-07,0.117173,0.044305,0.103152,0.016991,0.083983
2025-08-08,0.117415,0.044561,0.103414,0.017017,0.084479
2025-08-11,0.118708,0.045190,0.104405,0.017153,0.085946
2025-08-12,0.118488,0.045062,0.104090,0.017084,0.085456
2025-08-13,0.118970,0.045367,0.104420,0.017222,0.086336
2025-08-14,0.115522,0.044154,0.101503,0.016773,0.084079
2025-08-15,0.116828,0.044768,0.102540,0.017002,0.085378
2025-08-18,0.117973,0.045443,0.103552,0.017250,0.086791
2025-08-19,0.117812,0.045261,0.103892,0.017116,0.086248
2025-08-20,0.117558,0.045311,0.103814,0.017128,0.085931
2025-08-21,0.115779,0.044578,0.102520,0.016784,0.084404
2025-08-22,0.116616,0.044781,0.103039,0.016871,0.084952
2025-08-25,0.117362,0.045147,0.103433,0.016967,0.086002
2025-08-26,0.117187,0.045216,0.103004,0.016984,0.085895
2025-08-27,0.115245,0.044297,0.101134,0.016707,0.084461
2025-08-28,0.115992,0.044557,0.102273,0.016828,0.085308
2025-08-29,0.115603,0.044185,0.101916,0.016675,0.084874
2025-09-01,0.116638,0.044579,0.102776,0.016792,0.085936
2025-09-02,0.115116,0.043938,0.101317,0.016555,0.084033
2025-09-03,0.112773,0.042996,0.098978,0.016205,0.083072
2025-09-04,0.112181,0.042725,0.098773,0.016104,0.080805
2025-09-05,0.113103,0.043576,0.099871,0.016327,0.082698
2025-09-08,0.114812,0.044146,0.101500,0.016492,0.083037
2025-09-09,0.115318,0.044243,0.101885,0.016576,0.083288
2025-09-10,0.115805,0.044437,0.103114,0.016718,0.083257
2025-09-11,0.116412,0.044673,0.103756,0.016857,0.084194
2025-09-12,0.115524,0.044560,0.103651,0.016778,0.084132
2025-09-15,0.116808,0.045057,0.104907,0.016985,0.084664
2025-09-16,0.116398,0.044846,0.104994,0.016982,0.085468
2025-09-17,0.117461,0.045226,0.105967,0.017110,0.085419
2025-09-18,0.117232,0.045378,0.106772,0.017099,0.084751
2025-09-19,0.115691,0.044835,0.104291,0.016769,0.084039
2025-09-22,0.114882,0.043890,0.104742,0.016624,0.084565
2025-09-23,0.116178,0.043702,0.105509,0.016653,0.084354
2025-09-24,0.114751,0.043368,0.104324,0.016572,0.084507
2025-09-25,0.113362,0.042947,0.102642,0.016456,0.083904
2025-09-26,0.111605,0.042392,0.100583,0.016173,0.082525
2025-09-29,0.112866,0.043033,0.101035,0.016366,0.083720
2025-09-30,0.113401,0.043398,0.100639,0.016722,0.083799
2025-10-09,0.113860,0.043623,0.101235,0.016746,0.084513
2025-10-10,0.116631,0.045321,0.102974,0.017338,0.083783
2025-10-13,0.119004,0.045679,0.107510,0.017566,0.083663
2025-10-14,0.118519,0.046151,0.106519,0.017691,0.082093
2025-10-15,0.117929,0.046231,0.105252,0.017701,0.082068
2025-10-16,0.114397,0.044769,0.103263,0.017076,0.080819
2025-10-17,0.111270,0.044033,0.101040,0.016585,0.078676
2025-10-20,0.111766,0.044704,0.101537,0.016617,0.079074
2025-10-21,0.112024,0.044674,0.101417,0.016727,0.079923
2025-10-22,0.110072,0.044061,0.098596,0.016198,0.078990
2025-10-23,0.111367,0.043546,0.098126,0.016350,0.079274
2025-10-24,0.112325,0.043414,0.099988,0.016528,0.079258
2025-10-27,0.112836,0.043377,0.100298,0.016653,0.079761
2025-10-28,0.114462,0.043683,0.101433,0.016787,0.080139
2025-10-29,0.115098,0.043730,0.101475,0.016724,0.080620
2025-10-30,0.114819,0.043298,0.101099,0.016593,0.079915
2025-10-31,0.114297,0.043177,0.101087,0.016521,0.079794
2025-11-03,0.114680,0.043526,0.101669,0.016544,0.080453
2025-11-04,0.116156,0.044021,0.103007,0.016690,0.080982
2025-11-05,0.117951,0.044477,0.104333,0.016918,0.082451
2025-11-06,0.117495,0.044280,0.104023,0.016867,0.082995
2025-11-07,0.117868,0.044552,0.104202,0.016936,0.083418
2025-11-10,0.119205,0.044994,0.104991,0.017045,0.084222
2025-11-11,0.118579,0.044831,0.105203,0.016973,0.084474
2025-11-12,0.118549,0.044629,0.105337,0.016972,0.083989
2025-11-13,0.119686,0.045178,0.105928,0.017127,0.085304
2025-11-14,0.118513,0.044717,0.105133,0.016953,0.084531
2025-11-17,0.119894,0.045017,0.106137,0.017102,0.085179
2025-11-18,0.117130,0.044222,0.104180,0.016790,0.082597
2025-11-19,0.116577,0.044018,0.103498,0.016770,0.081761
2025-11-20,0.114732,0.043186,0.101714,0.016371,0.080883
2025-11-21,0.111377,0.041687,0.098306,0.015723,0.077397
2025-11-24,0.114141,0.042874,0.100184,0.016000,0.077274
2025-11-25,0.114574,0.042661,0.100457,0.015990,0.077630
2025-11-26,0.112871,0.041265,0.097918,0.015516,0.075952
2025-11-27,0.110357,0.040149,0.096291,0.015043,0.074787
2025-11-28,0.110364,0.039942,0.096434,0.015018,0.075622
2025-12-01,0.112395,0.040587,0.098904,0.015328,0.075419
2025-12-02,0.112512,0.040690,0.101443,0.015423,0.076033
2025-12-03,0.112079,0.040650,0.100362,0.015437,0.074987
2025-12-04,0.109497,0.039502,0.097683,0.014901,0.074233
2025-12-05,0.109466,0.039538,0.098406,0.014960,0.075024
2025-12-08,0.108547,0.039390,0.098437,0.014815,0.075504
2025-12-09,0.109617,0.040163,0.098924,0.015007,0.075170
2025-12-10,0.109228,0.039733,0.098022,0.014960,0.075056
2025-12-11,0.108793,0.038752,0.096168,0.014992,0.073882
2025-12-12,0.108085,0.037916,0.094621,0.014887,0.073686
2025-12-15,0.108988,0.037936,0.094981,0.015535,0.073428
2025-12-16,0.106143,0.037566,0.093928,0.015501,0.072273
2025-12-17,0.106067,0.037405,0.092764,0.015383,0.071534
2025-12-18,0.105959,0.037997,0.094472,0.015792,0.071618
2025-12-19,0.107359,0.038530,0.094868,0.015983,0.072318
2025-12-22,0.108163,0.038178,0.094495,0.016028,0.072679
2025-12-23,0.106256,0.037313,0.092221,0.015727,0.071094
2025-12-24,0.104472,0.036858,0.091370,0.015589,0.072043
2025-12-25,0.103565,0.036861,0.090211,0.015511,0.072657
2025-12-26,0.102624,0.037151,0.092153,0.015582,0.073475
2025-12-29,0.100739,0.036606,0.090846,0.015219,0.072468
2025-12-30,0.100304,0.036153,0.089936,0.014853,0.071957
2025-12-31,0.100177,0.036018,0.089953,0.014779,0.072022
2026-01-05,0.100875,0.036369,0.091086,0.014808,0.072477
2026-01-06,0.102388,0.036842,0.092320,0.014938,0.073617
2026-01-07,0.102707,0.036684,0.093173,0.015013,0.074343
2026-01-08,0.104374,0.037246,0.094864,0.015326,0.075744
2026-01-09,0.106779,0.037687,0.096975,0.015512,0.077075
2026-01-12,0.110035,0.038999,0.100509,0.016006,0.079641
2026-01-13,0.106781,0.037969,0.097535,0.015517,0.077700
2026-01-14,0.106825,0.038420,0.097631,0.015501,0.077751
2026-01-15,0.105698,0.037939,0.097170,0.015335,0.076767
2026-01-16,0.104633,0.037138,0.096047,0.015164,0.076172
2026-01-19,0.105274,0.037241,0.096323,0.015187,0.076270
2026-01-20,0.105638,0.037510,0.096508,0.015250,0.075745
2026-01-21,0.106269,0.037449,0.096770,0.015361,0.076197
2026-01-22,0.106903,0.037635,0.097199,0.015463,0.076824
2026-01-23,0.108470,0.038146,0.098648,0.015681,0.078378
2026-01-26,0.106795,0.038043,0.097072,0.015484,0.077402
2026-01-27,0.106285,0.037943,0.096289,0.015442,0.077727
2026-01-28,0.106260,0.038109,0.096044,0.015457,0.077784
2026-01-29,0.105780,0.037845,0.095513,0.015406,0.077059
2026-01-30,0.104599,0.037433,0.094043,0.015237,0.076219
2026-02-02,0.102186,0.036396,0.091408,0.014787,0.074012
2026-02-03,0.104489,0.037071,0.093064,0.015118,0.076054
2026-02-04,0.105633,0.037266,0.094407,0.015267,0.076016
2026-02-05,0.102674,0.036266,0.092212,0.014883,0.074521
2026-02-06,0.103804,0.036453,0.092621,0.015088,0.074846
2026-02-09,0.105721,0.037138,0.094647,0.015395,0.076305
2026-02-10,0.104880,0.036816,0.093016,0.015298,0.075931
2026-02-11,0.104920,0.036846,0.092702,0.015355,0.075891
2026-02-12,0.104059,0.036414,0.092349,0.015309,0.075979
2026-02-13,0.102668,0.036075,0.091078,0.015081,0.075202
2026-02-24,0.103640,0.036506,0.092103,0.015335,0.075732
2026-02-25,0.103847,0.036459,0.092437,0.015241,0.075570
2026-02-26,0.104281,0.036916,0.092964,0.015270,0.076656
2026-02-27,0.105282,0.037184,0.093875,0.015359,0.077336
2026-03-02,0.102792,0.036739,0.091598,0.014996,0.077660
2026-03-03,0.101124,0.035702,0.089858,0.014752,0.075710
2026-03-04,0.104665,0.036373,0.093188,0.015303,0.076315
2026-03-05,0.103781,0.036160,0.093355,0.015309,0.076185
2026-03-06,0.104721,0.036427,0.094848,0.015390,0.076571
2026-03-09,0.106030,0.037091,0.095167,0.015582,0.076778
2026-03-10,0.105556,0.037234,0.095177,0.015685,0.076807
2026-03-11,0.107539,0.037875,0.096310,0.015959,0.077398
2026-03-12,0.107618,0.037951,0.095370,0.015872,0.077229
2026-03-13,0.105694,0.037168,0.094744,0.015606,0.075687
2026-03-16,0.106564,0.037535,0.096049,0.015889,0.075477
2026-03-17,0.105178,0.037523,0.095357,0.016113,0.074219
2026-03-18,0.105360,0.037795,0.095781,0.016163,0.074124
2026-03-19,0.104549,0.037697,0.094350,0.016229,0.073552
2026-03-20,0.101437,0.036668,0.090676,0.015689,0.072159
2026-03-23,0.099411,0.036011,0.087174,0.015566,0.070389
2026-03-24,0.100928,0.037043,0.088257,0.016178,0.072852
2026-03-25,0.103166,0.038714,0.092062,0.016852,0.074965
2026-03-26,0.095493,0.037292,0.086500,0.016378,0.073047
2026-03-27,0.098619,0.038134,0.093081,0.016791,0.073661
2026-03-30,0.102165,0.037691,0.094834,0.016945,0.073346
2026-03-31,0.103642,0.038004,0.095319,0.017264,0.072074
2026-04-01,0.104909,0.037531,0.095251,0.016994,0.072584
2026-04-02,0.105433,0.037587,0.095439,0.017019,0.071700
2026-04-03,0.101990,0.036360,0.092321,0.016463,0.069320
2026-04-07,0.101527,0.037378,0.091902,0.016389,0.069592
2026-04-08,0.107428,0.037420,0.097244,0.017341,0.071647
2026-04-09,0.107952,0.037230,0.097718,0.017426,0.071940
2026-04-10,0.110383,0.037650,0.099919,0.017746,0.071000
2026-04-13,0.106043,0.036755,0.095990,0.017042,0.070984
2026-04-14,0.100260,0.036623,0.090756,0.016008,0.071087
2026-04-15,0.100091,0.035566,0.090603,0.015804,0.071483
2026-04-16,0.101203,0.035272,0.091797,0.015997,0.072658
2026-04-17,0.103926,0.035577,0.094301,0.016419,0.072952
2026-04-20,0.104617,0.036306,0.094677,0.016529,0.073300
2026-04-21,0.103097,0.036578,0.093654,0.016288,0.073207
2026-04-22,0.105609,0.037282,0.096018,0.016782,0.074334
2026-04-23,0.108543,0.037774,0.097181,0.016999,0.073685
2026-04-24,0.107595,0.037119,0.096069,0.016946,0.073229
2026-04-27,0.106832,0.036755,0.095807,0.016745,0.073465
2026-04-28,0.105631,0.036580,0.095611,0.016607,0.072762
2026-04-29,0.106239,0.036790,0.096453,0.016647,0.073307
2026-04-30,0.106006,0.036748,0.096376,0.016701,0.073261
2026-05-06,0.108008,0.037321,0.098258,0.017079,0.075179
2026-05-07,0.109777,0.037672,0.099972,0.017292,0.077017
2026-05-08,0.110590,0.037909,0.100175,0.017440,0.078063
2026-05-11,0.112156,0.038356,0.101441,0.017651,0.079818
2026-05-12,0.111275,0.037905,0.100822,0.017524,0.079240
2026-05-13,0.111781,0.038287,0.101409,0.017629,0.080617
2026-05-14,0.110463,0.037949,0.100367,0.017471,0.079527
2026-05-15,0.109866,0.037854,0.100192,0.017391,0.078715
2026-05-18,0.109528,0.037938,0.099289,0.017357,0.079191
2026-05-19,0.109053,0.037955,0.099085,0.017296,0.079849
2026-05-20,0.108557,0.037820,0.098681,0.017295,0.080334
2026-05-21,0.106156,0.037240,0.095745,0.016928,0.077825
2026-05-22,0.106854,0.037418,0.096495,0.017031,0.079553
2026-05-25,0.107205,0.037637,0.097016,0.017079,0.080481
2026-05-26,0.105804,0.037181,0.095874,0.016931,0.079214
2026-05-27,0.103207,0.036161,0.093706,0.016344,0.078459
2026-05-28,0.100975,0.035503,0.091292,0.015937,0.079263
2026-05-29,0.098224,0.034877,0.089665,0.015716,0.077348
2026-06-01,0.096897,0.034770,0.088647,0.015653,0.076221
2026-06-02,0.097141,0.034562,0.089866,0.015794,0.077527
2026-06-03,0.100243,0.036150,0.092063,0.016494,0.078130
2026-06-04,0.102243,0.035893,0.093900,0.016887,0.079305
2026-06-05,0.101249,0.034812,0.092146,0.016364,0.078419
2026-06-08,0.099954,0.033133,0.088859,0.014760,0.076241
2026-06-09,0.102923,0.033788,0.090629,0.015023,0.078649
2026-06-10,0.098898,0.032289,0.087047,0.014357,0.077909
2026-06-11,0.097323,0.031774,0.086223,0.014128,0.077278
2026-06-12,0.097745,0.031912,0.086597,0.014189,0.076061
2026-06-15,0.094201,0.030755,0.083457,0.013675,0.078545
2026-06-16,0.093286,0.030456,0.082646,0.013542,0.080756
2026-06-17,0.093286,0.030456,0.082646,0.013542,0.082133
2026-06-18,0.093286,0.030456,0.082646,0.013542,0.083379
2026-06-22,0.093286,0.030456,0.082646,0.013542,0.085927
2026-06-23,0.093286,0.030456,0.082646,0.013542,0.082857
2026-06-24,0.093286,0.030456,0.082646,0.013542,0.084514
2026-06-25,0.089511,0.029224,0.082646,0.013542,0.085855
2026-06-26,0.086858,0.028358,0.080811,0.013542,0.084189
2026-06-29,0.086857,0.028357,0.085190,0.013542,0.082494
2026-06-30,0.086857,0.028357,0.084075,0.013542,0.083009
2026-07-01,0.086857,0.028357,0.083991,0.013542,0.083255
2026-07-02,0.086857,0.028357,0.083991,0.013542,0.079630
2026-07-03,0.086857,0.028357,0.083991,0.013542,0.078648
2026-07-06,0.086857,0.028357,0.083991,0.013542,0.076922
2026-07-07,0.086857,0.028357,0.083991,0.013542,0.075258
2026-07-08,0.086857,0.031476,0.083991,0.013542,0.074171
2026-07-09,0.086857,0.030869,0.083991,0.013542,0.075967
2026-07-10,0.086857,0.030427,0.083991,0.013542,0.075656
2026-07-13,0.086857,0.030611,0.083991,0.013542,0.073651
2026-07-14,0.091400,0.031605,0.083991,0.014250,0.073062
2026-07-15,0.082250,0.028441,0.083991,0.012824,0.072126
2026-07-16,0.074004,0.027037,0.083991,0.011538,0.070523
2026-07-17,0.066538,0.025677,0.083991,0.010374,0.067063
2026-07-20,0.066809,0.025763,0.083991,0.010577,0.066709
2026-07-21,0.065613,0.025302,0.083907,0.010198,0.066751
2026-07-22,0.066004,0.025452,0.084365,0.010293,0.067076
2026-07-23,0.066480,0.025636,0.084974,0.010387,0.066896
2026-07-24,0.063426,0.024458,0.081070,0.009971,0.064841
2026-07-27,0.063058,0.024623,0.080600,0.010230,0.064842
2026-07-28,0.063058,0.024054,0.080600,0.010259,0.064221
2026-07-29,0.063365,0.024434,0.080992,0.010335,0.064494
2026-07-30,0.060964,0.024037,0.077922,0.010126,0.063822
2026-07-31,0.061826,0.024495,0.079025,0.010146,0.064260
2026-08-03,0.062304,0.024639,0.079636,0.010244,0.064177
2026-08-04,0.061845,0.024575,0.078946,0.010172,0.064840
2026-08-05,0.061753,0.024606,0.078696,0.010179,0.065505
2026-08-06,0.061202,0.024241,0.077607,0.010104,0.064908
2026-08-07,0.060791,0.024046,0.077307,0.009981,0.064555
2026-08-10,0.061740,0.024372,0.078434,0.010183,0.065828
2026-08-11,0.061140,0.024178,0.077929,0.010117,0.065723
2026-08-12,0.062244,0.024726,0.080004,0.010439,0.066380
2026-08-13,0.061276,0.024413,0.078809,0.010245,0.065290
2026-08-14,0.060378,0.024044,0.077547,0.010099,0.064678
2026-08-17,0.061023,0.024320,0.078769,0.010233,0.065262
