日期,主口径T2,裸首板T2,多头排列T2,T+1开盘
2021-08-17,1.000000,1.000000,1.000000,1.000000
2021-08-18,1.067964,1.030114,1.036695,1.008170
2021-08-19,1.007863,1.014212,1.018127,1.010303
2021-08-20,1.024497,1.018377,1.025774,1.017392
2021-08-23,1.022158,1.036095,1.047831,1.016915
2021-08-24,1.004419,1.031113,1.036703,1.014043
2021-08-25,1.008252,1.046616,1.050050,1.018538
2021-08-26,1.003748,1.050460,1.057332,1.013733
2021-08-27,1.001629,1.062412,1.068950,1.011828
2021-08-30,1.013763,1.077457,1.086548,1.025102
2021-08-31,1.018429,1.087625,1.100063,1.028116
2021-09-01,1.020169,1.052364,1.061558,1.025417
2021-09-02,1.037950,1.078457,1.094337,1.037620
2021-09-03,1.034267,1.058842,1.072391,1.036641
2021-09-06,1.051949,1.059379,1.069518,1.054049
2021-09-07,1.067545,1.078032,1.095564,1.068727
2021-09-08,1.086145,1.081778,1.103073,1.090276
2021-09-09,1.096699,1.091418,1.119461,1.091229
2021-09-10,1.085081,1.079541,1.104599,1.077996
2021-09-13,1.110790,1.100118,1.130573,1.098133
2021-09-14,1.082780,1.082153,1.105696,1.069451
2021-09-15,1.097087,1.095851,1.122119,1.085468
2021-09-16,1.092102,1.082626,1.113303,1.075743
2021-09-17,1.087308,1.077995,1.108497,1.079795
2021-09-22,1.100663,1.092636,1.127341,1.095317
2021-09-23,1.095963,1.072149,1.103551,1.095916
2021-09-24,1.075312,1.045811,1.069448,1.070657
2021-09-27,1.067688,1.016977,1.041478,1.055149
2021-09-28,1.058933,1.023263,1.049289,1.038349
2021-09-29,1.029995,0.993534,1.011743,1.008738
2021-09-30,1.045247,1.017293,1.034439,1.015961
2021-10-08,1.072578,1.010955,1.024214,1.044005
2021-10-11,1.059619,0.993270,0.999383,1.019207
2021-10-12,1.047029,0.980746,0.980566,1.010719
2021-10-13,1.022831,0.964636,0.961244,0.988547
2021-10-14,1.019863,0.964799,0.953874,0.971053
2021-10-15,1.013624,0.957927,0.935601,0.969137
2021-10-18,1.021619,0.969653,0.951140,0.982050
2021-10-19,1.023393,0.975926,0.951902,0.980687
2021-10-20,1.010778,0.981227,0.957065,0.974467
2021-10-21,0.997811,0.980466,0.956849,0.972414
2021-10-22,1.002644,0.958306,0.935122,0.984100
2021-10-25,1.009620,0.975160,0.948122,0.985070
2021-10-26,0.991305,0.966042,0.933746,0.959720
2021-10-27,0.999791,0.967109,0.935510,0.968073
2021-10-28,1.005123,0.948424,0.919164,0.972879
2021-10-29,1.006090,0.958996,0.936126,0.987680
2021-11-01,1.019852,0.973731,0.949867,1.020611
2021-11-02,1.005917,0.962594,0.943999,1.001495
2021-11-03,1.003430,0.963762,0.939091,1.004941
2021-11-04,1.024263,0.991144,0.970312,1.029200
2021-11-05,1.029596,0.979960,0.953155,1.031696
2021-11-08,1.041801,0.977095,0.952121,1.040788
2021-11-09,1.040850,0.982924,0.956402,1.036859
2021-11-10,1.051589,0.988567,0.959017,1.044565
2021-11-11,1.071526,0.994227,0.963893,1.059501
2021-11-12,1.087533,1.008990,0.984433,1.078611
2021-11-15,1.095723,1.009641,0.981271,1.086388
2021-11-16,1.079576,0.998665,0.970685,1.070280
2021-11-17,1.094652,1.012302,0.983763,1.086472
2021-11-18,1.084413,0.996420,0.963665,1.074417
2021-11-19,1.078718,1.003538,0.969948,1.073913
2021-11-22,1.088506,1.018637,0.987858,1.081284
2021-11-23,1.095278,1.024585,0.997199,1.089711
2021-11-24,1.101508,1.027940,0.998769,1.093352
2021-11-25,1.099658,1.025294,0.993903,1.093448
2021-11-26,1.090560,1.026258,0.991125,1.081612
2021-11-29,1.091615,1.034157,1.003230,1.081706
2021-11-30,1.100069,1.033273,1.001293,1.087793
2021-12-01,1.115724,1.036285,1.002996,1.101480
2021-12-02,1.096729,1.019573,0.985500,1.082111
2021-12-03,1.088736,1.014966,0.977893,1.070733
2021-12-06,1.074619,1.002087,0.965836,1.055651
2021-12-07,1.073550,0.993158,0.956634,1.056655
2021-12-08,1.077828,1.000938,0.963750,1.059233
2021-12-09,1.073919,0.999545,0.961037,1.053381
2021-12-10,1.072638,0.998174,0.958576,1.051147
2021-12-13,1.069273,1.002286,0.959973,1.049087
2021-12-14,1.072446,1.000344,0.961338,1.049161
2021-12-15,1.079300,1.000223,0.965169,1.048192
2021-12-16,1.095120,1.014298,0.979690,1.057485
2021-12-17,1.103267,1.011689,0.981084,1.057924
2021-12-20,1.114931,1.006762,0.980238,1.065372
2021-12-21,1.132004,1.016874,0.989790,1.085051
2021-12-22,1.125434,1.011609,0.981564,1.074650
2021-12-23,1.099437,0.999642,0.964769,1.049810
2021-12-24,1.084923,0.982567,0.947019,1.036922
2021-12-27,1.090893,0.979071,0.945049,1.046646
2021-12-28,1.083062,0.971996,0.935646,1.037529
2021-12-29,1.090319,0.970373,0.935785,1.040777
2021-12-30,1.114594,0.981103,0.950253,1.063543
2021-12-31,1.128901,0.983445,0.952333,1.075900
2022-01-04,1.155262,0.995967,0.970995,1.095849
2022-01-05,1.137128,0.975601,0.948522,1.075284
2022-01-06,1.159475,0.986220,0.963646,1.094942
2022-01-07,1.117835,0.961143,0.933726,1.059454
2022-01-10,1.122798,0.963993,0.936754,1.065590
2022-01-11,1.120641,0.957098,0.929422,1.066929
2022-01-12,1.135471,0.967693,0.941752,1.074944
2022-01-13,1.140690,0.964853,0.939422,1.076504
2022-01-14,1.139343,0.966502,0.944573,1.076372
2022-01-17,1.155329,0.976684,0.956126,1.088582
2022-01-18,1.118583,0.947202,0.919163,1.056250
2022-01-19,1.125264,0.943413,0.918935,1.060277
2022-01-20,1.107724,0.927113,0.907832,1.040977
2022-01-21,1.091592,0.904596,0.879282,1.024351
2022-01-24,1.067287,0.893665,0.863775,1.001572
2022-01-25,1.021014,0.862907,0.832513,0.960967
2022-01-26,1.016941,0.853536,0.826858,0.958928
2022-01-27,0.967183,0.818582,0.784165,0.900537
2022-01-28,0.966736,0.812320,0.776003,0.899904
2022-02-07,0.998892,0.822138,0.790648,0.943315
2022-02-08,1.012405,0.834983,0.795203,0.970119
2022-02-09,1.005263,0.845253,0.810329,0.963597
2022-02-10,1.036526,0.853984,0.828700,0.993564
2022-02-11,1.021407,0.848047,0.823893,0.979072
2022-02-14,0.994559,0.847975,0.814405,0.953336
2022-02-15,0.985908,0.841912,0.789046,0.951759
2022-02-16,1.008899,0.848567,0.789275,0.968418
2022-02-17,0.982734,0.834192,0.766272,0.969036
2022-02-18,1.027967,0.841422,0.775517,0.981909
2022-02-21,1.051575,0.859809,0.790005,0.992129
2022-02-22,1.014865,0.855256,0.794798,0.952821
2022-02-23,1.005679,0.862377,0.801245,0.950148
2022-02-24,1.025877,0.836566,0.777280,0.968507
2022-02-25,1.002448,0.838547,0.773564,0.948973
2022-02-28,0.974066,0.835793,0.767242,0.912117
2022-03-01,0.977123,0.838140,0.769129,0.914379
2022-03-02,0.998296,0.845005,0.779661,0.926937
2022-03-03,1.026012,0.845453,0.784118,0.948042
2022-03-04,0.994519,0.830322,0.763139,0.917681
2022-03-07,0.991571,0.823818,0.759215,0.910767
2022-03-08,0.958226,0.797896,0.735610,0.886048
2022-03-09,0.958484,0.796943,0.737624,0.894768
2022-03-10,0.956737,0.801326,0.744589,0.889516
2022-03-11,0.952301,0.795918,0.737229,0.887421
2022-03-14,0.925790,0.782098,0.721645,0.870908
2022-03-15,0.881477,0.762847,0.706615,0.833118
2022-03-16,0.887328,0.778889,0.721040,0.847099
2022-03-17,0.885850,0.789086,0.730832,0.867994
2022-03-18,0.901401,0.792763,0.734590,0.901807
2022-03-21,0.904128,0.810639,0.759693,0.927105
2022-03-22,0.928549,0.801969,0.733853,0.935539
2022-03-23,0.900909,0.794543,0.718895,0.896306
2022-03-24,0.893938,0.785082,0.712442,0.909608
2022-03-25,0.880461,0.782516,0.708310,0.869299
2022-03-28,0.875027,0.780720,0.700597,0.876901
2022-03-29,0.855884,0.775661,0.698767,0.891602
2022-03-30,0.851429,0.783712,0.706425,0.919048
2022-03-31,0.937283,0.784633,0.705006,0.924271
2022-04-01,0.947824,0.783460,0.701251,0.893546
2022-04-06,0.965230,0.789502,0.705500,0.922438
2022-04-07,0.921941,0.763981,0.678523,0.888129
2022-04-08,0.933410,0.766745,0.676991,0.889853
2022-04-11,0.894686,0.749172,0.656475,0.852936
2022-04-12,0.911612,0.752145,0.653263,0.879193
2022-04-13,0.877074,0.732787,0.628866,0.876254
2022-04-14,0.854458,0.734020,0.628419,0.853659
2022-04-15,0.767223,0.710597,0.606663,0.766506
2022-04-18,0.697882,0.703668,0.599853,0.765730
2022-04-19,0.689827,0.699792,0.598783,0.744443
2022-04-20,0.730447,0.697144,0.599836,0.777292
2022-04-21,0.744363,0.675381,0.580424,0.792101
2022-04-22,0.749730,0.660874,0.565021,0.797812
2022-04-25,0.682523,0.625345,0.534341,0.725681
2022-04-26,0.655332,0.608847,0.521333,0.675922
2022-04-27,0.620610,0.592165,0.499660,0.640590
2022-04-28,0.617426,0.587480,0.488636,0.712800
2022-04-29,0.608414,0.607627,0.492337,0.702397
2022-05-05,0.676263,0.619105,0.519084,0.749456
2022-05-06,0.668063,0.619845,0.507512,0.734641
2022-05-09,0.696960,0.631179,0.515462,0.766418
2022-05-10,0.751773,0.642953,0.528050,0.826693
2022-05-11,0.793698,0.642401,0.523832,0.872797
2022-05-12,0.812078,0.647664,0.522539,0.893008
2022-05-13,0.783130,0.651078,0.512492,0.861176
2022-05-16,0.822188,0.651401,0.512903,0.904126
2022-05-17,0.781954,0.650118,0.506376,0.859882
2022-05-18,0.735686,0.652385,0.508919,0.809003
2022-05-19,0.695279,0.656607,0.513091,0.764570
2022-05-20,0.687483,0.662215,0.515682,0.755997
2022-05-23,0.673569,0.669027,0.517668,0.740696
2022-05-24,0.676396,0.643338,0.498392,0.743805
2022-05-25,0.676396,0.650555,0.505849,0.743805
2022-05-26,0.676396,0.648334,0.500876,0.743805
2022-05-27,0.676396,0.647878,0.500097,0.743805
2022-05-30,0.676396,0.650884,0.501147,0.743805
2022-05-31,0.676396,0.653556,0.502522,0.764035
2022-06-01,0.677243,0.654651,0.503657,0.731296
2022-06-02,0.706596,0.656556,0.507201,0.754882
2022-06-06,0.700000,0.661639,0.510031,0.745314
2022-06-07,0.695164,0.657037,0.505193,0.745247
2022-06-08,0.678286,0.656219,0.505170,0.740038
2022-06-09,0.665440,0.642355,0.493407,0.732595
2022-06-10,0.678833,0.652279,0.502460,0.749510
2022-06-13,0.677284,0.657325,0.507437,0.748775
2022-06-14,0.691052,0.662871,0.513494,0.758597
2022-06-15,0.680005,0.653555,0.503901,0.751370
2022-06-16,0.673776,0.654520,0.504460,0.742541
2022-06-17,0.672084,0.660896,0.509853,0.737357
2022-06-20,0.673734,0.665532,0.512078,0.735132
2022-06-21,0.665774,0.654829,0.501627,0.727931
2022-06-22,0.660640,0.651761,0.499729,0.724688
2022-06-23,0.673346,0.664769,0.510935,0.734807
2022-06-24,0.680503,0.672955,0.517736,0.740434
2022-06-27,0.688642,0.681297,0.524804,0.746683
2022-06-28,0.690714,0.687349,0.529062,0.749980
2022-06-29,0.673790,0.660313,0.506865,0.730938
2022-06-30,0.672726,0.664869,0.509080,0.733074
2022-07-01,0.667149,0.658173,0.504260,0.727794
2022-07-04,0.667639,0.659081,0.505021,0.728052
2022-07-05,0.661033,0.651773,0.497961,0.717287
2022-07-06,0.656276,0.647171,0.495217,0.710211
2022-07-07,0.656816,0.653159,0.498395,0.707722
2022-07-08,0.654862,0.650443,0.493476,0.701550
2022-07-11,0.660156,0.646340,0.488501,0.709638
2022-07-12,0.646106,0.635011,0.479769,0.694052
2022-07-13,0.651785,0.641326,0.483483,0.702046
2022-07-14,0.638161,0.640073,0.485931,0.691478
2022-07-15,0.629395,0.632258,0.481733,0.685023
2022-07-18,0.643921,0.646351,0.492591,0.702520
2022-07-19,0.647189,0.649698,0.491756,0.699813
2022-07-20,0.653267,0.654519,0.495230,0.703030
2022-07-21,0.651735,0.652691,0.493764,0.699390
2022-07-22,0.653306,0.651801,0.494983,0.701608
2022-07-25,0.647986,0.642029,0.484348,0.696878
2022-07-26,0.654628,0.648043,0.487616,0.703193
2022-07-27,0.664983,0.658549,0.496979,0.712752
2022-07-28,0.673057,0.666050,0.502625,0.723956
2022-07-29,0.670629,0.662797,0.500584,0.721373
2022-08-01,0.672144,0.667052,0.502472,0.725408
2022-08-02,0.660264,0.647149,0.487987,0.709406
2022-08-03,0.656378,0.637511,0.480148,0.706724
2022-08-04,0.652565,0.637660,0.479776,0.696449
2022-08-05,0.649443,0.633792,0.476135,0.691042
2022-08-08,0.661738,0.644900,0.485137,0.703703
2022-08-09,0.666018,0.651751,0.490968,0.710062
2022-08-10,0.670985,0.659650,0.497739,0.716050
2022-08-11,0.678078,0.659715,0.498073,0.721076
2022-08-12,0.670150,0.650894,0.490055,0.714597
2022-08-15,0.667617,0.658489,0.495310,0.711665
2022-08-16,0.670218,0.664643,0.499076,0.714205
2022-08-17,0.663737,0.662355,0.496036,0.706262
2022-08-18,0.664303,0.666279,0.499664,0.707394
2022-08-19,0.657113,0.655599,0.488955,0.703944
2022-08-22,0.657438,0.654905,0.487819,0.705400
2022-08-23,0.659094,0.663315,0.494437,0.704810
2022-08-24,0.645360,0.642695,0.480116,0.697758
2022-08-25,0.641619,0.636266,0.474028,0.696576
2022-08-26,0.627226,0.627263,0.467533,0.678409
2022-08-29,0.627349,0.626745,0.467204,0.676818
2022-08-30,0.624972,0.618636,0.460245,0.671905
2022-08-31,0.624921,0.606144,0.455269,0.671697
2022-09-01,0.627124,0.603247,0.452764,0.673799
2022-09-02,0.623247,0.602844,0.449450,0.665827
2022-09-05,0.627758,0.607084,0.451289,0.666861
2022-09-06,0.626603,0.610095,0.453228,0.665409
2022-09-07,0.620467,0.606935,0.445856,0.656997
2022-09-08,0.608923,0.598883,0.440764,0.643357
2022-09-09,0.606968,0.590384,0.433198,0.639475
2022-09-13,0.605152,0.588547,0.431079,0.635115
2022-09-14,0.606944,0.585165,0.429915,0.634323
2022-09-15,0.620005,0.576774,0.429252,0.647636
2022-09-16,0.600631,0.562678,0.419105,0.622244
2022-09-19,0.590654,0.559359,0.414262,0.609886
2022-09-20,0.604469,0.563120,0.418059,0.611702
2022-09-21,0.605536,0.559152,0.417083,0.610277
2022-09-22,0.591931,0.556197,0.413603,0.594671
2022-09-23,0.576704,0.545312,0.403152,0.578754
2022-09-26,0.567659,0.542003,0.399545,0.567756
2022-09-27,0.572773,0.546785,0.404557,0.566107
2022-09-28,0.571912,0.535218,0.401910,0.557518
2022-09-29,0.557943,0.528409,0.394942,0.543901
2022-09-30,0.519795,0.517131,0.385043,0.506712
2022-10-10,0.518760,0.514920,0.382152,0.505704
2022-10-11,0.518760,0.518557,0.385865,0.505704
2022-10-12,0.518760,0.528143,0.397369,0.505704
2022-10-13,0.518760,0.536232,0.401214,0.505704
2022-10-14,0.518760,0.543061,0.408368,0.527081
2022-10-17,0.541959,0.552800,0.413287,0.544548
2022-10-18,0.544873,0.554959,0.418086,0.547459
2022-10-19,0.541532,0.551134,0.413711,0.536746
2022-10-20,0.551206,0.546100,0.409818,0.542367
2022-10-21,0.545663,0.547846,0.415690,0.536912
2022-10-24,0.527520,0.540229,0.409700,0.520663
2022-10-25,0.505184,0.534385,0.402872,0.495739
2022-10-26,0.516753,0.542756,0.412479,0.505157
2022-10-27,0.505708,0.535492,0.407309,0.493166
2022-10-28,0.500914,0.518243,0.396288,0.485783
2022-10-31,0.503208,0.523519,0.403805,0.489424
2022-11-01,0.511321,0.534055,0.411232,0.497702
2022-11-02,0.511418,0.539020,0.413239,0.497673
2022-11-03,0.511584,0.536659,0.408023,0.493771
2022-11-04,0.517305,0.545785,0.413890,0.499300
2022-11-07,0.520557,0.550186,0.417321,0.499048
2022-11-08,0.524001,0.548010,0.416848,0.498311
2022-11-09,0.524847,0.548805,0.417645,0.498964
2022-11-10,0.529122,0.548600,0.419391,0.500592
2022-11-11,0.522129,0.547408,0.416049,0.496507
2022-11-14,0.521655,0.544112,0.415455,0.496455
2022-11-15,0.528953,0.547959,0.417874,0.503019
2022-11-16,0.527802,0.543313,0.413450,0.498171
2022-11-17,0.533067,0.549048,0.419338,0.503988
2022-11-18,0.523559,0.545111,0.416058,0.494847
2022-11-21,0.520675,0.544962,0.415656,0.494073
2022-11-22,0.512255,0.535978,0.406459,0.486897
2022-11-23,0.503878,0.527674,0.398180,0.481095
2022-11-24,0.502825,0.527861,0.397560,0.477383
2022-11-25,0.500362,0.520998,0.392072,0.475231
2022-11-28,0.501103,0.519326,0.391468,0.475699
2022-11-29,0.511937,0.528118,0.396920,0.486714
2022-11-30,0.512049,0.524238,0.395236,0.482640
2022-12-01,0.512679,0.520410,0.393902,0.480400
2022-12-02,0.512110,0.519400,0.392166,0.479171
2022-12-05,0.521762,0.526300,0.398823,0.485603
2022-12-06,0.518440,0.519470,0.392256,0.482378
2022-12-07,0.522501,0.519991,0.390929,0.486808
2022-12-08,0.515929,0.518742,0.389303,0.480956
2022-12-09,0.516025,0.517109,0.387365,0.476676
2022-12-12,0.511391,0.516319,0.385070,0.473965
2022-12-13,0.513520,0.518499,0.386875,0.474052
2022-12-14,0.514602,0.511886,0.381967,0.472827
2022-12-15,0.506823,0.507710,0.377941,0.467605
2022-12-16,0.504344,0.509583,0.380679,0.467837
2022-12-19,0.493017,0.497866,0.371389,0.456313
2022-12-20,0.479949,0.489208,0.362203,0.443460
2022-12-21,0.480500,0.490223,0.363791,0.444629
2022-12-22,0.464859,0.487617,0.361849,0.427456
2022-12-23,0.456641,0.478270,0.352624,0.419900
2022-12-26,0.458488,0.479820,0.354182,0.417176
2022-12-27,0.480501,0.481619,0.356154,0.414569
2022-12-28,0.455621,0.479879,0.352680,0.395448
2022-12-29,0.433525,0.474931,0.346994,0.389342
2022-12-30,0.460531,0.480320,0.352968,0.411082
2023-01-03,0.452395,0.487942,0.360787,0.410858
2023-01-04,0.451670,0.487496,0.360909,0.417543
2023-01-05,0.437338,0.484718,0.353726,0.405184
2023-01-06,0.425128,0.478856,0.343370,0.392309
2023-01-09,0.424833,0.479052,0.342595,0.393850
2023-01-10,0.421793,0.479364,0.344140,0.394391
2023-01-11,0.414825,0.475305,0.340983,0.386973
2023-01-12,0.411532,0.475297,0.340936,0.379979
2023-01-13,0.409479,0.472538,0.337700,0.376769
2023-01-16,0.410576,0.471980,0.335304,0.378604
2023-01-17,0.413863,0.470552,0.334254,0.381363
2023-01-18,0.414887,0.468116,0.332147,0.381003
2023-01-19,0.411896,0.465480,0.328155,0.378355
2023-01-20,0.411597,0.466099,0.327222,0.379860
2023-01-30,0.420524,0.474530,0.332523,0.386407
2023-01-31,0.421057,0.474958,0.331963,0.388688
2023-02-01,0.429698,0.484898,0.340295,0.398792
2023-02-02,0.429921,0.482867,0.339076,0.398365
2023-02-03,0.431495,0.484322,0.340314,0.399658
2023-02-06,0.430779,0.483159,0.339656,0.399286
2023-02-07,0.435014,0.486573,0.342845,0.403301
2023-02-08,0.431071,0.482580,0.339714,0.400229
2023-02-09,0.435711,0.486915,0.342346,0.404456
2023-02-10,0.435086,0.483601,0.339678,0.403042
2023-02-13,0.438990,0.488197,0.343126,0.405777
2023-02-14,0.439699,0.486272,0.341916,0.406223
2023-02-15,0.444808,0.490867,0.346044,0.409591
2023-02-16,0.433073,0.476376,0.335813,0.399693
2023-02-17,0.429362,0.470962,0.331283,0.398019
2023-02-20,0.434578,0.476128,0.335198,0.401128
2023-02-21,0.434035,0.473303,0.333268,0.400035
2023-02-22,0.432571,0.472668,0.331771,0.399472
2023-02-23,0.426108,0.466228,0.326428,0.393877
2023-02-24,0.422618,0.466474,0.327652,0.389325
2023-02-27,0.417367,0.463206,0.324592,0.385113
2023-02-28,0.418091,0.465840,0.326045,0.385941
2023-03-01,0.421621,0.468584,0.329165,0.388203
2023-03-02,0.418303,0.465513,0.327623,0.384372
2023-03-03,0.417488,0.462996,0.325300,0.382673
2023-03-06,0.414133,0.460889,0.322487,0.379343
2023-03-07,0.405567,0.455015,0.317131,0.371796
2023-03-08,0.409007,0.459727,0.320062,0.377220
2023-03-09,0.410496,0.456590,0.320242,0.378393
2023-03-10,0.402434,0.448217,0.315348,0.373064
2023-03-13,0.404485,0.451968,0.318070,0.372045
2023-03-14,0.398906,0.447729,0.314922,0.365644
2023-03-15,0.402574,0.450253,0.316810,0.368410
2023-03-16,0.392911,0.445306,0.314139,0.359852
2023-03-17,0.396986,0.450624,0.318510,0.363716
2023-03-20,0.392244,0.444779,0.313387,0.359423
2023-03-21,0.391082,0.447597,0.314632,0.358250
2023-03-22,0.397224,0.449341,0.315760,0.363184
2023-03-23,0.405499,0.450931,0.318101,0.368168
2023-03-24,0.407673,0.453458,0.319768,0.367846
2023-03-27,0.417765,0.458550,0.325990,0.375892
2023-03-28,0.404182,0.446907,0.316787,0.363996
2023-03-29,0.397542,0.445619,0.314523,0.358164
2023-03-30,0.388366,0.440138,0.308996,0.349557
2023-03-31,0.396441,0.447316,0.316667,0.356633
2023-04-03,0.415166,0.461631,0.333942,0.372062
2023-04-04,0.411666,0.458828,0.331442,0.370309
2023-04-06,0.414833,0.458665,0.331594,0.372346
2023-04-07,0.419795,0.461666,0.334683,0.376443
2023-04-10,0.413445,0.451092,0.323800,0.370775
2023-04-11,0.416224,0.456551,0.329607,0.371474
2023-04-12,0.415934,0.461522,0.336377,0.370789
2023-04-13,0.410885,0.454326,0.328702,0.366872
2023-04-14,0.407800,0.451826,0.326168,0.362846
2023-04-17,0.399030,0.445784,0.319653,0.352634
2023-04-18,0.403029,0.446394,0.319621,0.354968
2023-04-19,0.402949,0.448564,0.321453,0.353678
2023-04-20,0.402454,0.453743,0.328086,0.353400
2023-04-21,0.389206,0.443995,0.320642,0.342430
2023-04-24,0.389008,0.446104,0.324426,0.343148
2023-04-25,0.388050,0.443899,0.323865,0.343510
2023-04-26,0.398868,0.443175,0.324823,0.351471
2023-04-27,0.398575,0.432755,0.314254,0.352253
2023-04-28,0.400290,0.443582,0.325005,0.352721
2023-05-04,0.406929,0.454142,0.336777,0.359254
2023-05-05,0.403253,0.449175,0.330958,0.358594
2023-05-08,0.403492,0.450331,0.331559,0.361342
2023-05-09,0.401637,0.440529,0.322109,0.360083
2023-05-10,0.396323,0.441390,0.320486,0.353567
2023-05-11,0.392737,0.441594,0.317867,0.349038
2023-05-12,0.390521,0.434876,0.311969,0.346233
2023-05-15,0.391820,0.436964,0.311615,0.347107
2023-05-16,0.389706,0.428827,0.302514,0.346413
2023-05-17,0.392382,0.428224,0.300182,0.349336
2023-05-18,0.392776,0.426586,0.297423,0.348998
2023-05-19,0.400218,0.425127,0.297475,0.353109
2023-05-22,0.409091,0.426914,0.298955,0.357373
2023-05-23,0.406731,0.421859,0.294429,0.356990
2023-05-24,0.411659,0.425561,0.299941,0.362050
2023-05-25,0.414806,0.427148,0.301392,0.364576
2023-05-26,0.406500,0.426131,0.297906,0.359360
2023-05-29,0.411833,0.425340,0.297605,0.362100
2023-05-30,0.410928,0.428162,0.299339,0.361046
2023-05-31,0.396953,0.423015,0.293781,0.349985
2023-06-01,0.391998,0.420583,0.289417,0.346445
2023-06-02,0.386347,0.416906,0.285362,0.341025
2023-06-05,0.388718,0.423218,0.288918,0.341392
2023-06-06,0.380852,0.417726,0.283012,0.333043
2023-06-07,0.384178,0.425627,0.289243,0.337260
2023-06-08,0.384916,0.422780,0.288326,0.335978
2023-06-09,0.385806,0.425956,0.292405,0.336833
2023-06-12,0.388279,0.428360,0.293178,0.337939
2023-06-13,0.386332,0.428909,0.293185,0.336058
2023-06-14,0.388110,0.429015,0.293291,0.335900
2023-06-15,0.382010,0.427227,0.290612,0.327167
2023-06-16,0.375770,0.428674,0.291643,0.321631
2023-06-19,0.371926,0.432186,0.295195,0.317696
2023-06-20,0.370068,0.430624,0.293246,0.315253
2023-06-21,0.367068,0.423151,0.286782,0.312750
2023-06-26,0.361764,0.412597,0.278688,0.309394
2023-06-27,0.362543,0.413129,0.279063,0.309181
2023-06-28,0.362103,0.411303,0.274655,0.307655
2023-06-29,0.366232,0.412216,0.276872,0.309576
2023-06-30,0.368580,0.414667,0.278812,0.310867
2023-07-03,0.368493,0.415679,0.279037,0.311165
2023-07-04,0.370489,0.418400,0.281910,0.312092
2023-07-05,0.369322,0.413520,0.277355,0.310381
2023-07-06,0.371938,0.415773,0.279334,0.312930
2023-07-07,0.366898,0.411128,0.275487,0.308793
2023-07-10,0.366730,0.409284,0.273723,0.308758
2023-07-11,0.372090,0.412277,0.276706,0.312383
2023-07-12,0.374835,0.411890,0.277283,0.312599
2023-07-13,0.370986,0.411343,0.274717,0.310790
2023-07-14,0.365398,0.406409,0.270746,0.306852
2023-07-17,0.362656,0.402591,0.268554,0.304675
2023-07-18,0.363246,0.401608,0.268913,0.305079
2023-07-19,0.365025,0.403593,0.270038,0.305925
2023-07-20,0.357351,0.397210,0.266724,0.301030
2023-07-21,0.355778,0.390810,0.261646,0.300131
2023-07-24,0.351947,0.386530,0.258641,0.296047
2023-07-25,0.355800,0.391437,0.261518,0.300153
2023-07-26,0.361338,0.393444,0.263885,0.306230
2023-07-27,0.357742,0.385715,0.259244,0.304383
2023-07-28,0.362307,0.391030,0.262524,0.306626
2023-07-31,0.372376,0.401770,0.269901,0.313392
2023-08-01,0.370885,0.396577,0.266193,0.310509
2023-08-02,0.368768,0.394995,0.265532,0.310033
2023-08-03,0.369645,0.398153,0.268308,0.310298
2023-08-04,0.371285,0.397780,0.268583,0.312346
2023-08-07,0.370055,0.394003,0.266228,0.311028
2023-08-08,0.363812,0.388074,0.262014,0.307161
2023-08-09,0.359435,0.383616,0.259015,0.303466
2023-08-10,0.361276,0.383981,0.260803,0.304640
2023-08-11,0.352913,0.375502,0.254215,0.297147
2023-08-14,0.347740,0.374066,0.252123,0.292388
2023-08-15,0.356306,0.374437,0.255742,0.299383
2023-08-16,0.350202,0.372177,0.254724,0.293597
2023-08-17,0.350047,0.370533,0.252629,0.293152
2023-08-18,0.339434,0.358975,0.243654,0.283247
2023-08-21,0.335726,0.357073,0.241371,0.279790
2023-08-22,0.329888,0.360357,0.244165,0.273306
2023-08-23,0.320671,0.354150,0.237423,0.267446
2023-08-24,0.309907,0.343635,0.227878,0.269880
2023-08-25,0.303083,0.330576,0.219690,0.263385
2023-08-28,0.317380,0.334208,0.222797,0.275809
2023-08-29,0.298062,0.337640,0.221965,0.259022
2023-08-30,0.297036,0.330698,0.216150,0.267558
2023-08-31,0.282328,0.327009,0.212585,0.246196
2023-09-01,0.267820,0.324594,0.206259,0.236528
2023-09-04,0.265080,0.328873,0.207480,0.236390
2023-09-05,0.265228,0.325661,0.203631,0.234112
2023-09-06,0.257491,0.326799,0.202820,0.229086
2023-09-07,0.253492,0.320226,0.198422,0.224682
2023-09-08,0.253977,0.319907,0.199989,0.224627
2023-09-11,0.247385,0.316978,0.197443,0.218599
2023-09-12,0.248113,0.314834,0.196429,0.219035
2023-09-13,0.250332,0.313360,0.196945,0.218562
2023-09-14,0.252775,0.312824,0.196634,0.219936
2023-09-15,0.256179,0.312191,0.196307,0.223564
2023-09-18,0.251768,0.310872,0.194206,0.220669
2023-09-19,0.245077,0.307165,0.191092,0.214462
2023-09-20,0.238783,0.302466,0.187515,0.207625
2023-09-21,0.235937,0.301742,0.186445,0.204741
2023-09-22,0.238598,0.302854,0.187113,0.207694
2023-09-25,0.241097,0.307165,0.188966,0.209870
2023-09-26,0.234771,0.306379,0.188910,0.203887
2023-09-27,0.235879,0.305548,0.189136,0.206789
2023-09-28,0.237656,0.307171,0.189518,0.206235
2023-10-09,0.235357,0.309798,0.193242,0.207018
2023-10-10,0.225904,0.310771,0.192869,0.198613
2023-10-11,0.223879,0.308484,0.190235,0.196182
2023-10-12,0.227886,0.310443,0.192213,0.199055
2023-10-13,0.233871,0.314672,0.195733,0.203333
2023-10-16,0.237511,0.313195,0.195775,0.207154
2023-10-17,0.231596,0.308657,0.192868,0.202962
2023-10-18,0.236059,0.308649,0.193603,0.207304
2023-10-19,0.228829,0.298667,0.186461,0.200604
2023-10-20,0.226020,0.293949,0.182781,0.196752
2023-10-23,0.227886,0.294668,0.183122,0.197218
2023-10-24,0.229845,0.296774,0.183699,0.198377
2023-10-25,0.232408,0.300940,0.186563,0.199904
2023-10-26,0.232784,0.301304,0.187884,0.199914
2023-10-27,0.232000,0.300112,0.187644,0.200051
2023-10-30,0.231907,0.298832,0.187056,0.197882
2023-10-31,0.229439,0.295914,0.184680,0.195657
2023-11-01,0.229836,0.295695,0.184706,0.196991
2023-11-02,0.225038,0.292598,0.182115,0.192296
2023-11-03,0.225798,0.293497,0.183038,0.193854
2023-11-06,0.229078,0.301404,0.189989,0.197991
2023-11-07,0.230527,0.305368,0.193839,0.200117
2023-11-08,0.226958,0.307366,0.196158,0.198317
2023-11-09,0.221000,0.299707,0.187368,0.193005
2023-11-10,0.222069,0.297539,0.185687,0.193494
2023-11-13,0.219926,0.298916,0.186223,0.192315
2023-11-14,0.221129,0.302473,0.188484,0.192808
2023-11-15,0.222380,0.303472,0.189208,0.194426
2023-11-16,0.220811,0.302051,0.188350,0.191283
2023-11-17,0.222967,0.303841,0.189900,0.192254
2023-11-20,0.224784,0.308018,0.192659,0.193614
2023-11-21,0.221839,0.305565,0.191383,0.191458
2023-11-22,0.219852,0.300887,0.188405,0.190179
2023-11-23,0.218414,0.298576,0.186210,0.188545
2023-11-24,0.217176,0.294176,0.183268,0.187129
2023-11-27,0.215056,0.290190,0.180651,0.185003
2023-11-28,0.216553,0.291030,0.181533,0.185661
2023-11-29,0.213412,0.286359,0.178464,0.182082
2023-11-30,0.212716,0.283145,0.176699,0.180671
2023-12-01,0.210769,0.281410,0.175856,0.178681
2023-12-04,0.211943,0.282226,0.176552,0.180060
2023-12-05,0.213360,0.280171,0.176546,0.178760
2023-12-06,0.214633,0.280714,0.176151,0.178887
2023-12-07,0.214874,0.279512,0.174156,0.178672
2023-12-08,0.209958,0.274637,0.170842,0.174726
2023-12-11,0.211677,0.277029,0.171906,0.176462
2023-12-12,0.214739,0.279500,0.174344,0.178232
2023-12-13,0.212734,0.278747,0.174495,0.176578
2023-12-14,0.211347,0.276213,0.172928,0.176247
2023-12-15,0.208443,0.275769,0.172254,0.173263
2023-12-18,0.205021,0.272164,0.170468,0.171352
2023-12-19,0.201103,0.268537,0.167366,0.168901
2023-12-20,0.197738,0.266194,0.164736,0.166873
2023-12-21,0.197188,0.267632,0.164935,0.168974
2023-12-22,0.194669,0.261011,0.158801,0.166000
2023-12-25,0.191199,0.260507,0.158126,0.164985
2023-12-26,0.190830,0.261134,0.157801,0.165235
2023-12-27,0.188619,0.258521,0.155046,0.162645
2023-12-28,0.192337,0.259829,0.154260,0.165741
2023-12-29,0.192945,0.263115,0.155774,0.166556
2024-01-02,0.193594,0.263278,0.155115,0.167189
2024-01-03,0.190973,0.261880,0.152326,0.164467
2024-01-04,0.187046,0.258943,0.148867,0.160114
2024-01-05,0.182319,0.251664,0.144674,0.155369
2024-01-08,0.177208,0.249925,0.143077,0.151960
2024-01-09,0.174066,0.248244,0.139647,0.151653
2024-01-10,0.174331,0.244212,0.137669,0.153205
2024-01-11,0.175012,0.246987,0.139320,0.155348
2024-01-12,0.171371,0.241508,0.136566,0.153278
2024-01-15,0.171091,0.241302,0.136833,0.152985
2024-01-16,0.170674,0.240536,0.136292,0.152192
2024-01-17,0.164253,0.234321,0.132716,0.147224
2024-01-18,0.162830,0.232992,0.131975,0.145752
2024-01-19,0.158372,0.225078,0.126721,0.141863
2024-01-22,0.150681,0.216456,0.122014,0.135797
2024-01-23,0.148369,0.215643,0.120138,0.133476
2024-01-24,0.145896,0.217574,0.120922,0.132495
2024-01-25,0.145912,0.219584,0.122242,0.137160
2024-01-26,0.139996,0.217541,0.119707,0.132021
2024-01-29,0.139448,0.211044,0.115149,0.131068
2024-01-30,0.138478,0.204921,0.110142,0.130743
2024-01-31,0.135085,0.199813,0.105773,0.126188
2024-02-01,0.129574,0.195337,0.100661,0.118890
2024-02-02,0.124313,0.189549,0.095993,0.114063
2024-02-05,0.122683,0.177907,0.092181,0.112567
2024-02-06,0.117651,0.173683,0.090014,0.107950
2024-02-07,0.117651,0.169376,0.088700,0.107950
2024-02-08,0.117651,0.171744,0.087620,0.107950
2024-02-19,0.117651,0.172415,0.089125,0.107950
2024-02-20,0.117651,0.174253,0.090783,0.107950
2024-02-21,0.117651,0.177693,0.089952,0.107950
2024-02-22,0.117651,0.182647,0.091991,0.110933
2024-02-23,0.117140,0.188923,0.092094,0.110315
2024-02-26,0.112941,0.192363,0.091609,0.106361
2024-02-27,0.112547,0.198306,0.095048,0.105990
2024-02-28,0.112416,0.184228,0.090413,0.105867
2024-02-29,0.113728,0.191098,0.094374,0.107102
2024-03-01,0.112416,0.193488,0.095165,0.104709
2024-03-04,0.111920,0.194341,0.095615,0.103718
2024-03-05,0.111406,0.191383,0.095021,0.103243
2024-03-06,0.111464,0.192272,0.095731,0.103296
2024-03-07,0.109804,0.189293,0.093853,0.101757
2024-03-08,0.110691,0.191332,0.095436,0.102580
2024-03-11,0.112151,0.194214,0.096599,0.103932
2024-03-12,0.111120,0.194982,0.096646,0.102977
2024-03-13,0.109976,0.195246,0.096553,0.101917
2024-03-14,0.109522,0.193553,0.095392,0.101497
2024-03-15,0.109522,0.195608,0.096248,0.101497
2024-03-18,0.109522,0.200676,0.099086,0.101497
2024-03-19,0.109522,0.199985,0.098654,0.100269
2024-03-20,0.110407,0.202942,0.100240,0.101158
2024-03-21,0.110271,0.203818,0.100628,0.099009
2024-03-22,0.106649,0.200946,0.099110,0.096891
2024-03-25,0.103146,0.195331,0.096239,0.092565
2024-03-26,0.102547,0.194284,0.095690,0.092487
2024-03-27,0.098800,0.187713,0.092321,0.089819
2024-03-28,0.100104,0.190975,0.094121,0.090915
2024-03-29,0.097392,0.190337,0.093740,0.089551
2024-04-01,0.097522,0.192742,0.095086,0.091063
2024-04-02,0.098163,0.192285,0.094757,0.091858
2024-04-03,0.096435,0.188919,0.092931,0.091071
2024-04-08,0.094654,0.184139,0.090560,0.090054
2024-04-09,0.095788,0.184906,0.090890,0.089964
2024-04-10,0.094197,0.181859,0.089276,0.087432
2024-04-11,0.093691,0.180826,0.088664,0.087045
2024-04-12,0.094848,0.178779,0.087886,0.087346
2024-04-15,0.091884,0.171817,0.084261,0.084157
2024-04-16,0.088696,0.163481,0.080225,0.080570
2024-04-17,0.089935,0.166264,0.081447,0.081200
2024-04-18,0.088663,0.165619,0.081024,0.080294
2024-04-19,0.088495,0.165437,0.082679,0.079337
2024-04-22,0.084854,0.162209,0.079591,0.076139
2024-04-23,0.083846,0.162800,0.078579,0.074938
2024-04-24,0.085040,0.164824,0.080102,0.075650
2024-04-25,0.086291,0.165028,0.079918,0.076763
2024-04-26,0.086624,0.165252,0.080313,0.077121
2024-04-29,0.088259,0.168463,0.081661,0.077777
2024-04-30,0.089753,0.166011,0.081168,0.079172
2024-05-06,0.094000,0.169492,0.083995,0.082467
2024-05-07,0.094342,0.171363,0.084685,0.082744
2024-05-08,0.092941,0.168853,0.084694,0.081515
2024-05-09,0.092943,0.170380,0.085436,0.081280
2024-05-10,0.092432,0.169650,0.084184,0.080617
2024-05-13,0.092508,0.167663,0.083941,0.080689
2024-05-14,0.092811,0.167933,0.083742,0.080790
2024-05-15,0.091129,0.166558,0.083070,0.079323
2024-05-16,0.090788,0.166370,0.082627,0.079026
2024-05-17,0.093130,0.168635,0.083529,0.081064
2024-05-20,0.093531,0.169301,0.084008,0.081413
2024-05-21,0.092442,0.168668,0.083771,0.080465
2024-05-22,0.091116,0.169644,0.084235,0.079312
2024-05-23,0.090706,0.165636,0.082451,0.078954
2024-05-24,0.091811,0.162058,0.080491,0.079916
2024-05-27,0.087279,0.159979,0.079316,0.075072
2024-05-28,0.088911,0.159379,0.078634,0.075742
2024-05-29,0.087887,0.159055,0.078380,0.074869
2024-05-30,0.084406,0.154906,0.075334,0.071904
2024-05-31,0.084546,0.153500,0.075177,0.071872
2024-06-03,0.089620,0.150118,0.073023,0.074749
2024-06-04,0.086836,0.147666,0.071603,0.074847
2024-06-05,0.085330,0.144527,0.069932,0.072445
2024-06-06,0.083863,0.140781,0.068536,0.068261
2024-06-07,0.084490,0.140069,0.067648,0.068219
2024-06-11,0.085569,0.142078,0.068846,0.068977
2024-06-12,0.087785,0.144571,0.070356,0.069565
2024-06-13,0.082953,0.143594,0.069626,0.066846
2024-06-14,0.082880,0.143228,0.069755,0.067250
2024-06-17,0.085157,0.145343,0.071578,0.068870
2024-06-18,0.086871,0.147290,0.072365,0.070072
2024-06-19,0.085876,0.145698,0.071309,0.068334
2024-06-20,0.085205,0.143311,0.070943,0.067894
2024-06-21,0.082767,0.141458,0.068385,0.066966
2024-06-24,0.080120,0.137548,0.066414,0.066291
2024-06-25,0.078656,0.136475,0.064656,0.064408
2024-06-26,0.079272,0.137851,0.066593,0.065522
2024-06-27,0.076667,0.135459,0.065561,0.063401
2024-06-28,0.080571,0.135278,0.065771,0.066630
2024-07-01,0.078928,0.136064,0.065722,0.065271
2024-07-02,0.078665,0.136305,0.066931,0.065054
2024-07-03,0.079122,0.132741,0.064759,0.066749
2024-07-04,0.077000,0.130119,0.063403,0.063259
2024-07-05,0.078216,0.130654,0.062428,0.064258
2024-07-08,0.075509,0.128582,0.061171,0.062033
2024-07-09,0.073930,0.129070,0.061656,0.062942
2024-07-10,0.073194,0.127204,0.061936,0.063991
2024-07-11,0.074887,0.129525,0.063333,0.063970
2024-07-12,0.074321,0.127943,0.061552,0.063393
2024-07-15,0.071232,0.126709,0.061397,0.060758
2024-07-16,0.072247,0.126857,0.061856,0.061134
2024-07-17,0.072749,0.124441,0.060218,0.061405
2024-07-18,0.073911,0.124548,0.060424,0.062048
2024-07-19,0.073083,0.124080,0.059961,0.061216
2024-07-22,0.071834,0.123999,0.059967,0.060169
2024-07-23,0.071218,0.123628,0.060784,0.061406
2024-07-24,0.070474,0.121968,0.058884,0.060678
2024-07-25,0.067186,0.122281,0.059396,0.058108
2024-07-26,0.066441,0.122601,0.059465,0.057845
2024-07-29,0.066080,0.124534,0.060993,0.057501
2024-07-30,0.066601,0.124738,0.060857,0.057954
2024-07-31,0.067351,0.126671,0.061234,0.059142
2024-08-01,0.070792,0.127966,0.062285,0.060455
2024-08-02,0.068256,0.126122,0.061477,0.059484
2024-08-05,0.066010,0.123410,0.060093,0.057121
2024-08-06,0.067994,0.124889,0.060656,0.059023
2024-08-07,0.067046,0.123331,0.059836,0.057758
2024-08-08,0.067332,0.122185,0.059233,0.057485
2024-08-09,0.066432,0.119989,0.057862,0.056240
2024-08-12,0.066375,0.118194,0.057027,0.056465
2024-08-13,0.065803,0.117810,0.056665,0.056030
2024-08-14,0.065684,0.118052,0.056742,0.055327
2024-08-15,0.065504,0.118663,0.057083,0.055093
2024-08-16,0.066694,0.116578,0.056072,0.056151
2024-08-19,0.064791,0.114777,0.054941,0.055060
2024-08-20,0.063798,0.114030,0.054263,0.054130
2024-08-21,0.061161,0.112576,0.053175,0.052191
2024-08-22,0.061665,0.109712,0.052032,0.053237
2024-08-23,0.061575,0.109508,0.051926,0.053144
2024-08-26,0.062322,0.109981,0.051875,0.053606
2024-08-27,0.061967,0.107234,0.049853,0.052791
2024-08-28,0.060881,0.106204,0.049582,0.052027
2024-08-29,0.060915,0.107342,0.050518,0.052141
2024-08-30,0.061336,0.109286,0.051668,0.052360
2024-09-02,0.060942,0.108061,0.051042,0.051801
2024-09-03,0.061855,0.109228,0.051368,0.052678
2024-09-04,0.061835,0.108483,0.050548,0.052596
2024-09-05,0.061637,0.108613,0.050478,0.052676
2024-09-06,0.059602,0.106217,0.049126,0.050747
2024-09-09,0.059748,0.105993,0.048931,0.051501
2024-09-10,0.059407,0.104799,0.048062,0.050797
2024-09-11,0.057966,0.103581,0.047267,0.049664
2024-09-12,0.057561,0.103689,0.047368,0.049237
2024-09-13,0.056686,0.102282,0.046701,0.048722
2024-09-18,0.056698,0.101494,0.046462,0.048580
2024-09-19,0.057662,0.103353,0.047454,0.049336
2024-09-20,0.058382,0.104581,0.048068,0.049946
2024-09-23,0.059127,0.105354,0.048486,0.050604
2024-09-24,0.060702,0.107731,0.049636,0.051948
2024-09-25,0.062276,0.109192,0.050444,0.052440
2024-09-26,0.064466,0.112711,0.052028,0.054075
2024-09-27,0.067105,0.117459,0.054079,0.056256
2024-09-30,0.073234,0.127116,0.058312,0.061542
2024-10-08,0.077169,0.133316,0.060887,0.064949
2024-10-09,0.070732,0.125237,0.057338,0.059478
2024-10-10,0.069799,0.122305,0.055835,0.058627
2024-10-11,0.067326,0.117159,0.053481,0.056510
2024-10-14,0.068505,0.121052,0.055333,0.057513
2024-10-15,0.067729,0.119221,0.054493,0.056862
2024-10-16,0.067582,0.118710,0.054257,0.056738
2024-10-17,0.067602,0.119390,0.054594,0.056755
2024-10-18,0.070067,0.122934,0.056229,0.058825
2024-10-21,0.072843,0.127087,0.058257,0.061155
2024-10-22,0.073375,0.125921,0.057395,0.061602
2024-10-23,0.073505,0.125984,0.057424,0.061711
2024-10-24,0.072644,0.125535,0.057047,0.060988
2024-10-25,0.074975,0.128647,0.058424,0.062945
2024-10-28,0.076875,0.132657,0.060223,0.064540
2024-10-29,0.076077,0.130744,0.059329,0.063870
2024-10-30,0.074103,0.131678,0.059733,0.062213
2024-10-31,0.075766,0.135290,0.061349,0.063609
2024-11-01,0.072166,0.128412,0.058032,0.060587
2024-11-04,0.071849,0.128277,0.057962,0.060321
2024-11-05,0.074118,0.132301,0.059805,0.062225
2024-11-06,0.077635,0.133477,0.060392,0.065178
2024-11-07,0.075679,0.135482,0.061259,0.066660
2024-11-08,0.074647,0.135546,0.061260,0.064895
2024-11-11,0.075232,0.137159,0.061942,0.065474
2024-11-12,0.074440,0.134980,0.060904,0.064896
2024-11-13,0.073582,0.134052,0.060461,0.064678
2024-11-14,0.071296,0.129795,0.058517,0.062367
2024-11-15,0.070898,0.127733,0.057582,0.061981
2024-11-18,0.070470,0.125736,0.056843,0.061669
2024-11-19,0.070297,0.126144,0.057010,0.061598
2024-11-20,0.071179,0.131024,0.059402,0.062227
2024-11-21,0.069697,0.130579,0.059107,0.061918
2024-11-22,0.068055,0.126964,0.057621,0.059804
2024-11-25,0.068976,0.127551,0.057985,0.061324
2024-11-26,0.065805,0.122619,0.055340,0.059311
2024-11-27,0.067338,0.123714,0.056036,0.060378
2024-11-28,0.068038,0.124349,0.056369,0.061191
2024-11-29,0.068893,0.125600,0.056874,0.062145
2024-12-02,0.070076,0.128379,0.058049,0.063171
2024-12-03,0.069234,0.127800,0.057634,0.062508
2024-12-04,0.067951,0.125802,0.056511,0.061038
2024-12-05,0.067789,0.127191,0.056913,0.060847
2024-12-06,0.067297,0.127332,0.056724,0.060190
2024-12-09,0.067536,0.127535,0.056818,0.060065
2024-12-10,0.067908,0.129139,0.057564,0.060280
2024-12-11,0.068823,0.131538,0.058800,0.061009
2024-12-12,0.069393,0.132887,0.059553,0.061375
2024-12-13,0.067855,0.131530,0.058902,0.060071
2024-12-16,0.067364,0.130428,0.058416,0.059574
2024-12-17,0.064808,0.123801,0.055250,0.057279
2024-12-18,0.064922,0.123994,0.055350,0.057632
2024-12-19,0.063788,0.121242,0.054038,0.056395
2024-12-20,0.063376,0.121365,0.054006,0.055875
2024-12-23,0.060912,0.116159,0.051603,0.053975
2024-12-24,0.062288,0.116554,0.051631,0.054677
2024-12-25,0.061468,0.112943,0.050075,0.053786
2024-12-26,0.065094,0.115028,0.051306,0.056959
2024-12-27,0.064970,0.113820,0.050739,0.056710
2024-12-30,0.064392,0.112816,0.050057,0.056383
2024-12-31,0.061864,0.109216,0.048231,0.054321
2025-01-02,0.061244,0.108614,0.047817,0.053890
2025-01-03,0.059045,0.105895,0.046801,0.052451
2025-01-06,0.059575,0.103731,0.045808,0.053672
2025-01-07,0.064636,0.104521,0.045477,0.058232
2025-01-08,0.064592,0.105167,0.045582,0.058192
2025-01-09,0.062317,0.104725,0.045078,0.057544
2025-01-10,0.060264,0.100252,0.042675,0.055214
2025-01-13,0.059380,0.097978,0.040971,0.054405
2025-01-14,0.060338,0.101971,0.042141,0.055282
2025-01-15,0.057854,0.101748,0.041756,0.053006
2025-01-16,0.058867,0.102209,0.042443,0.053934
2025-01-17,0.058932,0.101255,0.041849,0.053994
2025-01-20,0.058442,0.101754,0.041966,0.053545
2025-01-21,0.057429,0.101725,0.042531,0.052617
2025-01-22,0.056914,0.099917,0.042106,0.052145
2025-01-23,0.056914,0.098801,0.041401,0.052145
2025-01-24,0.056914,0.099509,0.041933,0.049196
2025-01-27,0.055387,0.096968,0.040854,0.047617
2025-02-05,0.058081,0.096681,0.040256,0.047775
2025-02-06,0.058839,0.098750,0.041331,0.048491
2025-02-07,0.059036,0.100340,0.041840,0.048683
2025-02-10,0.059627,0.102640,0.042684,0.049430
2025-02-11,0.058801,0.102316,0.042518,0.048853
2025-02-12,0.060516,0.104437,0.043485,0.049867
2025-02-13,0.059566,0.103359,0.042943,0.049178
2025-02-14,0.060493,0.104106,0.043428,0.049700
2025-02-17,0.060888,0.105600,0.044032,0.049737
2025-02-18,0.059893,0.102638,0.042806,0.049227
2025-02-19,0.060895,0.105046,0.043928,0.050054
2025-02-20,0.060861,0.105245,0.044075,0.049796
2025-02-21,0.061200,0.107288,0.045017,0.049771
2025-02-24,0.061394,0.107044,0.044907,0.049719
2025-02-25,0.060919,0.106767,0.044777,0.049319
2025-02-26,0.061636,0.108144,0.045341,0.049956
2025-02-27,0.061199,0.107335,0.044952,0.049692
2025-02-28,0.059518,0.102725,0.042972,0.048199
2025-03-03,0.059579,0.101862,0.042564,0.047946
2025-03-04,0.059880,0.101861,0.042705,0.048065
2025-03-05,0.060077,0.102370,0.042988,0.048121
2025-03-06,0.061134,0.104112,0.043772,0.048839
2025-03-07,0.060406,0.103148,0.043418,0.048290
2025-03-10,0.060340,0.103113,0.043422,0.048134
2025-03-11,0.060618,0.104141,0.043763,0.048296
2025-03-12,0.060493,0.104874,0.044086,0.048122
2025-03-13,0.060564,0.103395,0.043402,0.047968
2025-03-14,0.060262,0.103362,0.043256,0.047648
2025-03-17,0.060769,0.103971,0.043640,0.047713
2025-03-18,0.060826,0.104297,0.043746,0.047779
2025-03-19,0.060953,0.104069,0.043743,0.047993
2025-03-20,0.060858,0.103937,0.043759,0.048109
2025-03-21,0.060200,0.102133,0.042956,0.047627
2025-03-24,0.059677,0.100027,0.042173,0.047053
2025-03-25,0.059260,0.098311,0.041330,0.046523
2025-03-26,0.059177,0.098446,0.041343,0.046365
2025-03-27,0.057389,0.096224,0.040270,0.045167
2025-03-28,0.055786,0.094297,0.039334,0.044085
2025-03-31,0.054569,0.092581,0.038481,0.043165
2025-04-01,0.055985,0.094112,0.039244,0.044131
2025-04-02,0.055608,0.092837,0.038656,0.043550
2025-04-03,0.056476,0.092721,0.038759,0.043864
2025-04-07,0.052963,0.086119,0.035858,0.041047
2025-04-08,0.053330,0.086208,0.035845,0.041658
2025-04-09,0.052283,0.084966,0.034946,0.040759
2025-04-10,0.053287,0.087772,0.035760,0.040875
2025-04-11,0.051077,0.086203,0.034384,0.039289
2025-04-14,0.051471,0.087300,0.035155,0.039775
2025-04-15,0.050992,0.086203,0.034787,0.039339
2025-04-16,0.049999,0.085309,0.034400,0.038765
2025-04-17,0.049767,0.085848,0.034511,0.038645
2025-04-18,0.047493,0.084383,0.033419,0.036880
2025-04-21,0.047941,0.085700,0.034134,0.037227
2025-04-22,0.048254,0.085995,0.034662,0.037470
2025-04-23,0.045986,0.085027,0.033654,0.036904
2025-04-24,0.044222,0.084745,0.033843,0.036135
2025-04-25,0.043272,0.084443,0.033433,0.035358
2025-04-28,0.042401,0.082767,0.032760,0.034802
2025-04-29,0.042586,0.082754,0.032631,0.034374
2025-04-30,0.043250,0.082556,0.032147,0.034837
2025-05-06,0.043497,0.084973,0.032849,0.035035
2025-05-07,0.043348,0.085664,0.033217,0.034915
2025-05-08,0.044929,0.085722,0.033196,0.036189
2025-05-09,0.044683,0.084450,0.032652,0.035991
2025-05-12,0.044900,0.085984,0.033342,0.036166
2025-05-13,0.046739,0.086028,0.033358,0.037647
2025-05-14,0.046892,0.086366,0.033435,0.038239
2025-05-15,0.046159,0.085334,0.032890,0.038005
2025-05-16,0.047269,0.086012,0.033225,0.038760
2025-05-19,0.048772,0.086862,0.033446,0.039800
2025-05-20,0.048854,0.086851,0.033306,0.039542
2025-05-21,0.048808,0.086187,0.032979,0.039230
2025-05-22,0.047637,0.084840,0.032409,0.038251
2025-05-23,0.046761,0.083957,0.032180,0.037545
2025-05-26,0.047379,0.084532,0.032410,0.037872
2025-05-27,0.047768,0.086445,0.033144,0.037918
2025-05-28,0.047181,0.086097,0.033046,0.037314
2025-05-29,0.047271,0.086391,0.033176,0.037322
2025-05-30,0.046357,0.084131,0.032232,0.036474
2025-06-03,0.046623,0.084880,0.032616,0.036505
2025-06-04,0.046598,0.085162,0.032545,0.036458
2025-06-05,0.046647,0.084699,0.032278,0.036313
2025-06-06,0.046381,0.084129,0.031988,0.036055
2025-06-09,0.046998,0.085692,0.032583,0.036513
2025-06-10,0.047136,0.085313,0.032509,0.036599
2025-06-11,0.047280,0.085086,0.032463,0.036640
2025-06-12,0.047171,0.085507,0.032790,0.036622
2025-06-13,0.046135,0.083333,0.031899,0.035778
2025-06-16,0.046748,0.084027,0.032212,0.036335
2025-06-17,0.047005,0.083724,0.032005,0.036245
2025-06-18,0.046513,0.083204,0.031658,0.035685
2025-06-19,0.046024,0.081723,0.031180,0.035374
2025-06-20,0.044628,0.079987,0.030370,0.034321
2025-06-23,0.046144,0.082042,0.031199,0.035194
2025-06-24,0.045313,0.081231,0.030721,0.034483
2025-06-25,0.045218,0.081424,0.030574,0.034585
2025-06-26,0.045387,0.081526,0.030589,0.034697
2025-06-27,0.045231,0.081462,0.030559,0.034591
2025-06-30,0.046846,0.083537,0.031635,0.035530
2025-07-01,0.046936,0.083006,0.031395,0.035740
2025-07-02,0.046069,0.081740,0.030772,0.034984
2025-07-03,0.046254,0.082234,0.030903,0.034981
2025-07-04,0.045293,0.081315,0.030450,0.034299
2025-07-07,0.045422,0.081913,0.030593,0.034421
2025-07-08,0.046572,0.083197,0.031173,0.035004
2025-07-09,0.046744,0.083456,0.031368,0.035042
2025-07-10,0.046357,0.082955,0.031123,0.034768
2025-07-11,0.045891,0.082241,0.030717,0.034467
2025-07-14,0.046077,0.082143,0.030714,0.034391
2025-07-15,0.045265,0.080881,0.030206,0.033859
2025-07-16,0.045066,0.080616,0.030031,0.033640
2025-07-17,0.044987,0.081293,0.030248,0.033635
2025-07-18,0.045156,0.080929,0.030091,0.033887
2025-07-21,0.045440,0.081511,0.030273,0.034089
2025-07-22,0.045001,0.080926,0.030029,0.034075
2025-07-23,0.044293,0.079929,0.029644,0.033578
2025-07-24,0.044779,0.080669,0.029962,0.033895
2025-07-25,0.044411,0.079934,0.029725,0.033591
2025-07-28,0.044344,0.080090,0.029785,0.033595
2025-07-29,0.044496,0.080843,0.030081,0.033654
2025-07-30,0.044510,0.080398,0.029920,0.033646
2025-07-31,0.043928,0.079848,0.029683,0.033237
2025-08-01,0.043767,0.079438,0.029515,0.033038
2025-08-04,0.044079,0.079954,0.029695,0.033248
2025-08-05,0.043999,0.080274,0.029765,0.033140
2025-08-06,0.044182,0.080476,0.029839,0.033296
2025-08-07,0.044305,0.080799,0.029966,0.033217
2025-08-08,0.044561,0.081104,0.030117,0.033239
2025-08-11,0.045190,0.082526,0.030693,0.033708
2025-08-12,0.045062,0.082243,0.030602,0.033684
2025-08-13,0.045367,0.083339,0.031124,0.033910
2025-08-14,0.044154,0.081396,0.030344,0.033142
2025-08-15,0.044768,0.082983,0.030955,0.033679
2025-08-18,0.045443,0.084560,0.031562,0.034125
2025-08-19,0.045261,0.084409,0.031440,0.034044
2025-08-20,0.045311,0.084001,0.031262,0.034064
2025-08-21,0.044578,0.082468,0.030587,0.033485
2025-08-22,0.044781,0.083229,0.030881,0.033575
2025-08-25,0.045147,0.084452,0.031323,0.033812
2025-08-26,0.045216,0.084356,0.031297,0.033972
2025-08-27,0.044297,0.082920,0.030807,0.033267
2025-08-28,0.044557,0.083749,0.031151,0.033467
2025-08-29,0.044185,0.083305,0.030945,0.033221
2025-09-01,0.044579,0.084328,0.031309,0.033534
2025-09-02,0.043938,0.082127,0.030517,0.033020
2025-09-03,0.042996,0.081174,0.030182,0.032331
2025-09-04,0.042725,0.079217,0.029332,0.032089
2025-09-05,0.043576,0.080939,0.029959,0.032627
2025-09-08,0.044146,0.081253,0.030022,0.032896
2025-09-09,0.044243,0.081243,0.030053,0.033011
2025-09-10,0.044437,0.081316,0.030057,0.033201
2025-09-11,0.044673,0.082291,0.030397,0.033278
2025-09-12,0.044560,0.082289,0.030375,0.033101
2025-09-15,0.045057,0.082766,0.030543,0.033550
2025-09-16,0.044846,0.083714,0.030783,0.033435
2025-09-17,0.045226,0.083927,0.030772,0.033663
2025-09-18,0.045378,0.083204,0.030504,0.033763
2025-09-19,0.044835,0.082213,0.030081,0.033399
2025-09-22,0.043890,0.082862,0.030224,0.032961
2025-09-23,0.043702,0.082617,0.030232,0.032863
2025-09-24,0.043368,0.082585,0.030281,0.032641
2025-09-25,0.042947,0.082120,0.030018,0.032352
2025-09-26,0.042392,0.080631,0.029440,0.032225
2025-09-29,0.043033,0.081373,0.029847,0.032774
2025-09-30,0.043398,0.081634,0.030042,0.033193
2025-10-09,0.043623,0.082367,0.030266,0.033275
2025-10-10,0.045321,0.082024,0.030036,0.034061
2025-10-13,0.045679,0.082371,0.030151,0.034463
2025-10-14,0.046151,0.081264,0.029616,0.034723
2025-10-15,0.046231,0.081444,0.029621,0.034895
2025-10-16,0.044769,0.080404,0.029251,0.034018
2025-10-17,0.044033,0.078684,0.028482,0.033478
2025-10-20,0.044704,0.079313,0.028720,0.034007
2025-10-21,0.044674,0.080049,0.029035,0.034108
2025-10-22,0.044061,0.079403,0.028665,0.034000
2025-10-23,0.043546,0.078662,0.028428,0.033648
2025-10-24,0.043414,0.078366,0.028263,0.033517
2025-10-27,0.043377,0.078957,0.028372,0.033468
2025-10-28,0.043683,0.079545,0.028518,0.033661
2025-10-29,0.043730,0.079618,0.028567,0.033729
2025-10-30,0.043298,0.078691,0.028297,0.033390
2025-10-31,0.043177,0.078478,0.028235,0.033322
2025-11-03,0.043526,0.079219,0.028513,0.033558
2025-11-04,0.044021,0.079496,0.028778,0.033805
2025-11-05,0.044477,0.080783,0.029330,0.034059
2025-11-06,0.044280,0.080828,0.029302,0.033685
2025-11-07,0.044552,0.081211,0.029501,0.033747
2025-11-10,0.044994,0.082030,0.029790,0.034078
2025-11-11,0.044831,0.082389,0.029936,0.033908
2025-11-12,0.044629,0.081873,0.029771,0.033770
2025-11-13,0.045178,0.083294,0.030350,0.034178
2025-11-14,0.044717,0.082499,0.030092,0.033646
2025-11-17,0.045017,0.083043,0.030268,0.033821
2025-11-18,0.044222,0.080758,0.029297,0.033264
2025-11-19,0.044018,0.079994,0.028967,0.033186
2025-11-20,0.043186,0.079006,0.028591,0.032506
2025-11-21,0.041687,0.075760,0.027291,0.031388
2025-11-24,0.042874,0.076239,0.027286,0.032140
2025-11-25,0.042661,0.076808,0.027270,0.031977
2025-11-26,0.041265,0.075396,0.026705,0.031086
2025-11-27,0.040149,0.074714,0.026228,0.030344
2025-11-28,0.039942,0.075565,0.026340,0.030293
2025-12-01,0.040587,0.075956,0.026453,0.030545
2025-12-02,0.040690,0.076115,0.026694,0.030462
2025-12-03,0.040650,0.075525,0.026407,0.030441
2025-12-04,0.039502,0.074486,0.026078,0.029695
2025-12-05,0.039538,0.075533,0.026392,0.029953
2025-12-08,0.039390,0.076772,0.026730,0.030031
2025-12-09,0.040163,0.076283,0.026616,0.030436
2025-12-10,0.039733,0.076229,0.026692,0.029905
2025-12-11,0.038752,0.074546,0.026117,0.028943
2025-12-12,0.037916,0.074348,0.026089,0.028733
2025-12-15,0.037936,0.073635,0.025847,0.028454
2025-12-16,0.037566,0.072155,0.025255,0.028380
2025-12-17,0.037405,0.071606,0.024936,0.028123
2025-12-18,0.037997,0.071496,0.024950,0.028333
2025-12-19,0.038530,0.072663,0.025288,0.028826
2025-12-22,0.038178,0.072563,0.025317,0.028800
2025-12-23,0.037313,0.071634,0.024965,0.028492
2025-12-24,0.036858,0.072388,0.025208,0.028406
2025-12-25,0.036861,0.072662,0.025305,0.028671
2025-12-26,0.037151,0.073421,0.025592,0.028804
2025-12-29,0.036606,0.073002,0.025449,0.028281
2025-12-30,0.036153,0.072333,0.025245,0.027993
2025-12-31,0.036018,0.072518,0.025441,0.027867
2026-01-05,0.036369,0.072845,0.025654,0.028112
2026-01-06,0.036842,0.073948,0.026183,0.028407
2026-01-07,0.036684,0.074188,0.026313,0.028197
2026-01-08,0.037246,0.075612,0.026886,0.028635
2026-01-09,0.037687,0.076797,0.027295,0.028894
2026-01-12,0.038999,0.079603,0.028400,0.029899
2026-01-13,0.037969,0.077595,0.027629,0.029137
2026-01-14,0.038420,0.078473,0.028010,0.029487
2026-01-15,0.037939,0.076568,0.027228,0.029191
2026-01-16,0.037138,0.075363,0.026729,0.028584
2026-01-19,0.037241,0.075301,0.026687,0.028609
2026-01-20,0.037510,0.075023,0.026580,0.028856
2026-01-21,0.037449,0.075380,0.026741,0.028806
2026-01-22,0.037635,0.075891,0.026900,0.028870
2026-01-23,0.038146,0.077107,0.027350,0.029200
2026-01-26,0.038043,0.076299,0.027128,0.029068
2026-01-27,0.037943,0.076884,0.027350,0.028908
2026-01-28,0.038109,0.077205,0.027516,0.028962
2026-01-29,0.037845,0.076692,0.027313,0.028762
2026-01-30,0.037433,0.075447,0.026872,0.028446
2026-02-02,0.036396,0.072930,0.025778,0.027690
2026-02-03,0.037071,0.074424,0.026308,0.028205
2026-02-04,0.037266,0.074604,0.026287,0.028348
2026-02-05,0.036266,0.073456,0.025832,0.027623
2026-02-06,0.036453,0.073506,0.025937,0.027637
2026-02-09,0.037138,0.074697,0.026474,0.028186
2026-02-10,0.036816,0.074137,0.026357,0.027985
2026-02-11,0.036846,0.073654,0.026309,0.027872
2026-02-12,0.036414,0.073415,0.026238,0.027561
2026-02-13,0.036075,0.072225,0.025780,0.027300
2026-02-24,0.036506,0.072910,0.026135,0.027749
2026-02-25,0.036459,0.073376,0.026250,0.027855
2026-02-26,0.036916,0.074288,0.026710,0.028255
2026-02-27,0.037184,0.075174,0.027028,0.028465
2026-03-02,0.036739,0.075444,0.027098,0.028194
2026-03-03,0.035702,0.073313,0.026301,0.027768
2026-03-04,0.036373,0.073432,0.026460,0.027401
2026-03-05,0.036160,0.073265,0.026346,0.027004
2026-03-06,0.036427,0.073589,0.026337,0.027137
2026-03-09,0.037091,0.073900,0.026525,0.027496
2026-03-10,0.037234,0.074013,0.026537,0.027607
2026-03-11,0.037875,0.074544,0.026793,0.028017
2026-03-12,0.037951,0.074149,0.026719,0.028120
2026-03-13,0.037168,0.072484,0.026047,0.027579
2026-03-16,0.037535,0.072412,0.025961,0.027878
2026-03-17,0.037523,0.071386,0.025670,0.027901
2026-03-18,0.037795,0.071554,0.025712,0.028100
2026-03-19,0.037697,0.070523,0.025453,0.028004
2026-03-20,0.036668,0.068790,0.024955,0.027249
2026-03-23,0.036011,0.066657,0.024235,0.026873
2026-03-24,0.037043,0.068499,0.025055,0.027480
2026-03-25,0.038714,0.070089,0.025801,0.028377
2026-03-26,0.037292,0.068990,0.025358,0.027891
2026-03-27,0.038134,0.069477,0.025439,0.028281
2026-03-30,0.037691,0.069564,0.025313,0.027952
2026-03-31,0.038004,0.068608,0.024790,0.028185
2026-04-01,0.037531,0.068807,0.024777,0.027834
2026-04-02,0.037587,0.068366,0.024560,0.027876
2026-04-03,0.036360,0.066876,0.023845,0.027342
2026-04-07,0.037378,0.067369,0.024069,0.027956
2026-04-08,0.037420,0.068657,0.024586,0.027987
2026-04-09,0.037230,0.068798,0.024571,0.028826
2026-04-10,0.037650,0.068436,0.024208,0.029343
2026-04-13,0.036755,0.068791,0.024247,0.029371
2026-04-14,0.036623,0.069409,0.024345,0.029268
2026-04-15,0.035566,0.068925,0.024243,0.028667
2026-04-16,0.035272,0.070231,0.024702,0.028266
2026-04-17,0.035577,0.071052,0.024962,0.028493
2026-04-20,0.036306,0.071758,0.025039,0.029377
2026-04-21,0.036578,0.071629,0.025009,0.029444
2026-04-22,0.037282,0.072581,0.025467,0.029638
2026-04-23,0.037774,0.071943,0.025291,0.030010
2026-04-24,0.037119,0.071335,0.025112,0.029729
2026-04-27,0.036755,0.071652,0.025138,0.029302
2026-04-28,0.036580,0.071237,0.024995,0.029171
2026-04-29,0.036790,0.071827,0.025200,0.029228
2026-04-30,0.036748,0.071855,0.025197,0.029171
2026-05-06,0.037321,0.073590,0.025857,0.029686
2026-05-07,0.037672,0.074818,0.026335,0.030011
2026-05-08,0.037909,0.075343,0.026488,0.030223
2026-05-11,0.038356,0.076603,0.027005,0.030548
2026-05-12,0.037905,0.076103,0.026849,0.030311
2026-05-13,0.038287,0.077332,0.027350,0.030602
2026-05-14,0.037949,0.075942,0.026953,0.030339
2026-05-15,0.037854,0.075416,0.026649,0.030225
2026-05-18,0.037938,0.075739,0.026881,0.030274
2026-05-19,0.037955,0.076298,0.027103,0.030328
2026-05-20,0.037820,0.076156,0.027168,0.030191
2026-05-21,0.037240,0.074041,0.026350,0.029731
2026-05-22,0.037418,0.075452,0.026980,0.029938
2026-05-25,0.037637,0.076221,0.027254,0.030274
2026-05-26,0.037181,0.075545,0.026832,0.029942
2026-05-27,0.036161,0.074326,0.026486,0.029050
2026-05-28,0.035503,0.075028,0.026880,0.028501
2026-05-29,0.034877,0.073419,0.026059,0.028061
2026-06-01,0.034770,0.072803,0.025706,0.028423
2026-06-02,0.034562,0.073415,0.026274,0.028543
2026-06-03,0.036150,0.073611,0.026560,0.029833
2026-06-04,0.035893,0.073533,0.026920,0.029537
2026-06-05,0.034812,0.072734,0.026460,0.028728
2026-06-08,0.033133,0.070668,0.025559,0.027342
2026-06-09,0.033788,0.071622,0.026276,0.027883
2026-06-10,0.032289,0.070755,0.025830,0.026645
2026-06-11,0.031774,0.070178,0.025540,0.026221
2026-06-12,0.031912,0.069359,0.025064,0.026335
2026-06-15,0.030755,0.070807,0.025891,0.025380
2026-06-16,0.030456,0.071948,0.026685,0.025133
2026-06-17,0.030456,0.072637,0.027104,0.025133
2026-06-18,0.030456,0.072889,0.027459,0.025133
2026-06-22,0.030456,0.074248,0.028234,0.025133
2026-06-23,0.030456,0.072797,0.027151,0.025133
2026-06-24,0.030456,0.073663,0.027758,0.024305
2026-06-25,0.029224,0.073966,0.028220,0.023324
2026-06-26,0.028358,0.072305,0.027780,0.023100
2026-06-29,0.028357,0.071795,0.027461,0.023100
2026-06-30,0.028357,0.072881,0.027853,0.023100
2026-07-01,0.028357,0.073609,0.028107,0.023100
2026-07-02,0.028357,0.071561,0.027048,0.023100
2026-07-03,0.028357,0.070945,0.026633,0.023100
2026-07-06,0.028357,0.070097,0.026184,0.023100
2026-07-07,0.028357,0.068283,0.025690,0.024247
2026-07-08,0.031476,0.066827,0.025166,0.026679
2026-07-09,0.030869,0.067025,0.025581,0.026165
2026-07-10,0.030427,0.067268,0.025645,0.025791
2026-07-13,0.030611,0.065299,0.025044,0.025946
2026-07-14,0.031605,0.065233,0.024964,0.026788
2026-07-15,0.028441,0.064797,0.024892,0.025750
2026-07-16,0.027037,0.063760,0.024355,0.024978
2026-07-17,0.025677,0.061287,0.022983,0.023617
2026-07-20,0.025763,0.060794,0.022592,0.023695
2026-07-21,0.025302,0.060132,0.022531,0.023271
2026-07-22,0.025452,0.060794,0.022662,0.023410
2026-07-23,0.025636,0.060370,0.022360,0.023579
2026-07-24,0.024458,0.058350,0.021457,0.022736
2026-07-27,0.024623,0.059319,0.021635,0.022693
2026-07-28,0.024054,0.058573,0.021351,0.022332
2026-07-29,0.024434,0.058811,0.021306,0.022658
2026-07-30,0.024037,0.057609,0.020984,0.022546
2026-07-31,0.024495,0.058935,0.021428,0.022830
2026-08-03,0.024639,0.059323,0.021397,0.022985
2026-08-04,0.024575,0.060383,0.021707,0.022896
2026-08-05,0.024606,0.061532,0.021973,0.022853
2026-08-06,0.024241,0.061929,0.021729,0.022514
2026-08-07,0.024046,0.062533,0.021645,0.022239
2026-08-10,0.024372,0.063299,0.021979,0.022622
2026-08-11,0.024178,0.063077,0.021861,0.022484
2026-08-12,0.024726,0.064112,0.022101,0.022882
2026-08-13,0.024413,0.063432,0.021819,0.022487
2026-08-14,0.024044,0.063320,0.021608,0.022124
2026-08-17,0.024320,0.064467,0.021817,0.022384
